{
  "pdf_path": "EffectofmetoprololCR-XLinchronicheartfailure.pdf",
  "pdf_name": "EffectofmetoprololCR-XLinchronicheartfailure.pdf",
  "hr": 0.722,
  "ci_lower": 0.523,
  "ci_upper": 0.997,
  "p_value": null,
  "hr_method": "text_hr_match",
  "ipd_arm1": {
    "arm_label": "treatment",
    "arm_index": 1,
    "n_patients": 87,
    "n_events": 75,
    "n_censored": 12,
    "n_records": 87
  },
  "ipd_arm2": {
    "arm_label": "control",
    "arm_index": 0,
    "n_patients": 92,
    "n_events": 80,
    "n_censored": 12,
    "n_records": 92
  },
  "total_ipd_records": 179,
  "curve1_times": [
    0.0,
    0.0,
    0.0,
    0.0,
    0.0,
    0.0,
    0.0,
    0.0,
    0.0,
    0.0
  ],
  "curve1_times_length": 982,
  "curve1_survivals": [
    0.836894586894587,
    0.836894586894587,
    0.836894586894587,
    0.836894586894587,
    0.8101851851851851,
    0.8105413105413105,
    0.8105413105413105,
    0.8105413105413105,
    0.7845441595441596,
    0.7845441595441596
  ],
  "curve1_survivals_length": 982,
  "curve2_times": [
    0.0,
    0.0,
    0.0,
    0.0,
    0.0,
    0.0,
    0.0,
    0.0,
    0.0,
    0.0
  ],
  "curve2_times_length": 978,
  "curve2_survivals": [
    0.9477756286266925,
    0.9477756286266925,
    0.9501934235976789,
    0.9487427466150871,
    0.9545454545454546,
    0.9153771760154739,
    0.9153771760154739,
    0.9158607350096711,
    0.9153771760154739,
    0.9158607350096711
  ],
  "curve2_survivals_length": 978,
  "confidence": 0.9,
  "orientation_method": "text_hr_match",
  "text_hr": 0.66,
  "n_curves_found": 6,
  "n_pages_scanned": 7,
  "processing_time_s": 83.97,
  "warnings": [],
  "certification_status": "UNCERTIFIED",
  "pipeline_version": "1.0",
  "timestamp": "2026-02-14T12:56:33.790358+00:00"
}