{
  "pdf_path": "euaf066.pdf",
  "pdf_name": "euaf066.pdf",
  "hr": 1.476,
  "ci_lower": null,
  "ci_upper": null,
  "p_value": null,
  "hr_method": "derived_hr_fallback",
  "ipd_arm1": {
    "arm_label": "treatment",
    "arm_index": 1,
    "n_patients": 45,
    "n_events": 32,
    "n_censored": 13,
    "n_records": 45
  },
  "ipd_arm2": {
    "arm_label": "control",
    "arm_index": 0,
    "n_patients": 74,
    "n_events": 64,
    "n_censored": 10,
    "n_records": 74
  },
  "total_ipd_records": 119,
  "curve1_times": [
    0.0,
    0.0,
    0.0,
    0.0,
    0.0,
    0.0,
    0.0,
    0.0,
    0.0,
    0.0
  ],
  "curve1_times_length": 1030,
  "curve1_survivals": [
    0.8872950819672131,
    0.8872950819672131,
    0.8872950819672131,
    0.35040983606557374,
    0.3739754098360656,
    0.40573770491803274,
    0.4098360655737705,
    0.4072745901639344,
    0.4088114754098361,
    0.4072745901639344
  ],
  "curve1_survivals_length": 1030,
  "curve2_times": [
    0.09357798165137615,
    0.0944954128440367,
    0.09541284403669725,
    0.0963302752293578,
    0.09724770642201835,
    0.0981651376146789,
    0.09908256880733946,
    0.1,
    0.10091743119266056,
    0.1018348623853211
  ],
  "curve2_times_length": 988,
  "curve2_survivals": [
    0.9682779456193353,
    0.9682779456193353,
    0.9682779456193353,
    0.9682779456193353,
    0.9682779456193353,
    0.9682779456193353,
    0.9682779456193353,
    0.9682779456193353,
    0.9682779456193353,
    0.9860271903323263
  ],
  "curve2_survivals_length": 988,
  "confidence": 0.6,
  "orientation_method": "derived_hr_fallback",
  "text_hr": 1.476,
  "n_curves_found": 11,
  "n_pages_scanned": 8,
  "processing_time_s": 215.45,
  "warnings": [
    "Used derived HR from event rates (curve extraction failed: 1.303 vs derived 1.476)"
  ],
  "certification_status": "UNCERTIFIED",
  "pipeline_version": "1.3",
  "timestamp": "2026-02-14T23:21:05.294299+00:00"
}