{
  "pdf_path": "NEJMoa0802987.pdf",
  "pdf_name": "NEJMoa0802987.pdf",
  "hr": 0.935,
  "ci_lower": 0.54,
  "ci_upper": 1.617,
  "p_value": null,
  "hr_method": "text_hr_match",
  "ipd_arm1": {
    "arm_label": "treatment",
    "arm_index": 1,
    "n_patients": 70,
    "n_events": 59,
    "n_censored": 11,
    "n_records": 70
  },
  "ipd_arm2": {
    "arm_label": "control",
    "arm_index": 0,
    "n_patients": 28,
    "n_events": 18,
    "n_censored": 10,
    "n_records": 28
  },
  "total_ipd_records": 98,
  "curve1_times": [
    0.04474708171206226,
    0.045233463035019454,
    0.04571984435797665,
    0.046206225680933855,
    0.04669260700389105,
    0.04717898832684825,
    0.047665369649805445,
    0.04815175097276265,
    0.048638132295719845,
    0.04912451361867704
  ],
  "curve1_times_length": 864,
  "curve1_survivals": [
    0.6635514018691588,
    0.6666666666666667,
    0.6682242990654206,
    0.6697819314641744,
    0.6744548286604362,
    0.6791277258566979,
    0.6822429906542056,
    0.6853582554517135,
    0.6884735202492211,
    0.691588785046729
  ],
  "curve1_survivals_length": 864,
  "curve2_times": [
    0.0,
    0.0,
    0.0,
    0.0,
    0.0,
    0.0,
    0.0,
    0.0,
    0.0,
    0.0
  ],
  "curve2_times_length": 1744,
  "curve2_survivals": [
    0.6216666666666666,
    0.6216666666666666,
    0.6216666666666666,
    0.0,
    0.8372222222222222,
    0.8372222222222222,
    0.8372222222222222,
    0.0,
    0.0,
    0.0
  ],
  "curve2_survivals_length": 1744,
  "confidence": 0.95,
  "orientation_method": "text_hr_match",
  "text_hr": 0.86,
  "n_curves_found": 2,
  "n_pages_scanned": 12,
  "processing_time_s": 97.48,
  "warnings": [],
  "certification_status": "UNCERTIFIED",
  "pipeline_version": "1.0",
  "timestamp": "2026-02-14T13:02:25.758923+00:00"
}