{
  "pdf_path": "NEJMoa2206286.pdf",
  "pdf_name": "NEJMoa2206286.pdf",
  "hr": 0.594,
  "ci_lower": 0.418,
  "ci_upper": 0.844,
  "p_value": null,
  "hr_method": "text_hr_match",
  "ipd_arm1": {
    "arm_label": "treatment",
    "arm_index": 1,
    "n_patients": 100,
    "n_events": 70,
    "n_censored": 30,
    "n_records": 100
  },
  "ipd_arm2": {
    "arm_label": "control",
    "arm_index": 0,
    "n_patients": 99,
    "n_events": 67,
    "n_censored": 32,
    "n_records": 99
  },
  "total_ipd_records": 199,
  "curve1_times": [
    0.11624513618677043,
    0.11673151750972763,
    0.11721789883268482,
    0.11770428015564202,
    0.11819066147859922,
    0.11867704280155641,
    0.11916342412451363,
    0.11964980544747082,
    0.12013618677042802,
    0.12062256809338522
  ],
  "curve1_times_length": 431,
  "curve1_survivals": [
    0.9777777777777777,
    0.6706349206349207,
    0.3650793650793651,
    0.36349206349206353,
    0.36230158730158735,
    0.9726190476190476,
    0.9714285714285714,
    0.9686507936507937,
    0.9674603174603175,
    0.9623015873015873
  ],
  "curve1_survivals_length": 431,
  "curve2_times": [
    0.09922178988326848,
    0.09970817120622569,
    0.10019455252918288,
    0.10068093385214008,
    0.10116731517509728,
    0.10165369649805447,
    0.10214007782101167,
    0.10262645914396887,
    0.10311284046692606,
    0.10359922178988328
  ],
  "curve2_times_length": 421,
  "curve2_survivals": [
    0.9773809523809524,
    0.3503968253968254,
    0.3496031746031746,
    0.3492063492063492,
    0.3484126984126984,
    0.348015873015873,
    0.3492063492063492,
    0.348015873015873,
    0.3464285714285714,
    0.34484126984126984
  ],
  "curve2_survivals_length": 421,
  "confidence": 0.8,
  "orientation_method": "text_hr_match",
  "text_hr": 0.82,
  "n_curves_found": 2,
  "n_pages_scanned": 10,
  "processing_time_s": 71.51,
  "warnings": [
    "Text HR match weak: extracted 0.594 vs text 0.82 (log-err=0.322)"
  ],
  "certification_status": "UNCERTIFIED",
  "pipeline_version": "1.0",
  "timestamp": "2026-02-14T12:48:22.143736+00:00"
}