{
  "pdf_path": "NEJMoa2307563.pdf",
  "pdf_name": "NEJMoa2307563.pdf",
  "hr": 0.73,
  "ci_lower": 0.476,
  "ci_upper": 1.121,
  "p_value": null,
  "hr_method": "text_hr_match",
  "ipd_arm1": {
    "arm_label": "treatment",
    "arm_index": 1,
    "n_patients": 57,
    "n_events": 43,
    "n_censored": 14,
    "n_records": 57
  },
  "ipd_arm2": {
    "arm_label": "control",
    "arm_index": 0,
    "n_patients": 55,
    "n_events": 44,
    "n_censored": 11,
    "n_records": 55
  },
  "total_ipd_records": 112,
  "curve1_times": [
    0.11138132295719845,
    0.11186770428015565,
    0.11235408560311284,
    0.11284046692607004,
    0.11332684824902724,
    0.11381322957198443,
    0.11429961089494163,
    0.11478599221789883,
    0.11527237354085604,
    0.11575875486381323
  ],
  "curve1_times_length": 1308,
  "curve1_survivals": [
    0.772218952324897,
    0.8387286639199529,
    0.7728075338434373,
    0.773984696880518,
    0.772218952324897,
    0.6680400235432608,
    0.6032960565038258,
    0.5997645673925839,
    0.633313713949382,
    0.6668628605061802
  ],
  "curve1_survivals_length": 1308,
  "curve2_times": [
    0.11138132295719845,
    0.11186770428015565,
    0.11235408560311284,
    0.11284046692607004,
    0.11332684824902724,
    0.11381322957198443,
    0.11429961089494163,
    0.11478599221789883,
    0.11527237354085604,
    0.11575875486381323
  ],
  "curve2_times_length": 794,
  "curve2_survivals": [
    0.7834020011771631,
    0.7728075338434373,
    0.7945850500294291,
    0.7945850500294291,
    0.7104178928781637,
    0.772218952324897,
    0.6621542083578575,
    0.5385520894643908,
    0.633313713949382,
    0.6038846380223661
  ],
  "curve2_survivals_length": 794,
  "confidence": 0.95,
  "orientation_method": "text_hr_match",
  "text_hr": 0.8,
  "n_curves_found": 4,
  "n_pages_scanned": 12,
  "processing_time_s": 77.66,
  "warnings": [],
  "certification_status": "UNCERTIFIED",
  "pipeline_version": "1.0",
  "timestamp": "2026-02-14T12:49:39.809530+00:00"
}