{
  "pdf_path": "Pioneer AF.pdf",
  "pdf_name": "Pioneer AF.pdf",
  "hr": 0.565,
  "ci_lower": 0.367,
  "ci_upper": 0.87,
  "p_value": null,
  "hr_method": "text_hr_match",
  "ipd_arm1": {
    "arm_label": "treatment",
    "arm_index": 1,
    "n_patients": 63,
    "n_events": 50,
    "n_censored": 13,
    "n_records": 63
  },
  "ipd_arm2": {
    "arm_label": "control",
    "arm_index": 0,
    "n_patients": 57,
    "n_events": 46,
    "n_censored": 11,
    "n_records": 57
  },
  "total_ipd_records": 120,
  "curve1_times": [
    0.11138132295719845,
    0.11186770428015565,
    0.11235408560311284,
    0.11284046692607004,
    0.11332684824902724,
    0.1293774319066148,
    0.129863813229572,
    0.1303501945525292,
    0.13180933852140078,
    0.13229571984435798
  ],
  "curve1_times_length": 385,
  "curve1_survivals": [
    0.549618320610687,
    0.549618320610687,
    0.549618320610687,
    0.4229007633587786,
    0.4229007633587786,
    0.27938931297709924,
    0.5938931297709924,
    0.5938931297709924,
    0.3648854961832061,
    0.3648854961832061
  ],
  "curve1_survivals_length": 385,
  "curve2_times": [
    0.11138132295719845,
    0.11186770428015565,
    0.11235408560311284,
    0.11284046692607004,
    0.11332684824902724,
    0.11624513618677043,
    0.11673151750972763,
    0.11721789883268482,
    0.11964980544747082,
    0.12013618677042802
  ],
  "curve2_times_length": 954,
  "curve2_survivals": [
    0.549618320610687,
    0.549618320610687,
    0.5374045801526717,
    0.5374045801526717,
    0.5374045801526717,
    0.0778625954198473,
    0.0778625954198473,
    0.0778625954198473,
    0.3908396946564886,
    0.3908396946564886
  ],
  "curve2_survivals_length": 954,
  "confidence": 0.85,
  "orientation_method": "text_hr_match",
  "text_hr": 0.59,
  "n_curves_found": 5,
  "n_pages_scanned": 12,
  "processing_time_s": 113.51,
  "warnings": [],
  "certification_status": "UNCERTIFIED",
  "pipeline_version": "1.0",
  "timestamp": "2026-02-14T13:00:48.240175+00:00"
}