{
  "pdf_path": "schmidt-et-al-laser-balloon-or-wide-area-circumferential-irrigated-radiofrequency-ablation-for-persistent-atrial.pdf",
  "pdf_name": "schmidt-et-al-laser-balloon-or-wide-area-circumferential-irrigated-radiofrequency-ablation-for-persistent-atrial.pdf",
  "hr": 0.919,
  "ci_lower": 0.593,
  "ci_upper": 1.426,
  "p_value": null,
  "hr_method": "derived_hr_match",
  "ipd_arm1": {
    "arm_label": "treatment",
    "arm_index": 1,
    "n_patients": 111,
    "n_events": 110,
    "n_censored": 1,
    "n_records": 111
  },
  "ipd_arm2": {
    "arm_label": "control",
    "arm_index": 0,
    "n_patients": 42,
    "n_events": 30,
    "n_censored": 12,
    "n_records": 42
  },
  "total_ipd_records": 153,
  "curve1_times": [
    0.05083088954056696,
    0.05180840664711633,
    0.05278592375366569,
    0.053763440860215055,
    0.07331378299120235,
    0.07429130009775171,
    0.07526881720430108,
    0.09579667644183773,
    0.0967741935483871,
    0.09775171065493646
  ],
  "curve1_times_length": 800,
  "curve1_survivals": [
    1.0,
    1.0,
    1.0,
    1.0,
    1.0,
    1.0,
    1.0,
    1.0,
    1.0,
    1.0
  ],
  "curve1_survivals_length": 800,
  "curve2_times": [
    0.0,
    0.0,
    0.0,
    0.0,
    0.0,
    0.0,
    0.0,
    0.0,
    0.0,
    0.0
  ],
  "curve2_times_length": 820,
  "curve2_survivals": [
    0.9545454545454546,
    0.9512987012987013,
    0.9577922077922078,
    0.948051948051948,
    0.9448051948051948,
    0.9188311688311688,
    0.9058441558441559,
    0.8831168831168831,
    0.8766233766233766,
    0.8733766233766234
  ],
  "curve2_survivals_length": 820,
  "confidence": 0.6,
  "orientation_method": "derived_hr_match",
  "text_hr": 0.926,
  "n_curves_found": 18,
  "n_pages_scanned": 10,
  "processing_time_s": 94.73,
  "warnings": [],
  "certification_status": "UNCERTIFIED",
  "pipeline_version": "1.0",
  "timestamp": "2026-02-14T12:45:41.108207+00:00"
}