{
  "pdf_path": "TheLancet1999Investigators.pdf",
  "pdf_name": "TheLancet1999Investigators.pdf",
  "hr": 0.616,
  "ci_lower": 0.424,
  "ci_upper": 0.894,
  "p_value": null,
  "hr_method": "text_hr_match",
  "ipd_arm1": {
    "arm_label": "treatment",
    "arm_index": 1,
    "n_patients": 46,
    "n_events": 36,
    "n_censored": 10,
    "n_records": 46
  },
  "ipd_arm2": {
    "arm_label": "control",
    "arm_index": 0,
    "n_patients": 99,
    "n_events": 86,
    "n_censored": 13,
    "n_records": 99
  },
  "total_ipd_records": 145,
  "curve1_times": [
    0.0,
    0.0,
    0.0,
    0.0,
    0.0,
    0.0,
    0.0,
    0.0,
    0.0,
    0.0
  ],
  "curve1_times_length": 903,
  "curve1_survivals": [
    0.6727207977207977,
    0.6727207977207977,
    0.6727207977207977,
    0.5576923076923077,
    0.5576923076923077,
    0.5576923076923077,
    0.7827635327635327,
    0.7827635327635327,
    0.7827635327635327,
    0.49821937321937326
  ],
  "curve1_survivals_length": 903,
  "curve2_times": [
    0.0,
    0.0,
    0.0,
    0.0,
    0.0,
    0.0,
    0.0,
    0.0,
    0.0,
    0.0
  ],
  "curve2_times_length": 992,
  "curve2_survivals": [
    1.0,
    1.0,
    1.0,
    1.0,
    1.0,
    1.0,
    1.0,
    1.0,
    1.0,
    1.0
  ],
  "curve2_survivals_length": 992,
  "confidence": 0.95,
  "orientation_method": "text_hr_match",
  "text_hr": 0.66,
  "n_curves_found": 2,
  "n_pages_scanned": 5,
  "processing_time_s": 54.68,
  "warnings": [],
  "certification_status": "UNCERTIFIED",
  "pipeline_version": "1.0",
  "timestamp": "2026-02-14T13:03:20.473681+00:00"
}