{
  "pdf_path": "andrade-et-al-cryoballoon-or-radiofrequency-ablation-for-atrial-fibrillation-assessed-by-continuous-monitoring.pdf",
  "pdf_name": "andrade-et-al-cryoballoon-or-radiofrequency-ablation-for-atrial-fibrillation-assessed-by-continuous-monitoring.pdf",
  "hr": 1.033,
  "ci_lower": 0.729,
  "ci_upper": 1.462,
  "p_value": null,
  "hr_method": "text_hr_match",
  "ipd_arm1": {
    "arm_label": "treatment",
    "arm_index": 1,
    "n_patients": 67,
    "n_events": 56,
    "n_censored": 11,
    "n_records": 67
  },
  "ipd_arm2": {
    "arm_label": "control",
    "arm_index": 0,
    "n_patients": 88,
    "n_events": 77,
    "n_censored": 11,
    "n_records": 88
  },
  "total_ipd_records": 155,
  "curve1_times": [
    0.0,
    0.0,
    0.0,
    0.0,
    0.0,
    0.0,
    0.0,
    0.0,
    0.0,
    0.0
  ],
  "curve1_times_length": 2051,
  "curve1_survivals": [
    0.8361310951239009,
    0.8361310951239009,
    0.9304556354916067,
    0.920863309352518,
    0.9168665067945644,
    0.9168665067945644,
    0.9024780175859313,
    0.8681055155875299,
    0.8681055155875299,
    0.8361310951239009
  ],
  "curve1_survivals_length": 2051,
  "curve2_times": [
    0.0,
    0.0,
    0.0,
    0.0,
    0.0,
    0.0,
    0.0,
    0.0,
    0.0,
    0.0
  ],
  "curve2_times_length": 2021,
  "curve2_survivals": [
    0.8361310951239009,
    0.8745003996802558,
    0.8713029576338929,
    0.8713029576338929,
    0.9024780175859313,
    0.8832933653077538,
    0.8369304556354916,
    0.8681055155875299,
    0.8689048760991207,
    0.8681055155875299
  ],
  "curve2_survivals_length": 2021,
  "confidence": 0.9,
  "orientation_method": "text_hr_match",
  "text_hr": 1.08,
  "n_curves_found": 16,
  "n_pages_scanned": 10,
  "processing_time_s": 99.35,
  "warnings": [],
  "certification_status": "UNCERTIFIED",
  "pipeline_version": "1.0",
  "timestamp": "2026-02-13T22:36:30.882503+00:00"
}