{
  "pdf_path": "C:\\Users\\user\\Downloads\\Ablation\\andrade-et-al-cryoballoon-or-radiofrequency-ablation-for-atrial-fibrillation-assessed-by-continuous-monitoring.pdf",
  "pdf_name": "andrade-et-al-cryoballoon-or-radiofrequency-ablation-for-atrial-fibrillation-assessed-by-continuous-monitoring.pdf",
  "hr": 1.075,
  "ci_lower": 0.775,
  "ci_upper": 1.491,
  "p_value": null,
  "hr_method": "text_hr_match",
  "ipd_arm1": {
    "arm_label": "treatment",
    "arm_index": 1,
    "n_patients": 83,
    "n_events": 73,
    "n_censored": 10,
    "n_records": 83
  },
  "ipd_arm2": {
    "arm_label": "control",
    "arm_index": 0,
    "n_patients": 83,
    "n_events": 72,
    "n_censored": 11,
    "n_records": 83
  },
  "total_ipd_records": 166,
  "curve1_times": [
    0.033192910204399746,
    0.03360310434928852,
    0.034013298494177294,
    0.03442349263906607,
    0.03483368678395485,
    0.035243880928843625,
    0.0356540750737324,
    0.03606426921862117,
    0.03647446336350995,
    0.03688465750839873
  ],
  "curve1_times_length": 2051,
  "curve1_survivals": [
    0.7893968497887054,
    0.7893968497887054,
    0.8649506979126649,
    0.8572672557305673,
    0.8540658214880267,
    0.8540658214880267,
    0.8425406582148803,
    0.8150083237290306,
    0.8150083237290306,
    0.7893968497887054
  ],
  "curve1_survivals_length": 2051,
  "curve2_times": [
    0.034013298494177294,
    0.03442349263906607,
    0.03483368678395485,
    0.035243880928843625,
    0.0356540750737324,
    0.03606426921862117,
    0.03647446336350995,
    0.03688465750839873,
    0.037294851653287504,
    0.03770504579817628
  ],
  "curve2_times_length": 2021,
  "curve2_survivals": [
    0.7893968497887054,
    0.8201306185170957,
    0.8175694711230631,
    0.8175694711230631,
    0.8425406582148803,
    0.8271737738506851,
    0.7900371366372134,
    0.8150083237290306,
    0.8156486105775387,
    0.8150083237290306
  ],
  "curve2_survivals_length": 2021,
  "confidence": 0.9,
  "orientation_method": "text_hr_match",
  "text_hr": 1.08,
  "n_curves_found": 18,
  "n_pages_scanned": 10,
  "processing_time_s": 234.31,
  "warnings": [],
  "certification_status": "UNCERTIFIED",
  "pipeline_version": "1.0",
  "timestamp": "2026-02-13T18:26:26.922915+00:00"
}