{
  "pdf_path": "Cardiovasc electrophysiol - 2023 - Mililis - Radiofrequency versus cryoballoon catheter ablation in patients with.pdf",
  "pdf_name": "Cardiovasc electrophysiol - 2023 - Mililis - Radiofrequency versus cryoballoon catheter ablation in patients with.pdf",
  "hr": 0.972,
  "ci_lower": 0.684,
  "ci_upper": 1.38,
  "p_value": null,
  "hr_method": "closest_to_1",
  "ipd_arm1": {
    "arm_label": "treatment",
    "arm_index": 1,
    "n_patients": 100,
    "n_events": 89,
    "n_censored": 11,
    "n_records": 100
  },
  "ipd_arm2": {
    "arm_label": "control",
    "arm_index": 0,
    "n_patients": 100,
    "n_events": 90,
    "n_censored": 10,
    "n_records": 100
  },
  "total_ipd_records": 200,
  "curve1_times": [
    0.10884668828161186,
    0.10930986567855489,
    0.10977304307549791,
    0.11023622047244094,
    0.11069939786938397,
    0.111162575266327,
    0.11162575266327003,
    0.11208893006021306,
    0.11255210745715609,
    0.11301528485409912
  ],
  "curve1_times_length": 1508,
  "curve1_survivals": [
    0.9861751152073732,
    0.9861751152073732,
    1.0,
    1.0,
    1.0,
    1.0,
    1.0,
    1.0,
    1.0,
    1.0
  ],
  "curve1_survivals_length": 1508,
  "curve2_times": [
    0.10977304307549791,
    0.11023622047244094,
    0.111162575266327,
    0.11162575266327003,
    0.11208893006021306,
    0.11255210745715609,
    0.11347846225104215,
    0.11394163964798518,
    0.1144048170449282,
    0.11486799444187124
  ],
  "curve2_times_length": 1195,
  "curve2_survivals": [
    0.9861751152073732,
    0.9861751152073732,
    0.9861751152073732,
    0.9861751152073732,
    0.9861751152073732,
    0.9861751152073732,
    0.9861751152073732,
    0.9861751152073732,
    0.9861751152073732,
    0.9861751152073732
  ],
  "curve2_survivals_length": 1195,
  "confidence": 0.6,
  "orientation_method": "closest_to_1",
  "text_hr": null,
  "n_curves_found": 9,
  "n_pages_scanned": 6,
  "processing_time_s": 48.07,
  "warnings": [
    "No text HR found; orientation resolved by closest-to-1.0 prior (less reliable for extreme HRs)"
  ],
  "certification_status": "UNCERTIFIED",
  "pipeline_version": "1.0",
  "timestamp": "2026-02-13T22:33:58.851143+00:00"
}