{
  "pdf_path": "C:\\Users\\user\\Downloads\\Ablation\\Cardiovasc electrophysiol - 2023 - Mililis - Radiofrequency versus cryoballoon catheter ablation in patients with.pdf",
  "pdf_name": "Cardiovasc electrophysiol - 2023 - Mililis - Radiofrequency versus cryoballoon catheter ablation in patients with.pdf",
  "hr": 1.003,
  "ci_lower": 0.726,
  "ci_upper": 1.384,
  "p_value": null,
  "hr_method": "closest_to_1",
  "ipd_arm1": {
    "arm_label": "treatment",
    "arm_index": 1,
    "n_patients": 83,
    "n_events": 72,
    "n_censored": 11,
    "n_records": 83
  },
  "ipd_arm2": {
    "arm_label": "control",
    "arm_index": 0,
    "n_patients": 89,
    "n_events": 77,
    "n_censored": 12,
    "n_records": 89
  },
  "total_ipd_records": 172,
  "curve1_times": [
    0.1745032992458291,
    0.174906383647672,
    0.1753094680495149,
    0.1757125524513578,
    0.1761156368532007,
    0.17651872125504361,
    0.1769218056568865,
    0.17732489005872942,
    0.1777279744605723,
    0.1781310588624152
  ],
  "curve1_times_length": 1508,
  "curve1_survivals": [
    0.9093631379164909,
    0.9093631379164909,
    0.9473218051455082,
    0.9473218051455082,
    0.9483762125685364,
    0.9473218051455082,
    0.9473218051455082,
    0.9473218051455082,
    0.9473218051455082,
    0.9483762125685364
  ],
  "curve1_survivals_length": 1508,
  "curve2_times": [
    0.1753094680495149,
    0.1757125524513578,
    0.17651872125504361,
    0.1769218056568865,
    0.17732489005872942,
    0.1777279744605723,
    0.17853414326425812,
    0.178937227666101,
    0.17934031206794393,
    0.17974339646978682
  ],
  "curve2_times_length": 1195,
  "curve2_survivals": [
    0.9093631379164909,
    0.9093631379164909,
    0.9093631379164909,
    0.9093631379164909,
    0.9093631379164909,
    0.9093631379164909,
    0.9093631379164909,
    0.9093631379164909,
    0.9093631379164909,
    0.9093631379164909
  ],
  "curve2_survivals_length": 1195,
  "confidence": 0.7,
  "orientation_method": "closest_to_1",
  "text_hr": null,
  "n_curves_found": 11,
  "n_pages_scanned": 6,
  "processing_time_s": 98.37,
  "warnings": [
    "No text HR found; orientation resolved by closest-to-1.0 prior (less reliable for extreme HRs)"
  ],
  "certification_status": "UNCERTIFIED",
  "pipeline_version": "1.0",
  "timestamp": "2026-02-13T18:20:40.479240+00:00"
}