{
  "pdf_path": "C:\\Users\\user\\Downloads\\Ablation\\chun-et-al-cryoballoon-versus-laserballoon.pdf",
  "pdf_name": "chun-et-al-cryoballoon-versus-laserballoon.pdf",
  "hr": 0.811,
  "ci_lower": 0.496,
  "ci_upper": 1.327,
  "p_value": null,
  "hr_method": "derived_hr_match",
  "ipd_arm1": {
    "arm_label": "treatment",
    "arm_index": 1,
    "n_patients": 34,
    "n_events": 23,
    "n_censored": 11,
    "n_records": 34
  },
  "ipd_arm2": {
    "arm_label": "control",
    "arm_index": 0,
    "n_patients": 76,
    "n_events": 64,
    "n_censored": 12,
    "n_records": 76
  },
  "total_ipd_records": 110,
  "curve1_times": [
    0.034364317509242785,
    0.0351840769918106,
    0.036003836474378416,
    0.03682359595694623,
    0.03764335543951405,
    0.03846311492208186,
    0.03928287440464967,
    0.040102633887217486,
    0.0409223933697853,
    0.041742152852353116
  ],
  "curve1_times_length": 98,
  "curve1_survivals": [
    0.9068530096849332,
    0.905933554002697,
    0.9065465244575212,
    0.9065465244575212,
    0.9068530096849332,
    0.9068530096849332,
    0.9065465244575212,
    0.8958195414980998,
    0.8958195414980998,
    0.8933676596788035
  ],
  "curve1_survivals_length": 98,
  "curve2_times": [
    0.0848773724603855,
    0.08528756660527427,
    0.08569776075016305,
    0.08610795489505182,
    0.08651814903994061,
    0.08692834318482938,
    0.08733853732971815,
    0.08774873147460693,
    0.0881589256194957,
    0.08856911976438449
  ],
  "curve2_times_length": 1666,
  "curve2_survivals": [
    0.7011181332036946,
    0.6986874088478366,
    0.04968400583373844,
    0.7023334953816237,
    0.18094312105007293,
    0.28667963052989787,
    0.289110354885756,
    0.29275644141954305,
    0.3134175984443365,
    0.3097715119105493
  ],
  "curve2_survivals_length": 1666,
  "confidence": 0.6,
  "orientation_method": "derived_hr_match",
  "text_hr": 0.898,
  "n_curves_found": 8,
  "n_pages_scanned": 9,
  "processing_time_s": 122.03,
  "warnings": [],
  "certification_status": "UNCERTIFIED",
  "pipeline_version": "1.0",
  "timestamp": "2026-02-13T18:28:28.975951+00:00"
}