{
  "pdf_path": "chun-et-al-cryoballoon-versus-laserballoon.pdf",
  "pdf_name": "chun-et-al-cryoballoon-versus-laserballoon.pdf",
  "hr": 0.834,
  "ci_lower": 0.535,
  "ci_upper": 1.299,
  "p_value": null,
  "hr_method": "derived_hr_match",
  "ipd_arm1": {
    "arm_label": "treatment",
    "arm_index": 1,
    "n_patients": 41,
    "n_events": 31,
    "n_censored": 10,
    "n_records": 41
  },
  "ipd_arm2": {
    "arm_label": "control",
    "arm_index": 0,
    "n_patients": 60,
    "n_events": 49,
    "n_censored": 11,
    "n_records": 60
  },
  "total_ipd_records": 101,
  "curve1_times": [
    0.0,
    0.0,
    0.0,
    0.0,
    0.0,
    0.0,
    0.0,
    0.0,
    0.0,
    0.0
  ],
  "curve1_times_length": 98,
  "curve1_survivals": [
    0.9923400995787055,
    0.9923400995787055,
    0.9923400995787055,
    0.9919571045576407,
    0.9919571045576407,
    0.9919571045576407,
    0.9911911145155113,
    0.693603983148219,
    0.693603983148219,
    0.6932209881271543
  ],
  "curve1_survivals_length": 98,
  "curve2_times": [
    0.0,
    0.0,
    0.0,
    0.0,
    0.0,
    0.0,
    0.0,
    0.0,
    0.0,
    0.0
  ],
  "curve2_times_length": 418,
  "curve2_survivals": [
    0.51053236307928,
    0.01608579088471851,
    0.5109153581003447,
    0.7054768288012256,
    0.7024128686327078,
    0.6997319034852547,
    0.6985829184220604,
    0.6985829184220604,
    0.7016468785905783,
    0.69934890846419
  ],
  "curve2_survivals_length": 418,
  "confidence": 0.6,
  "orientation_method": "derived_hr_match",
  "text_hr": 0.898,
  "n_curves_found": 9,
  "n_pages_scanned": 9,
  "processing_time_s": 103.87,
  "warnings": [],
  "certification_status": "UNCERTIFIED",
  "pipeline_version": "1.0",
  "timestamp": "2026-02-13T22:38:14.781302+00:00"
}