{
  "pdf_path": "C:\\Users\\user\\Downloads\\Ablation\\ehaf451.pdf",
  "pdf_name": "ehaf451.pdf",
  "hr": 0.995,
  "ci_lower": 0.405,
  "ci_upper": 2.445,
  "p_value": null,
  "hr_method": "text_hr_match",
  "ipd_arm1": {
    "arm_label": "treatment",
    "arm_index": 1,
    "n_patients": 58,
    "n_events": 33,
    "n_censored": 25,
    "n_records": 58
  },
  "ipd_arm2": {
    "arm_label": "control",
    "arm_index": 0,
    "n_patients": 52,
    "n_events": 23,
    "n_censored": 29,
    "n_records": 52
  },
  "total_ipd_records": 110,
  "curve1_times": [
    0.031302461998732746,
    0.031955685329257216,
    0.032608908659781694,
    0.033262131990306164,
    0.033915355320830634,
    0.03456857865135511,
    0.03522180198187958,
    0.03587502531240406,
    0.03652824864292853,
    0.037181471973453
  ],
  "curve1_times_length": 1430,
  "curve1_survivals": [
    0.9392984967788117,
    0.9392984967788117,
    0.9392984967788117,
    0.9392984967788117,
    0.9392984967788117,
    0.9392984967788117,
    0.9392984967788117,
    0.9392984967788117,
    0.9392984967788117,
    0.9392984967788117
  ],
  "curve1_survivals_length": 1430,
  "curve2_times": [
    0.2736483176233122,
    0.2743015409538367,
    0.27495476428436116,
    0.27560798761488564,
    0.2762612109454101,
    0.2769144342759346,
    0.2775676576064591,
    0.27822088093698355,
    0.278874104267508,
    0.2795273275980325
  ],
  "curve2_times_length": 930,
  "curve2_survivals": [
    0.9035075161059413,
    0.9035075161059413,
    0.9035075161059413,
    0.9017179670722978,
    0.9017179670722978,
    0.8981388690050107,
    0.8981388690050107,
    0.8874015748031496,
    0.885612025769506,
    0.8838224767358626
  ],
  "curve2_survivals_length": 930,
  "confidence": 0.9,
  "orientation_method": "text_hr_match",
  "text_hr": 0.99,
  "n_curves_found": 21,
  "n_pages_scanned": 12,
  "processing_time_s": 175.52,
  "warnings": [],
  "certification_status": "UNCERTIFIED",
  "pipeline_version": "1.0",
  "timestamp": "2026-02-13T18:31:24.510263+00:00"
}