{
  "pdf_path": "C:\\Users\\user\\Downloads\\Ablation\\eut398.pdf",
  "pdf_name": "eut398.pdf",
  "hr": 0.712,
  "ci_lower": 0.512,
  "ci_upper": 0.991,
  "p_value": null,
  "hr_method": "derived_hr_match",
  "ipd_arm1": {
    "arm_label": "treatment",
    "arm_index": 1,
    "n_patients": 77,
    "n_events": 66,
    "n_censored": 11,
    "n_records": 77
  },
  "ipd_arm2": {
    "arm_label": "control",
    "arm_index": 0,
    "n_patients": 100,
    "n_events": 88,
    "n_censored": 12,
    "n_records": 100
  },
  "total_ipd_records": 177,
  "curve1_times": [
    0.04320962920817072,
    0.04401099473502849,
    0.04481236026188625,
    0.045613725788744015,
    0.04641509131560178,
    0.04721645684245955,
    0.048017822369317315,
    0.04881918789617508,
    0.04962055342303284,
    0.05042191894989061
  ],
  "curve1_times_length": 204,
  "curve1_survivals": [
    0.9177943043714856,
    0.9177943043714856,
    0.9174919886329282,
    0.9174919886329282,
    0.9174919886329282,
    0.9177943043714856,
    0.9177943043714856,
    0.9177943043714856,
    0.9177943043714856,
    0.9174919886329282
  ],
  "curve1_survivals_length": 204,
  "curve2_times": [
    0.1480384418205343,
    0.14885219754734022,
    0.14966595327414614,
    0.15047970900095206,
    0.151293464727758,
    0.15210722045456393,
    0.15292097618136985,
    0.15373473190817577,
    0.15454848763498172,
    0.15536224336178764
  ],
  "curve2_times_length": 904,
  "curve2_survivals": [
    0.9607231392466292,
    0.9610254549851865,
    0.9616300864623012,
    0.9619324022008586,
    0.962234717939416,
    0.962234717939416,
    0.9634439808936454,
    0.9634439808936454,
    0.9631416651550879,
    0.9598161920309571
  ],
  "curve2_survivals_length": 904,
  "confidence": 0.6,
  "orientation_method": "derived_hr_match",
  "text_hr": 0.721,
  "n_curves_found": 10,
  "n_pages_scanned": 6,
  "processing_time_s": 220.69,
  "warnings": [],
  "certification_status": "UNCERTIFIED",
  "pipeline_version": "1.0",
  "timestamp": "2026-02-13T18:40:54.526861+00:00"
}