{
  "pdf_path": "eut398.pdf",
  "pdf_name": "eut398.pdf",
  "hr": 0.74,
  "ci_lower": 0.525,
  "ci_upper": 1.043,
  "p_value": null,
  "hr_method": "derived_hr_match",
  "ipd_arm1": {
    "arm_label": "treatment",
    "arm_index": 1,
    "n_patients": 82,
    "n_events": 71,
    "n_censored": 11,
    "n_records": 82
  },
  "ipd_arm2": {
    "arm_label": "control",
    "arm_index": 0,
    "n_patients": 75,
    "n_events": 65,
    "n_censored": 10,
    "n_records": 75
  },
  "total_ipd_records": 157,
  "curve1_times": [
    0.002315886984715146,
    0.002779064381658175,
    0.003242241778601204,
    0.0041685965724872626,
    0.004631773969430292,
    0.005094951366373321,
    0.00555812876331635,
    0.006021306160259379,
    0.006484483557202408,
    0.023622047244094488
  ],
  "curve1_times_length": 551,
  "curve1_survivals": [
    0.7747625508819539,
    0.7747625508819539,
    0.7747625508819539,
    0.23948439620081408,
    0.23948439620081408,
    0.2801899592944369,
    0.30325644504748983,
    0.30325644504748983,
    0.22930800542740837,
    0.5413839891451832
  ],
  "curve1_survivals_length": 551,
  "curve2_times": [
    0.002315886984715146,
    0.002779064381658175,
    0.003242241778601204,
    0.0037054191755442334,
    0.0041685965724872626,
    0.004631773969430292,
    0.005094951366373321,
    0.00555812876331635,
    0.006021306160259379,
    0.006484483557202408
  ],
  "curve2_times_length": 1289,
  "curve2_survivals": [
    0.7747625508819539,
    0.7747625508819539,
    0.7747625508819539,
    0.2225237449118046,
    0.23948439620081408,
    0.23948439620081408,
    0.2801899592944369,
    0.12550881953867032,
    0.12550881953867032,
    0.12550881953867032
  ],
  "curve2_survivals_length": 1289,
  "confidence": 0.6,
  "orientation_method": "derived_hr_match",
  "text_hr": 0.721,
  "n_curves_found": 8,
  "n_pages_scanned": 6,
  "processing_time_s": 149.93,
  "warnings": [],
  "certification_status": "UNCERTIFIED",
  "pipeline_version": "1.0",
  "timestamp": "2026-02-13T22:47:12.830776+00:00"
}