{
  "pdf_path": "C:\\Users\\user\\Downloads\\Ablation\\euu064.pdf",
  "pdf_name": "euu064.pdf",
  "hr": 0.811,
  "ci_lower": 0.577,
  "ci_upper": 1.141,
  "p_value": null,
  "hr_method": "derived_hr_match",
  "ipd_arm1": {
    "arm_label": "treatment",
    "arm_index": 1,
    "n_patients": 80,
    "n_events": 69,
    "n_censored": 11,
    "n_records": 80
  },
  "ipd_arm2": {
    "arm_label": "control",
    "arm_index": 0,
    "n_patients": 80,
    "n_events": 67,
    "n_censored": 13,
    "n_records": 80
  },
  "total_ipd_records": 160,
  "curve1_times": [
    0.08018154921459004,
    0.08058463361643295,
    0.08098771801827584,
    0.08139080242011874,
    0.08179388682196165,
    0.08219697122380455,
    0.08260005562564746,
    0.08300314002749036,
    0.08340622442933325,
    0.08380930883117615
  ],
  "curve1_times_length": 1999,
  "curve1_survivals": [
    0.9633177570093459,
    0.9633177570093459,
    0.9633177570093459,
    0.9633177570093459,
    0.9637349799732977,
    0.9478805073431241,
    0.9478805073431241,
    0.9478805073431241,
    0.9478805073431241,
    0.9478805073431241
  ],
  "curve1_survivals_length": 1999,
  "curve2_times": [
    0.08219697122380455,
    0.08260005562564746,
    0.08300314002749036,
    0.08340622442933325,
    0.08380930883117615,
    0.08421239323301906,
    0.08461547763486196,
    0.08501856203670487,
    0.08542164643854777,
    0.08582473084039066
  ],
  "curve2_times_length": 1772,
  "curve2_survivals": [
    0.9633177570093459,
    0.9633177570093459,
    0.9633177570093459,
    0.9633177570093459,
    0.9633177570093459,
    0.9637349799732977,
    0.9641522029372497,
    0.9645694259012016,
    0.9649866488651535,
    0.9495493991989319
  ],
  "curve2_survivals_length": 1772,
  "confidence": 0.7,
  "orientation_method": "derived_hr_match",
  "text_hr": 0.881,
  "n_curves_found": 21,
  "n_pages_scanned": 9,
  "processing_time_s": 194.83,
  "warnings": [],
  "certification_status": "UNCERTIFIED",
  "pipeline_version": "1.0",
  "timestamp": "2026-02-13T18:44:09.384924+00:00"
}