{
  "pdf_path": "C:\\Users\\user\\Downloads\\Ablation\\NEJMoa1602014.pdf",
  "pdf_name": "NEJMoa1602014.pdf",
  "hr": 0.952,
  "ci_lower": 0.653,
  "ci_upper": 1.387,
  "p_value": null,
  "hr_method": "text_hr_match",
  "ipd_arm1": {
    "arm_label": "treatment",
    "arm_index": 1,
    "n_patients": 82,
    "n_events": 65,
    "n_censored": 17,
    "n_records": 82
  },
  "ipd_arm2": {
    "arm_label": "control",
    "arm_index": 0,
    "n_patients": 62,
    "n_events": 49,
    "n_censored": 13,
    "n_records": 62
  },
  "total_ipd_records": 144,
  "curve1_times": [
    0.0,
    0.0016315817475659284,
    0.0034050401688332415,
    0.005178498590100555,
    0.006951957011367868,
    0.008725415432635181,
    0.010498873853902494,
    0.01227233227516981,
    0.014045790696437122,
    0.015819249117704434
  ],
  "curve1_times_length": 564,
  "curve1_survivals": [
    0.7447424435930183,
    0.7447424435930183,
    0.7447424435930183,
    0.7447424435930183,
    0.7468710089399744,
    0.7426138782460622,
    0.7426138782460622,
    0.740485312899106,
    0.7426138782460622,
    0.740485312899106
  ],
  "curve1_survivals_length": 564,
  "curve2_times": [
    0.0,
    0.0016315817475659284,
    0.0034050401688332415,
    0.005178498590100555,
    0.006951957011367868,
    0.008725415432635181,
    0.010498873853902494,
    0.01227233227516981,
    0.014045790696437122,
    0.015819249117704434
  ],
  "curve2_times_length": 562,
  "curve2_survivals": [
    0.6106428267347808,
    0.6085142613878247,
    0.6085142613878247,
    0.6085142613878247,
    0.6085142613878247,
    0.6063856960408684,
    0.6063856960408684,
    0.6063856960408684,
    0.6063856960408684,
    0.6063856960408684
  ],
  "curve2_survivals_length": 562,
  "confidence": 0.9,
  "orientation_method": "text_hr_match",
  "text_hr": 0.96,
  "n_curves_found": 6,
  "n_pages_scanned": 11,
  "processing_time_s": 112.1,
  "warnings": [],
  "certification_status": "UNCERTIFIED",
  "pipeline_version": "1.0",
  "timestamp": "2026-02-13T18:22:32.608154+00:00"
}