{
  "pdf_path": "NEJMoa1602014.pdf",
  "pdf_name": "NEJMoa1602014.pdf",
  "hr": 0.892,
  "ci_lower": 0.66,
  "ci_upper": 1.204,
  "p_value": null,
  "hr_method": "text_hr_match",
  "ipd_arm1": {
    "arm_label": "treatment",
    "arm_index": 1,
    "n_patients": 100,
    "n_events": 88,
    "n_censored": 12,
    "n_records": 100
  },
  "ipd_arm2": {
    "arm_label": "control",
    "arm_index": 0,
    "n_patients": 100,
    "n_events": 86,
    "n_censored": 14,
    "n_records": 100
  },
  "total_ipd_records": 200,
  "curve1_times": [
    0.0,
    0.0,
    0.0,
    0.0,
    0.0,
    0.0,
    0.0,
    0.0,
    0.0,
    0.0
  ],
  "curve1_times_length": 564,
  "curve1_survivals": [
    1.0,
    1.0,
    1.0,
    1.0,
    1.0,
    1.0,
    1.0,
    1.0,
    1.0,
    1.0
  ],
  "curve1_survivals_length": 564,
  "curve2_times": [
    0.014256619144602852,
    0.016293279022403257,
    0.018329938900203666,
    0.020366598778004074,
    0.04684317718940937,
    0.048879837067209775,
    0.05091649694501019,
    0.05295315682281059,
    0.054989816700611,
    0.05702647657841141
  ],
  "curve2_times_length": 489,
  "curve2_survivals": [
    1.0,
    1.0,
    1.0,
    1.0,
    1.0,
    1.0,
    1.0,
    1.0,
    0.9929742388758782,
    0.9929742388758782
  ],
  "curve2_survivals_length": 489,
  "confidence": 1.0,
  "orientation_method": "text_hr_match",
  "text_hr": 0.96,
  "n_curves_found": 6,
  "n_pages_scanned": 11,
  "processing_time_s": 52.66,
  "warnings": [],
  "certification_status": "UNCERTIFIED",
  "pipeline_version": "1.0",
  "timestamp": "2026-02-13T22:34:51.519096+00:00"
}