{
  "pdf_path": "pak-et-al-cryoballoon-versus-high-power-short-duration-radiofrequency-ablation-for-pulmonary-vein-isolation-in-patients.pdf",
  "pdf_name": "pak-et-al-cryoballoon-versus-high-power-short-duration-radiofrequency-ablation-for-pulmonary-vein-isolation-in-patients.pdf",
  "hr": 0.976,
  "ci_lower": 0.724,
  "ci_upper": 1.315,
  "p_value": null,
  "hr_method": "derived_hr_match",
  "ipd_arm1": {
    "arm_label": "treatment",
    "arm_index": 1,
    "n_patients": 98,
    "n_events": 86,
    "n_censored": 12,
    "n_records": 98
  },
  "ipd_arm2": {
    "arm_label": "control",
    "arm_index": 0,
    "n_patients": 98,
    "n_events": 87,
    "n_censored": 11,
    "n_records": 98
  },
  "total_ipd_records": 196,
  "curve1_times": [
    0.0,
    0.0,
    0.0,
    0.0,
    0.0,
    0.0,
    0.0,
    0.0,
    0.0,
    0.0
  ],
  "curve1_times_length": 664,
  "curve1_survivals": [
    0.9437706725468578,
    0.9525909592061742,
    0.08213891951488428,
    0.08379272326350606,
    0.08434399117971336,
    0.08489525909592066,
    0.08489525909592066,
    0.08489525909592066,
    0.08379272326350606,
    0.9492833517089305
  ],
  "curve1_survivals_length": 664,
  "curve2_times": [
    0.0,
    0.0,
    0.0,
    0.0,
    0.0,
    0.0,
    0.0,
    0.0,
    0.0,
    0.0
  ],
  "curve2_times_length": 317,
  "curve2_survivals": [
    0.9448732083792724,
    0.9448732083792724,
    0.9448732083792724,
    0.9443219404630651,
    0.9443219404630651,
    0.9443219404630651,
    0.9437706725468578,
    0.06945975744211685,
    0.06945975744211685,
    0.06945975744211685
  ],
  "curve2_survivals_length": 317,
  "confidence": 0.6,
  "orientation_method": "derived_hr_match",
  "text_hr": 0.954,
  "n_curves_found": 20,
  "n_pages_scanned": 11,
  "processing_time_s": 191.11,
  "warnings": [],
  "certification_status": "UNCERTIFIED",
  "pipeline_version": "1.0",
  "timestamp": "2026-02-13T22:53:28.538590+00:00"
}