{
  "pdf_path": "1-s2.0-S0140673619311493.pdf",
  "pdf_name": "1-s2.0-S0140673619311493.pdf",
  "hr": 0.88,
  "ci_lower": 0.6,
  "ci_upper": 1.305,
  "p_value": null,
  "hr_method": "text_hr_snap",
  "ipd_arm1": {
    "arm_label": "treatment",
    "arm_index": 1,
    "n_patients": 47,
    "n_events": 34,
    "n_censored": 13,
    "n_records": 47
  },
  "ipd_arm2": {
    "arm_label": "control",
    "arm_index": 0,
    "n_patients": 100,
    "n_events": 95,
    "n_censored": 5,
    "n_records": 100
  },
  "total_ipd_records": 147,
  "curve1_times": [
    0.0,
    0.0,
    0.0,
    0.0,
    0.0,
    0.0,
    0.0,
    0.0,
    0.0,
    0.0
  ],
  "curve1_times_length": 1875,
  "curve1_survivals": [
    1.0,
    1.0,
    1.0,
    1.0,
    1.0,
    1.0,
    1.0,
    1.0,
    1.0,
    1.0
  ],
  "curve1_survivals_length": 1875,
  "curve2_times": [
    0.007874015748031496,
    0.008337193144974525,
    0.008800370541917554,
    0.009263547938860583,
    0.009726725335803613,
    0.010189902732746642,
    0.010653080129689671,
    0.0111162575266327,
    0.01157943492357573,
    0.012042612320518759
  ],
  "curve2_times_length": 444,
  "curve2_survivals": [
    0.9664613278576317,
    0.9664613278576317,
    0.9664613278576317,
    0.9664613278576317,
    0.9664613278576317,
    0.9664613278576317,
    0.9664613278576317,
    0.9664613278576317,
    0.9664613278576317,
    0.9664613278576317
  ],
  "curve2_survivals_length": 444,
  "confidence": 0.98,
  "orientation_method": "text_hr_snap",
  "text_hr": 0.88,
  "n_curves_found": 10,
  "n_pages_scanned": 10,
  "processing_time_s": 35.97,
  "warnings": [],
  "text_hr_context": "100 person-years in the placebo group (hazard ratio [HR] 0.88, 95% CI 0.79-0.99; p=0.026). All-cause",
  "pair_description": "red_2(p1) vs black(p5)",
  "pair_rank": 6,
  "pair_quality_score": 176.0,
  "pair_orientation": "forward",
  "certification_status": "UNCERTIFIED",
  "verification_level": "consistent",
  "verification_checks_passed": [
    "RANGE_PLAUSIBLE",
    "CI_ORDERED",
    "CI_CONTAINS_POINT",
    "LOG_SYMMETRY",
    "TEXT_HR_CONSISTENCY"
  ],
  "verification_checks_failed": [],
  "verification_hash": "cb1076d72d954cd6",
  "pipeline_version": "1.4",
  "timestamp": "2026-02-24T05:06:27.008219+00:00"
}