{
  "pdf_path": "1-s2.0-S0735109720302485-main.pdf",
  "pdf_name": "1-s2.0-S0735109720302485-main.pdf",
  "hr": 0.81,
  "ci_lower": 0.564,
  "ci_upper": 1.13,
  "p_value": null,
  "hr_method": "text_hr_snap",
  "ipd_arm1": {
    "arm_label": "treatment",
    "arm_index": 1,
    "n_patients": 77,
    "n_events": 67,
    "n_censored": 10,
    "n_records": 77
  },
  "ipd_arm2": {
    "arm_label": "control",
    "arm_index": 0,
    "n_patients": 82,
    "n_events": 70,
    "n_censored": 12,
    "n_records": 82
  },
  "total_ipd_records": 159,
  "curve1_times": [
    0.008141762452107279,
    0.008620689655172414,
    0.009099616858237548,
    0.009578544061302681,
    0.010057471264367816,
    0.01053639846743295,
    0.011015325670498084,
    0.011494252873563218,
    0.011973180076628353,
    0.012452107279693486
  ],
  "curve1_times_length": 1214,
  "curve1_survivals": [
    0.6858490566037736,
    0.6858490566037736,
    0.6858490566037736,
    0.6858490566037736,
    0.6858490566037736,
    0.6858490566037736,
    0.6858490566037736,
    0.6858490566037736,
    0.6858490566037736,
    0.6858490566037736
  ],
  "curve1_survivals_length": 1214,
  "curve2_times": [
    0.0,
    0.0,
    0.0,
    0.0,
    0.0,
    0.0,
    0.0,
    0.0,
    0.0,
    0.0
  ],
  "curve2_times_length": 1918,
  "curve2_survivals": [
    0.7226415094339622,
    0.7226415094339622,
    0.7226415094339622,
    0.7226415094339622,
    0.7226415094339622,
    0.7226415094339622,
    0.7226415094339622,
    0.7226415094339622,
    0.7226415094339622,
    0.7226415094339622
  ],
  "curve2_survivals_length": 1918,
  "confidence": 1.0,
  "orientation_method": "text_hr_snap",
  "text_hr": 0.81,
  "n_curves_found": 10,
  "n_pages_scanned": 12,
  "processing_time_s": 71.26,
  "warnings": [],
  "text_hr_context": "vents were consistent in patients with (hazard ratio [HR]: 0.81 [95% con\ufb01dence interval (CI): 0.65 to 1",
  "pair_description": "red(p8) vs black_dashed(p8)",
  "pair_rank": 3,
  "pair_quality_score": 155.0,
  "pair_orientation": "forward",
  "certification_status": "UNCERTIFIED",
  "verification_level": "consistent",
  "verification_checks_passed": [
    "RANGE_PLAUSIBLE",
    "CI_ORDERED",
    "CI_CONTAINS_POINT",
    "LOG_SYMMETRY",
    "TEXT_HR_CONSISTENCY"
  ],
  "verification_checks_failed": [],
  "verification_hash": "e761e90c2a9610f5",
  "pipeline_version": "1.4",
  "timestamp": "2026-02-24T05:07:41.519952+00:00"
}