{
  "pdf_path": "1-s2.0-S014067361832261X.pdf",
  "pdf_name": "1-s2.0-S014067361832261X.pdf",
  "hr": 0.904,
  "ci_lower": 0.634,
  "ci_upper": 1.288,
  "p_value": null,
  "hr_method": "text_hr_match",
  "ipd_arm1": {
    "arm_label": "treatment",
    "arm_index": 1,
    "n_patients": 100,
    "n_events": 97,
    "n_censored": 3,
    "n_records": 100
  },
  "ipd_arm2": {
    "arm_label": "control",
    "arm_index": 0,
    "n_patients": 66,
    "n_events": 52,
    "n_censored": 14,
    "n_records": 66
  },
  "total_ipd_records": 166,
  "curve1_times": [
    0.007874015748031496,
    0.008337193144974525,
    0.008800370541917554,
    0.009263547938860583,
    0.009726725335803613,
    0.010189902732746642,
    0.010653080129689671,
    0.0111162575266327,
    0.01157943492357573,
    0.012042612320518759
  ],
  "curve1_times_length": 889,
  "curve1_survivals": [
    0.9840047393364929,
    0.9840047393364929,
    0.9840047393364929,
    0.9840047393364929,
    0.9840047393364929,
    0.9840047393364929,
    0.9840047393364929,
    0.9840047393364929,
    0.9840047393364929,
    0.9840047393364929
  ],
  "curve1_survivals_length": 889,
  "curve2_times": [
    0.0,
    0.0,
    0.0,
    0.0,
    0.0,
    0.0,
    0.0,
    0.0,
    0.0,
    0.0
  ],
  "curve2_times_length": 2209,
  "curve2_survivals": [
    1.0,
    1.0,
    1.0,
    1.0,
    1.0,
    1.0,
    1.0,
    1.0,
    1.0,
    1.0
  ],
  "curve2_survivals_length": 2209,
  "confidence": 0.85,
  "orientation_method": "text_hr_match",
  "text_hr": 0.78,
  "n_curves_found": 12,
  "n_pages_scanned": 11,
  "processing_time_s": 40.87,
  "warnings": [],
  "text_hr_context": "100 person-years in the placebo group (hazard ratio 0.78, 95% CI 0.68-0.90), which indicated tha",
  "pair_description": "red(p1) vs black(p1)",
  "pair_rank": 3,
  "pair_quality_score": 188.0,
  "pair_orientation": "inverse",
  "certification_status": "UNCERTIFIED",
  "verification_level": "consistent",
  "verification_checks_passed": [
    "RANGE_PLAUSIBLE",
    "CI_ORDERED",
    "CI_CONTAINS_POINT",
    "LOG_SYMMETRY",
    "TEXT_HR_CONSISTENCY"
  ],
  "verification_checks_failed": [],
  "verification_hash": "35ee9d2a4cbc2023",
  "pipeline_version": "1.4",
  "timestamp": "2026-02-24T05:05:46.119887+00:00"
}