{
  "pdf_path": "lam-et-al-efpeglenatide-and-clinical-outcomes-with-and-without-concomitant-sodium-glucose-cotransporter-2-inhibition.pdf",
  "pdf_name": "lam-et-al-efpeglenatide-and-clinical-outcomes-with-and-without-concomitant-sodium-glucose-cotransporter-2-inhibition.pdf",
  "hr": 0.688,
  "ci_lower": 0.404,
  "ci_upper": 1.172,
  "p_value": null,
  "hr_method": "text_hr_match",
  "ipd_arm1": {
    "arm_label": "treatment",
    "arm_index": 1,
    "n_patients": 39,
    "n_events": 28,
    "n_censored": 11,
    "n_records": 39
  },
  "ipd_arm2": {
    "arm_label": "control",
    "arm_index": 0,
    "n_patients": 42,
    "n_events": 29,
    "n_censored": 13,
    "n_records": 42
  },
  "total_ipd_records": 81,
  "curve1_times": [
    0.10461828463713478,
    0.1055607917059378,
    0.10650329877474081,
    0.10744580584354382,
    0.10838831291234684,
    0.10933081998114987,
    0.11027332704995288,
    0.1112158341187559,
    0.11215834118755891,
    0.11310084825636192
  ],
  "curve1_times_length": 351,
  "curve1_survivals": [
    0.938337801608579,
    0.9360398314821907,
    0.9352738414400613,
    0.9345078513979318,
    0.9341248563768672,
    0.9337418613558024,
    0.9337418613558024,
    0.6530065109153581,
    0.6530065109153581,
    0.6530065109153581
  ],
  "curve1_survivals_length": 351,
  "curve2_times": [
    0.006126295947219604,
    0.006597549481621112,
    0.00706880301602262,
    0.007540056550424128,
    0.008011310084825637,
    0.008482563619227144,
    0.008953817153628653,
    0.00942507068803016,
    0.009896324222431668,
    0.010367577756833177
  ],
  "curve2_times_length": 365,
  "curve2_survivals": [
    0.532378223495702,
    0.5312320916905444,
    0.5306590257879656,
    0.5306590257879656,
    0.5306590257879656,
    0.3558739255014327,
    0.3558739255014327,
    0.3558739255014327,
    0.3558739255014327,
    0.3558739255014327
  ],
  "curve2_survivals_length": 365,
  "confidence": 0.86,
  "orientation_method": "text_hr_match",
  "text_hr": 0.73,
  "n_curves_found": 13,
  "n_pages_scanned": 10,
  "processing_time_s": 49.81,
  "warnings": [],
  "text_hr_context": "rt, efpeglenatide reduced MACEs by 27% (HR, 0.73 [95% CI, 0.58-0.92]), expanded MACE by",
  "pair_description": "red(p0) vs red(p2)",
  "pair_rank": 9,
  "pair_quality_score": 134.0,
  "pair_orientation": "inverse",
  "certification_status": "UNCERTIFIED",
  "verification_level": "consistent",
  "verification_checks_passed": [
    "RANGE_PLAUSIBLE",
    "CI_ORDERED",
    "CI_CONTAINS_POINT",
    "LOG_SYMMETRY",
    "TEXT_HR_CONSISTENCY"
  ],
  "verification_checks_failed": [],
  "verification_hash": "6a79ecfe9097e21a",
  "pipeline_version": "1.4",
  "timestamp": "2026-02-24T05:08:34.446800+00:00"
}