{
  "pdf_path": "mcguire-et-al-linagliptin-effects-on-heart-failure-and-related-outcomes-in-individuals-with-type-2-diabetes-mellitus-at.pdf",
  "pdf_name": "mcguire-et-al-linagliptin-effects-on-heart-failure-and-related-outcomes-in-individuals-with-type-2-diabetes-mellitus-at.pdf",
  "hr": 0.814,
  "ci_lower": 0.765,
  "ci_upper": 0.867,
  "p_value": null,
  "hr_method": "text_hr_match",
  "ipd_arm1": {
    "arm_label": "treatment",
    "arm_index": 1,
    "n_patients": 2564,
    "n_events": 1811,
    "n_censored": 753,
    "n_records": 2564
  },
  "ipd_arm2": {
    "arm_label": "control",
    "arm_index": 0,
    "n_patients": 2542,
    "n_events": 2268,
    "n_censored": 274,
    "n_records": 2542
  },
  "total_ipd_records": 5106,
  "curve1_times": [
    0.3685064935064935,
    0.37012987012987014,
    0.3717532467532468,
    0.375,
    0.37662337662337664,
    0.3782467532467532,
    0.37987012987012986,
    0.3814935064935065,
    0.38311688311688313,
    0.3847402597402597
  ],
  "curve1_times_length": 61,
  "curve1_survivals": [
    0.751304347826087,
    0.751304347826087,
    0.751304347826087,
    0.7504347826086957,
    0.7504347826086957,
    0.7504347826086957,
    0.7504347826086957,
    0.7504347826086957,
    0.7504347826086957,
    0.7504347826086957
  ],
  "curve1_survivals_length": 61,
  "curve2_times": [
    0.37337662337662336,
    0.375,
    0.37662337662337664,
    0.3782467532467532,
    0.37987012987012986,
    0.3814935064935065,
    0.38311688311688313,
    0.3847402597402597,
    0.38636363636363635,
    0.387987012987013
  ],
  "curve2_times_length": 421,
  "curve2_survivals": [
    0.7521739130434782,
    0.7521739130434782,
    0.7521739130434782,
    0.7521739130434782,
    0.7521739130434782,
    0.7521739130434782,
    0.7521739130434782,
    0.7521739130434782,
    0.7521739130434782,
    0.7521739130434782
  ],
  "curve2_survivals_length": 421,
  "confidence": 0.8,
  "orientation_method": "text_hr_match",
  "text_hr": 0.94,
  "n_curves_found": 11,
  "n_pages_scanned": 11,
  "processing_time_s": 36.54,
  "warnings": [],
  "text_hr_context": "composite of cardiovascular death/hHF (HR, 0.94; 95% CI, 0.82-1.08), or risk for recurrent hHF events (326",
  "pair_description": "purple(p6) vs green_dashed(p6)",
  "pair_rank": 4,
  "pair_quality_score": 145.0,
  "pair_orientation": "inverse",
  "certification_status": "UNCERTIFIED",
  "verification_level": "consistent",
  "verification_checks_passed": [
    "RANGE_PLAUSIBLE",
    "CI_ORDERED",
    "CI_CONTAINS_POINT",
    "LOG_SYMMETRY",
    "TEXT_HR_CONSISTENCY"
  ],
  "verification_checks_failed": [],
  "verification_hash": "21b4ffb61982c5e3",
  "pipeline_version": "1.4",
  "timestamp": "2026-02-24T05:09:13.136546+00:00"
}