{
  "pdf_path": "NEJMoa1611925.pdf",
  "pdf_name": "NEJMoa1611925.pdf",
  "hr": 0.86,
  "ci_lower": 0.646,
  "ci_upper": 1.161,
  "p_value": null,
  "hr_method": "text_hr_snap",
  "ipd_arm1": {
    "arm_label": "treatment",
    "arm_index": 1,
    "n_patients": 183,
    "n_events": 183,
    "n_censored": 0,
    "n_records": 183
  },
  "ipd_arm2": {
    "arm_label": "control",
    "arm_index": 0,
    "n_patients": 100,
    "n_events": 73,
    "n_censored": 27,
    "n_records": 100
  },
  "total_ipd_records": 283,
  "curve1_times": [
    0.10894941634241245,
    0.10943579766536965,
    0.10992217898832685,
    0.11040856031128404,
    0.11089494163424124,
    0.11138132295719845,
    0.11186770428015565,
    0.11235408560311284,
    0.11284046692607004,
    0.11332684824902724
  ],
  "curve1_times_length": 458,
  "curve1_survivals": [
    0.9904761904761905,
    0.9904761904761905,
    0.9904761904761905,
    0.9904761904761905,
    0.9904761904761905,
    0.9904761904761905,
    0.9888888888888889,
    0.9888888888888889,
    0.9888888888888889,
    0.9888888888888889
  ],
  "curve1_survivals_length": 458,
  "curve2_times": [
    0.07976653696498054,
    0.08025291828793775,
    0.08073929961089495,
    0.08122568093385214,
    0.08171206225680934,
    0.08219844357976654,
    0.08268482490272373,
    0.08317120622568093,
    0.08365758754863813,
    0.08414396887159534
  ],
  "curve2_times_length": 697,
  "curve2_survivals": [
    0.9920634920634921,
    0.9920634920634921,
    0.9920634920634921,
    0.9920634920634921,
    0.9920634920634921,
    0.9920634920634921,
    0.9916666666666667,
    0.9900793650793651,
    0.9900793650793651,
    0.9896825396825397
  ],
  "curve2_survivals_length": 697,
  "confidence": 1.0,
  "orientation_method": "text_hr_snap",
  "text_hr": 0.86,
  "n_curves_found": 6,
  "n_pages_scanned": 12,
  "processing_time_s": 24.12,
  "warnings": [],
  "text_hr_context": ".5 participants per 1000 patient-years; hazard ratio, 0.86; 95% confidence interval [CI], 0.75 to 0.97; P<0.001 for noninferiority; P = 0.02",
  "pair_description": "blue_2(p7) vs blue(p10)",
  "pair_rank": 3,
  "pair_quality_score": 201.0,
  "pair_orientation": "forward",
  "certification_status": "UNCERTIFIED",
  "verification_level": "consistent",
  "verification_checks_passed": [
    "RANGE_PLAUSIBLE",
    "CI_ORDERED",
    "CI_CONTAINS_POINT",
    "LOG_SYMMETRY",
    "TEXT_HR_CONSISTENCY"
  ],
  "verification_checks_failed": [],
  "verification_hash": "23a665c7bce1e21e",
  "pipeline_version": "1.4",
  "timestamp": "2026-02-24T05:12:54.864853+00:00"
}