{
  "pdf_path": "NEJMoa1504720.pdf",
  "pdf_name": "NEJMoa1504720.pdf",
  "hr": 0.62,
  "ci_lower": null,
  "ci_upper": null,
  "p_value": null,
  "hr_method": "text_hr_pair_fallback",
  "ipd_arm1": {
    "arm_label": "treatment",
    "arm_index": 1,
    "n_patients": 47,
    "n_events": 43,
    "n_censored": 4,
    "n_records": 47
  },
  "ipd_arm2": {
    "arm_label": "control",
    "arm_index": 0,
    "n_patients": 174,
    "n_events": 156,
    "n_censored": 18,
    "n_records": 174
  },
  "total_ipd_records": 221,
  "curve1_times": [
    0.24408014571949,
    0.24499089253187614,
    0.2459016393442623,
    0.24681238615664844,
    0.24772313296903462,
    0.24863387978142076,
    0.2495446265938069,
    0.25045537340619306,
    0.25136612021857924,
    0.2522768670309654
  ],
  "curve1_times_length": 274,
  "curve1_survivals": [
    0.4484126984126984,
    0.4484126984126984,
    0.4484126984126984,
    0.4444444444444444,
    0.4444444444444444,
    0.444047619047619,
    0.444047619047619,
    0.444047619047619,
    0.4392857142857143,
    0.4380952380952381
  ],
  "curve1_survivals_length": 274,
  "curve2_times": [
    0.23406193078324225,
    0.23497267759562843,
    0.23588342440801457,
    0.23679417122040072,
    0.23770491803278687,
    0.23861566484517305,
    0.2395264116575592,
    0.24043715846994534,
    0.24134790528233152,
    0.24225865209471767
  ],
  "curve2_times_length": 294,
  "curve2_survivals": [
    0.45238095238095233,
    0.45238095238095233,
    0.45238095238095233,
    0.45238095238095233,
    0.45238095238095233,
    0.45238095238095233,
    0.44920634920634916,
    0.4472222222222222,
    0.4468253968253968,
    0.4468253968253968
  ],
  "curve2_survivals_length": 294,
  "confidence": 0.6,
  "orientation_method": "text_hr_pair_fallback",
  "text_hr": 0.62,
  "n_curves_found": 2,
  "n_pages_scanned": 12,
  "processing_time_s": 10.85,
  "warnings": [
    "Text HR match weak: extracted 0.923 vs text 0.62 (log-err=0.398)",
    "Curve HR diverged from text HR; using text HR while retaining the selected curve pair for IPD."
  ],
  "text_hr_context": "12 3079 1503 2617 1281 1722 825 414 177 Hazard ratio, 0.62 (95% CI, 0.49-0.77) P<0.001 Placebo Empagliflozin Patients",
  "pair_description": "red(p4) vs red_2(p4)",
  "pair_rank": 1,
  "pair_quality_score": 160.0,
  "pair_orientation": "inverse",
  "certification_status": "UNCERTIFIED",
  "verification_level": "consistent",
  "verification_checks_passed": [
    "RANGE_PLAUSIBLE",
    "CI_ORDERED",
    "CI_CONTAINS_POINT",
    "LOG_SYMMETRY",
    "TEXT_HR_CONSISTENCY"
  ],
  "verification_checks_failed": [],
  "verification_hash": "ba9d75324d1d1ebc",
  "pipeline_version": "1.4",
  "timestamp": "2026-02-24T05:10:27.147293+00:00"
}