{
  "pdf_path": "NEJMoa1612917.pdf",
  "pdf_name": "NEJMoa1612917.pdf",
  "hr": 0.91,
  "ci_lower": null,
  "ci_upper": null,
  "p_value": null,
  "hr_method": "text_hr_pair_fallback",
  "ipd_arm1": {
    "arm_label": "treatment",
    "arm_index": 1,
    "n_patients": 44,
    "n_events": 26,
    "n_censored": 18,
    "n_records": 44
  },
  "ipd_arm2": {
    "arm_label": "control",
    "arm_index": 0,
    "n_patients": 74,
    "n_events": 64,
    "n_censored": 10,
    "n_records": 74
  },
  "total_ipd_records": 118,
  "curve1_times": [
    0.0,
    0.0,
    0.0,
    0.0,
    0.0,
    0.0,
    0.0,
    0.0,
    0.0,
    0.0
  ],
  "curve1_times_length": 320,
  "curve1_survivals": [
    0.4746031746031746,
    0.4738095238095238,
    0.4714285714285714,
    0.46825396825396826,
    0.46746031746031746,
    0.4666666666666667,
    0.46150793650793653,
    0.4571428571428572,
    0.45039682539682535,
    0.44999999999999996
  ],
  "curve1_survivals_length": 320,
  "curve2_times": [
    0.03453307392996109,
    0.03501945525291829,
    0.035505836575875485,
    0.03599221789883268,
    0.036478599221789886,
    0.03696498054474708,
    0.03939688715953307,
    0.03988326848249027,
    0.04036964980544747,
    0.04085603112840467
  ],
  "curve2_times_length": 1309,
  "curve2_survivals": [
    0.6588957055214724,
    0.05521472392638038,
    0.05521472392638038,
    0.05521472392638038,
    0.05521472392638038,
    0.05521472392638038,
    0.05521472392638038,
    0.05521472392638038,
    0.05521472392638038,
    0.05521472392638038
  ],
  "curve2_survivals_length": 1309,
  "confidence": 0.6,
  "orientation_method": "text_hr_pair_fallback",
  "text_hr": 0.91,
  "n_curves_found": 3,
  "n_pages_scanned": 12,
  "processing_time_s": 21.41,
  "warnings": [
    "Text HR match weak: extracted 0.586 vs text 0.91 (log-err=0.440)",
    "Curve HR diverged from text HR; using text HR while retaining the selected curve pair for IPD."
  ],
  "text_hr_context": "100 person-years) in the placebo group (hazard ratio, 0.91; 95% confidence interval [CI], 0.83 to 1.00), with the intention-to-treat analysis",
  "pair_description": "blue(p6) vs black(p11)",
  "pair_rank": 3,
  "pair_quality_score": 98.0,
  "pair_orientation": "forward",
  "certification_status": "UNCERTIFIED",
  "verification_level": "consistent",
  "verification_checks_passed": [
    "RANGE_PLAUSIBLE",
    "CI_ORDERED",
    "CI_CONTAINS_POINT",
    "LOG_SYMMETRY",
    "TEXT_HR_CONSISTENCY"
  ],
  "verification_checks_failed": [],
  "verification_hash": "23b56bc25e709ea9",
  "pipeline_version": "1.4",
  "timestamp": "2026-02-24T05:13:18.800988+00:00"
}