{
  "pdf_path": "NEJMoa2024816.pdf",
  "pdf_name": "NEJMoa2024816.pdf",
  "hr": 0.61,
  "ci_lower": null,
  "ci_upper": null,
  "p_value": null,
  "hr_method": "text_hr_pair_fallback",
  "ipd_arm1": {
    "arm_label": "treatment",
    "arm_index": 1,
    "n_patients": 41,
    "n_events": 13,
    "n_censored": 28,
    "n_records": 41
  },
  "ipd_arm2": {
    "arm_label": "control",
    "arm_index": 0,
    "n_patients": 44,
    "n_events": 2,
    "n_censored": 42,
    "n_records": 44
  },
  "total_ipd_records": 85,
  "curve1_times": [
    0.2504863813229572,
    0.2509727626459144,
    0.2514591439688716,
    0.2519455252918288,
    0.252431906614786,
    0.2529182879377432,
    0.2534046692607004,
    0.2538910505836576,
    0.25437743190661477,
    0.25486381322957197
  ],
  "curve1_times_length": 1352,
  "curve1_survivals": [
    0.841688654353562,
    0.841688654353562,
    0.841688654353562,
    0.841688654353562,
    0.841688654353562,
    0.8381706244503078,
    0.8346525945470537,
    0.832014072119613,
    0.8293755496921724,
    0.8232189973614776
  ],
  "curve1_survivals_length": 1352,
  "curve2_times": [
    0.25535019455252916,
    0.25583657587548636,
    0.25632295719844356,
    0.25680933852140075,
    0.25729571984435795,
    0.25778210116731515,
    0.2582684824902724,
    0.2587548638132296,
    0.2592412451361868,
    0.259727626459144
  ],
  "curve2_times_length": 1313,
  "curve2_survivals": [
    0.8346525945470537,
    0.8337730870712401,
    0.8328935795954265,
    0.8311345646437995,
    0.8302550571679859,
    0.8284960422163589,
    0.8276165347405453,
    0.8258575197889182,
    0.8197009674582234,
    0.8188214599824098
  ],
  "curve2_survivals_length": 1313,
  "confidence": 0.6,
  "orientation_method": "text_hr_pair_fallback",
  "text_hr": 0.61,
  "n_curves_found": 3,
  "n_pages_scanned": 11,
  "processing_time_s": 23.06,
  "warnings": [
    "Text HR match weak: extracted 0.978 vs text 0.61 (log-err=0.472)",
    "Curve HR diverged from text HR; using text HR while retaining the selected curve pair for IPD."
  ],
  "text_hr_context": "ticipants (14.5%) in the placebo group (hazard ratio, 0.61; 95% confidence interval [CI], 0.51 to 0.72; P<0.001; number needed to treat to pre",
  "pair_description": "cluster_0(p8) vs cluster_1(p8)",
  "pair_rank": 1,
  "pair_quality_score": 140.0,
  "pair_orientation": "forward",
  "certification_status": "UNCERTIFIED",
  "verification_level": "consistent",
  "verification_checks_passed": [
    "RANGE_PLAUSIBLE",
    "CI_ORDERED",
    "CI_CONTAINS_POINT",
    "LOG_SYMMETRY",
    "TEXT_HR_CONSISTENCY"
  ],
  "verification_checks_failed": [],
  "verification_hash": "cf122e20e0a99f7e",
  "pipeline_version": "1.4",
  "timestamp": "2026-02-24T05:16:41.954517+00:00"
}