{
  "pdf_path": "NEJMoa1811744.pdf",
  "pdf_name": "NEJMoa1811744.pdf",
  "hr": 0.808,
  "ci_lower": 0.508,
  "ci_upper": 1.284,
  "p_value": null,
  "hr_method": "text_hr_match",
  "ipd_arm1": {
    "arm_label": "treatment",
    "arm_index": 1,
    "n_patients": 52,
    "n_events": 40,
    "n_censored": 12,
    "n_records": 52
  },
  "ipd_arm2": {
    "arm_label": "control",
    "arm_index": 0,
    "n_patients": 51,
    "n_events": 36,
    "n_censored": 15,
    "n_records": 51
  },
  "total_ipd_records": 103,
  "curve1_times": [
    0.1308365758754864,
    0.13132295719844359,
    0.13180933852140078,
    0.13229571984435798,
    0.13278210116731518,
    0.13326848249027237,
    0.13375486381322957,
    0.13472762645914396,
    0.13521400778210116,
    0.13570038910505836
  ],
  "curve1_times_length": 286,
  "curve1_survivals": [
    0.9091269841269841,
    0.9087301587301587,
    0.9087301587301587,
    0.9087301587301587,
    0.9083333333333333,
    0.9083333333333333,
    0.9083333333333333,
    0.9079365079365079,
    0.9079365079365079,
    0.9079365079365079
  ],
  "curve1_survivals_length": 286,
  "curve2_times": [
    0.12354085603112841,
    0.1240272373540856,
    0.1245136186770428,
    0.125,
    0.1254863813229572,
    0.1259727626459144,
    0.1264591439688716,
    0.1269455252918288,
    0.12743190661478598,
    0.12791828793774318
  ],
  "curve2_times_length": 643,
  "curve2_survivals": [
    0.9111111111111111,
    0.9111111111111111,
    0.9111111111111111,
    0.9111111111111111,
    0.9111111111111111,
    0.9111111111111111,
    0.9111111111111111,
    0.9111111111111111,
    0.9111111111111111,
    0.9111111111111111
  ],
  "curve2_survivals_length": 643,
  "confidence": 0.9,
  "orientation_method": "text_hr_match",
  "text_hr": 0.7,
  "n_curves_found": 6,
  "n_pages_scanned": 12,
  "processing_time_s": 32.09,
  "warnings": [],
  "text_hr_context": "2 per 1000 patient-years, respectively (hazard ratio, 0.70; 95% confidence interval [CI], 0.59 to 0.82; P = 0.00001). The relative risk of th",
  "pair_description": "orange(p9) vs orange_2(p9)",
  "pair_rank": 1,
  "pair_quality_score": 155.0,
  "pair_orientation": "inverse",
  "certification_status": "UNCERTIFIED",
  "verification_level": "consistent",
  "verification_checks_passed": [
    "RANGE_PLAUSIBLE",
    "CI_ORDERED",
    "CI_CONTAINS_POINT",
    "LOG_SYMMETRY",
    "TEXT_HR_CONSISTENCY"
  ],
  "verification_checks_failed": [],
  "verification_hash": "1214c905b8b9fd14",
  "pipeline_version": "1.4",
  "timestamp": "2026-02-24T05:13:53.151973+00:00"
}