{
  "pdf_path": "NEJMoa2204233.pdf",
  "pdf_name": "NEJMoa2204233.pdf",
  "hr": 0.72,
  "ci_lower": null,
  "ci_upper": null,
  "p_value": null,
  "hr_method": "text_hr_pair_fallback",
  "ipd_arm1": {
    "arm_label": "treatment",
    "arm_index": 1,
    "n_patients": 28,
    "n_events": 2,
    "n_censored": 26,
    "n_records": 28
  },
  "ipd_arm2": {
    "arm_label": "control",
    "arm_index": 0,
    "n_patients": 25,
    "n_events": 4,
    "n_censored": 21,
    "n_records": 25
  },
  "total_ipd_records": 53,
  "curve1_times": [
    0.5486381322957199,
    0.5491245136186771,
    0.5496108949416343,
    0.5500972762645915,
    0.5505836575875487,
    0.5510700389105059,
    0.5515564202334631,
    0.5520428015564203,
    0.5525291828793775,
    0.5530155642023347
  ],
  "curve1_times_length": 831,
  "curve1_survivals": [
    0.943683409436834,
    0.943683409436834,
    0.943683409436834,
    0.943683409436834,
    0.943683409436834,
    0.943683409436834,
    0.9429223744292238,
    0.9429223744292238,
    0.9429223744292238,
    0.9429223744292238
  ],
  "curve1_survivals_length": 831,
  "curve2_times": [
    0.5452334630350194,
    0.5457198443579766,
    0.5462062256809338,
    0.546692607003891,
    0.5471789883268483,
    0.5476653696498055,
    0.5481517509727627,
    0.5486381322957199,
    0.5491245136186771,
    0.5496108949416343
  ],
  "curve2_times_length": 805,
  "curve2_survivals": [
    0.9452054794520548,
    0.9452054794520548,
    0.9452054794520548,
    0.9452054794520548,
    0.9452054794520548,
    0.9452054794520548,
    0.9452054794520548,
    0.9452054794520548,
    0.9452054794520548,
    0.9452054794520548
  ],
  "curve2_survivals_length": 805,
  "confidence": 0.6,
  "orientation_method": "text_hr_pair_fallback",
  "text_hr": 0.72,
  "n_curves_found": 3,
  "n_pages_scanned": 11,
  "processing_time_s": 13.92,
  "warnings": [
    "Text HR match weak: extracted 0.996 vs text 0.72 (log-err=0.324)",
    "Curve HR diverged from text HR; using text HR while retaining the selected curve pair for IPD."
  ],
  "text_hr_context": "patients (16.9%) in the placebo group (hazard ratio, 0.72; 95% confidence interval [CI], 0.64 to 0.82; P<0.001). Results were consistent amon",
  "pair_description": "orange(p8) vs blue(p8)",
  "pair_rank": 1,
  "pair_quality_score": 168.0,
  "pair_orientation": "inverse",
  "certification_status": "UNCERTIFIED",
  "verification_level": "consistent",
  "verification_checks_passed": [
    "RANGE_PLAUSIBLE",
    "CI_ORDERED",
    "CI_CONTAINS_POINT",
    "LOG_SYMMETRY",
    "TEXT_HR_CONSISTENCY"
  ],
  "verification_checks_failed": [],
  "verification_hash": "962a6d7de13565b2",
  "pipeline_version": "1.4",
  "timestamp": "2026-02-24T05:19:26.406259+00:00"
}