{
  "pdf_path": "nejmoa1305889_appendix.pdf",
  "pdf_name": "nejmoa1305889_appendix.pdf",
  "hr": 0.95,
  "ci_lower": 0.323,
  "ci_upper": 3.101,
  "p_value": null,
  "hr_method": "text_hr_snap",
  "ipd_arm1": {
    "arm_label": "treatment",
    "arm_index": 1,
    "n_patients": 12,
    "n_events": 2,
    "n_censored": 10,
    "n_records": 12
  },
  "ipd_arm2": {
    "arm_label": "control",
    "arm_index": 0,
    "n_patients": 21,
    "n_events": 10,
    "n_censored": 11,
    "n_records": 21
  },
  "total_ipd_records": 33,
  "curve1_times": [
    0.0,
    0.0,
    0.0,
    0.0,
    0.0,
    0.0,
    0.0,
    0.0,
    0.0,
    0.0
  ],
  "curve1_times_length": 896,
  "curve1_survivals": [
    0.5208034433285509,
    0.5208034433285509,
    0.5193687230989956,
    0.4045911047345767,
    0.4045911047345767,
    0.4045911047345767,
    0.4045911047345767,
    0.4045911047345767,
    0.4045911047345767,
    0.4045911047345767
  ],
  "curve1_survivals_length": 896,
  "curve2_times": [
    0.22233820459290188,
    0.22338204592901878,
    0.2244258872651357,
    0.2254697286012526,
    0.2265135699373695,
    0.22755741127348644,
    0.22860125260960334,
    0.22964509394572025,
    0.23068893528183715,
    0.23173277661795408
  ],
  "curve2_times_length": 769,
  "curve2_survivals": [
    0.5825192802056556,
    0.5825192802056556,
    0.5825192802056556,
    0.5825192802056556,
    0.5825192802056556,
    0.5825192802056556,
    0.5825192802056556,
    0.5825192802056556,
    0.5825192802056556,
    0.5825192802056556
  ],
  "curve2_survivals_length": 769,
  "confidence": 0.9,
  "orientation_method": "text_hr_snap",
  "text_hr": 0.95,
  "n_curves_found": 7,
  "n_pages_scanned": 12,
  "processing_time_s": 43.03,
  "warnings": [],
  "text_hr_context": "scularization for unstable angina) Hazard ratio, 0.95 (*one-sided repeated CI bound, 1.14)",
  "pair_description": "black(p1) vs black(p1)",
  "pair_rank": 6,
  "pair_quality_score": 107.0,
  "pair_orientation": "forward",
  "certification_status": "UNCERTIFIED",
  "verification_level": "consistent",
  "verification_checks_passed": [
    "RANGE_PLAUSIBLE",
    "CI_ORDERED",
    "CI_CONTAINS_POINT",
    "LOG_SYMMETRY",
    "TEXT_HR_CONSISTENCY"
  ],
  "verification_checks_failed": [],
  "verification_hash": "9febc8470ceabf7d",
  "pipeline_version": "1.4",
  "timestamp": "2026-02-24T05:10:13.960438+00:00"
}