{
  "pdf_path": "NEJMoa1607141.pdf",
  "pdf_name": "NEJMoa1607141.pdf",
  "hr": 0.67,
  "ci_lower": 0.428,
  "ci_upper": 1.05,
  "p_value": null,
  "hr_method": "text_hr_match",
  "ipd_arm1": {
    "arm_label": "treatment",
    "arm_index": 1,
    "n_patients": 82,
    "n_events": 71,
    "n_censored": 11,
    "n_records": 82
  },
  "ipd_arm2": {
    "arm_label": "control",
    "arm_index": 0,
    "n_patients": 45,
    "n_events": 34,
    "n_censored": 11,
    "n_records": 45
  },
  "total_ipd_records": 127,
  "curve1_times": [
    0.12743190661478598,
    0.12791828793774318,
    0.12840466926070038,
    0.12889105058365757,
    0.14250972762645914,
    0.14299610894941633,
    0.14348249027237353,
    0.14494163424124515,
    0.14542801556420235,
    0.14591439688715954
  ],
  "curve1_times_length": 310,
  "curve1_survivals": [
    0.7357032457496135,
    0.7357032457496135,
    0.7357032457496135,
    0.7357032457496135,
    0.13755795981452856,
    0.13755795981452856,
    0.13755795981452856,
    0.13755795981452856,
    0.13755795981452856,
    0.13755795981452856
  ],
  "curve1_survivals_length": 310,
  "curve2_times": [
    0.11186770428015565,
    0.11235408560311284,
    0.11284046692607004,
    0.11332684824902724,
    0.11381322957198443,
    0.11624513618677043,
    0.11673151750972763,
    0.11721789883268482,
    0.12062256809338522,
    0.12110894941634241
  ],
  "curve2_times_length": 1319,
  "curve2_survivals": [
    0.36233269598470363,
    0.36233269598470363,
    0.36233269598470363,
    0.36233269598470363,
    0.36233269598470363,
    0.3164435946462715,
    0.3164435946462715,
    0.3164435946462715,
    0.04780114722753348,
    0.04780114722753348
  ],
  "curve2_survivals_length": 1319,
  "confidence": 0.67,
  "orientation_method": "text_hr_match",
  "text_hr": 0.74,
  "n_curves_found": 5,
  "n_pages_scanned": 11,
  "processing_time_s": 27.33,
  "warnings": [],
  "text_hr_context": "patients (8.9%) in the placebo group (hazard ratio, 0.74; 95% confidence interval [CI], 0.58 to 0.95; P<0.001 for noninferiority). Nonfatal",
  "pair_description": "black_2(p8) vs black(p10)",
  "pair_rank": 7,
  "pair_quality_score": 92.0,
  "pair_orientation": "forward",
  "certification_status": "UNCERTIFIED",
  "verification_level": "consistent",
  "verification_checks_passed": [
    "RANGE_PLAUSIBLE",
    "CI_ORDERED",
    "CI_CONTAINS_POINT",
    "LOG_SYMMETRY",
    "TEXT_HR_CONSISTENCY"
  ],
  "verification_checks_failed": [],
  "verification_hash": "5e0a77b1a6ee8ce1",
  "pipeline_version": "1.4",
  "timestamp": "2026-02-24T05:12:28.206581+00:00"
}