{
  "pdf_path": "NEJMoa1812389.pdf",
  "pdf_name": "NEJMoa1812389.pdf",
  "hr": 0.953,
  "ci_lower": 0.487,
  "ci_upper": 1.864,
  "p_value": null,
  "hr_method": "text_hr_match",
  "ipd_arm1": {
    "arm_label": "treatment",
    "arm_index": 1,
    "n_patients": 38,
    "n_events": 28,
    "n_censored": 10,
    "n_records": 38
  },
  "ipd_arm2": {
    "arm_label": "control",
    "arm_index": 0,
    "n_patients": 24,
    "n_events": 13,
    "n_censored": 11,
    "n_records": 24
  },
  "total_ipd_records": 62,
  "curve1_times": [
    0.13715953307392997,
    0.13861867704280156,
    0.14348249027237353,
    0.14396887159533073,
    0.14445525291828792,
    0.14494163424124515,
    0.14542801556420235,
    0.14737354085603113,
    0.14785992217898833,
    0.14834630350194553
  ],
  "curve1_times_length": 605,
  "curve1_survivals": [
    0.5029842647856755,
    0.5029842647856755,
    0.5029842647856755,
    0.5029842647856755,
    0.5029842647856755,
    0.5029842647856755,
    0.5029842647856755,
    0.2832338578404775,
    0.2832338578404775,
    0.2832338578404775
  ],
  "curve1_survivals_length": 605,
  "curve2_times": [
    0.0,
    0.0,
    0.0,
    0.0,
    0.0,
    0.0,
    0.0,
    0.0,
    0.0,
    0.0
  ],
  "curve2_times_length": 641,
  "curve2_survivals": [
    0.9462832338578405,
    0.9462832338578405,
    0.9462832338578405,
    0.9462832338578405,
    0.9462832338578405,
    0.9462832338578405,
    0.5062398263700488,
    0.5062398263700488,
    0.5051546391752577,
    0.5051546391752577
  ],
  "curve2_survivals_length": 641,
  "confidence": 0.76,
  "orientation_method": "text_hr_match",
  "text_hr": 0.83,
  "n_curves_found": 3,
  "n_pages_scanned": 11,
  "processing_time_s": 21.04,
  "warnings": [],
  "text_hr_context": "ation for heart failure (4.9% vs. 5.8%; hazard ratio, 0.83; 95% CI, 0.73 to 0.95; P = 0.005), whic",
  "pair_description": "blue_2(p5) vs black_2(p5)",
  "pair_rank": 2,
  "pair_quality_score": 110.0,
  "pair_orientation": "forward",
  "certification_status": "UNCERTIFIED",
  "verification_level": "consistent",
  "verification_checks_passed": [
    "RANGE_PLAUSIBLE",
    "CI_ORDERED",
    "CI_CONTAINS_POINT",
    "LOG_SYMMETRY",
    "TEXT_HR_CONSISTENCY"
  ],
  "verification_checks_failed": [],
  "verification_hash": "0225193da8d738eb",
  "pipeline_version": "1.4",
  "timestamp": "2026-02-24T05:14:18.118447+00:00"
}