{
  "pdf_path": "NEJMoa1911303.pdf",
  "pdf_name": "NEJMoa1911303.pdf",
  "hr": 0.74,
  "ci_lower": null,
  "ci_upper": null,
  "p_value": null,
  "hr_method": "text_hr_pair_fallback",
  "ipd_arm1": {
    "arm_label": "treatment",
    "arm_index": 1,
    "n_patients": 52,
    "n_events": 27,
    "n_censored": 25,
    "n_records": 52
  },
  "ipd_arm2": {
    "arm_label": "control",
    "arm_index": 0,
    "n_patients": 49,
    "n_events": 26,
    "n_censored": 23,
    "n_records": 49
  },
  "total_ipd_records": 101,
  "curve1_times": [
    0.0,
    0.0,
    0.0,
    0.0,
    0.0,
    0.06371595330739299,
    0.06420233463035019,
    0.0646887159533074,
    0.0651750972762646,
    0.06566147859922179
  ],
  "curve1_times_length": 985,
  "curve1_survivals": [
    0.41547619047619044,
    0.41547619047619044,
    0.41547619047619044,
    0.41547619047619044,
    0.41547619047619044,
    0.330952380952381,
    0.330952380952381,
    0.330952380952381,
    0.32658730158730154,
    0.32539682539682535
  ],
  "curve1_survivals_length": 985,
  "curve2_times": [
    0.0,
    0.0,
    0.0,
    0.0,
    0.0,
    0.11186770428015565,
    0.11235408560311284,
    0.11284046692607004,
    0.11332684824902724,
    0.11381322957198443
  ],
  "curve2_times_length": 577,
  "curve2_survivals": [
    0.40753968253968254,
    0.40753968253968254,
    0.40753968253968254,
    0.40753968253968254,
    0.40753968253968254,
    0.24563492063492065,
    0.24484126984126986,
    0.24484126984126986,
    0.24484126984126986,
    0.2416666666666667
  ],
  "curve2_survivals_length": 577,
  "confidence": 0.6,
  "orientation_method": "text_hr_pair_fallback",
  "text_hr": 0.74,
  "n_curves_found": 2,
  "n_pages_scanned": 12,
  "processing_time_s": 55.07,
  "warnings": [
    "Text HR match weak: extracted 0.999 vs text 0.74 (log-err=0.300)",
    "Curve HR diverged from text HR; using text HR while retaining the selected curve pair for IPD."
  ],
  "text_hr_context": "patients (21.2%) in the placebo group (hazard ratio, 0.74; 95% confidence interval [CI], 0.65 to 0.85; P<0.001). A first worsening heart fai",
  "pair_description": "red(p9) vs red_2(p9)",
  "pair_rank": 1,
  "pair_quality_score": 140.0,
  "pair_orientation": "forward",
  "certification_status": "UNCERTIFIED",
  "verification_level": "consistent",
  "verification_checks_passed": [
    "RANGE_PLAUSIBLE",
    "CI_ORDERED",
    "CI_CONTAINS_POINT",
    "LOG_SYMMETRY",
    "TEXT_HR_CONSISTENCY"
  ],
  "verification_checks_failed": [],
  "verification_hash": "5c6a6a37cc142b09",
  "pipeline_version": "1.4",
  "timestamp": "2026-02-24T05:15:25.581428+00:00"
}