{
  "pdf_path": "NEJMoa2022190.pdf",
  "pdf_name": "NEJMoa2022190.pdf",
  "hr": 0.69,
  "ci_lower": 0.469,
  "ci_upper": 1.014,
  "p_value": null,
  "hr_method": "text_hr_match",
  "ipd_arm1": {
    "arm_label": "treatment",
    "arm_index": 1,
    "n_patients": 65,
    "n_events": 54,
    "n_censored": 11,
    "n_records": 65
  },
  "ipd_arm2": {
    "arm_label": "control",
    "arm_index": 0,
    "n_patients": 76,
    "n_events": 65,
    "n_censored": 11,
    "n_records": 76
  },
  "total_ipd_records": 141,
  "curve1_times": [
    0.23686770428015563,
    0.23735408560311283,
    0.23784046692607003,
    0.23832684824902725,
    0.23881322957198445,
    0.2587548638132296,
    0.2592412451361868,
    0.259727626459144,
    0.2602140077821012,
    0.2607003891050584
  ],
  "curve1_times_length": 132,
  "curve1_survivals": [
    0.6736453201970443,
    0.6736453201970443,
    0.6736453201970443,
    0.6736453201970443,
    0.6736453201970443,
    0.32389162561576357,
    0.32389162561576357,
    0.32389162561576357,
    0.31650246305418717,
    0.31650246305418717
  ],
  "curve1_survivals_length": 132,
  "curve2_times": [
    0.11186770428015565,
    0.11235408560311284,
    0.11284046692607004,
    0.11332684824902724,
    0.11381322957198443,
    0.11429961089494163,
    0.11478599221789883,
    0.11527237354085604,
    0.11575875486381323,
    0.11624513618677043
  ],
  "curve2_times_length": 540,
  "curve2_survivals": [
    1.0,
    1.0,
    1.0,
    1.0,
    1.0,
    1.0,
    1.0,
    1.0,
    1.0,
    1.0
  ],
  "curve2_survivals_length": 540,
  "confidence": 0.76,
  "orientation_method": "text_hr_match",
  "text_hr": 0.75,
  "n_curves_found": 6,
  "n_pages_scanned": 12,
  "processing_time_s": 44.4,
  "warnings": [],
  "text_hr_context": "patients (24.7%) in the placebo group (hazard ratio for cardiovascular death or hospitalization for heart failure, 0.75; 95% confidence interval [CI], 0.65 to 0.86; P<0.001). The effect of empagliflozin",
  "pair_description": "red_2(p10) vs red(p11)",
  "pair_rank": 9,
  "pair_quality_score": 127.0,
  "pair_orientation": "forward",
  "certification_status": "UNCERTIFIED",
  "verification_level": "consistent",
  "verification_checks_passed": [
    "RANGE_PLAUSIBLE",
    "CI_ORDERED",
    "CI_CONTAINS_POINT",
    "LOG_SYMMETRY",
    "TEXT_HR_CONSISTENCY"
  ],
  "verification_checks_failed": [],
  "verification_hash": "93d1ccdfbad39c7b",
  "pipeline_version": "1.4",
  "timestamp": "2026-02-24T05:16:15.798736+00:00"
}