{
  "pdf_path": "s12872-019-1036-0.pdf",
  "pdf_name": "s12872-019-1036-0.pdf",
  "hr": 1.0,
  "ci_lower": null,
  "ci_upper": null,
  "p_value": null,
  "hr_method": "text_hr_pair_fallback",
  "ipd_arm1": {
    "arm_label": "treatment",
    "arm_index": 1,
    "n_patients": 72,
    "n_events": 62,
    "n_censored": 10,
    "n_records": 72
  },
  "ipd_arm2": {
    "arm_label": "control",
    "arm_index": 0,
    "n_patients": 77,
    "n_events": 66,
    "n_censored": 11,
    "n_records": 77
  },
  "total_ipd_records": 149,
  "curve1_times": [
    0.031032885595182955,
    0.031496062992125984,
    0.03195924038906901,
    0.03242241778601204,
    0.03288559518295507,
    0.0333487725798981,
    0.03381194997684113,
    0.03427512737378416,
    0.03473830477072719,
    0.03520148216767022
  ],
  "curve1_times_length": 202,
  "curve1_survivals": [
    0.9863013698630136,
    0.5570776255707763,
    0.5570776255707763,
    0.5570776255707763,
    0.5570776255707763,
    0.5570776255707763,
    0.5570776255707763,
    0.5570776255707763,
    0.5570776255707763,
    0.5570776255707763
  ],
  "curve1_survivals_length": 202,
  "curve2_times": [
    0.01760074108383511,
    0.018063918480778138,
    0.018527095877721167,
    0.018990273274664196,
    0.019453450671607225,
    0.019916628068550254,
    0.020379805465493284,
    0.020842982862436313,
    0.021306160259379342,
    0.02176933765632237
  ],
  "curve2_times_length": 1055,
  "curve2_survivals": [
    0.680365296803653,
    0.680365296803653,
    0.6798579401319127,
    0.6798579401319127,
    0.6798579401319127,
    0.6798579401319127,
    0.6798579401319127,
    0.6798579401319127,
    0.6798579401319127,
    0.34855403348554037
  ],
  "curve2_survivals_length": 1055,
  "confidence": 0.6,
  "orientation_method": "text_hr_pair_fallback",
  "text_hr": 1.0,
  "n_curves_found": 7,
  "n_pages_scanned": 10,
  "processing_time_s": 37.35,
  "warnings": [
    "Text HR match weak: extracted 0.744 vs text 1.0 (log-err=0.296)",
    "Curve HR diverged from text HR; using text HR while retaining the selected curve pair for IPD."
  ],
  "text_hr_context": "xagliptin versus placebo 3-point MACE \u2194 HR 1.00 (0.89-1.12) TECOS [5] N = 14.671 Sitagliptin versus",
  "pair_description": "blue(p0) vs black_2(p0)",
  "pair_rank": 3,
  "pair_quality_score": 150.0,
  "pair_orientation": "inverse",
  "certification_status": "UNCERTIFIED",
  "verification_level": "consistent",
  "verification_checks_passed": [
    "RANGE_PLAUSIBLE",
    "CI_ORDERED",
    "CI_CONTAINS_POINT",
    "LOG_SYMMETRY",
    "TEXT_HR_CONSISTENCY"
  ],
  "verification_checks_failed": [],
  "verification_hash": "d03c5b285236704d",
  "pipeline_version": "1.4",
  "timestamp": "2026-02-24T05:22:34.041814+00:00"
}