{
  "pdf_path": "scirica-et-al-heart-failure-saxagliptin-and-diabetes-mellitus-observations-from-the-savor-timi-53-randomized-trial.pdf",
  "pdf_name": "scirica-et-al-heart-failure-saxagliptin-and-diabetes-mellitus-observations-from-the-savor-timi-53-randomized-trial.pdf",
  "hr": 1.46,
  "ci_lower": 0.893,
  "ci_upper": 2.329,
  "p_value": null,
  "hr_method": "text_hr_snap",
  "ipd_arm1": {
    "arm_label": "treatment",
    "arm_index": 1,
    "n_patients": 38,
    "n_events": 28,
    "n_censored": 10,
    "n_records": 38
  },
  "ipd_arm2": {
    "arm_label": "control",
    "arm_index": 0,
    "n_patients": 94,
    "n_events": 83,
    "n_censored": 11,
    "n_records": 94
  },
  "total_ipd_records": 132,
  "curve1_times": [
    0.0,
    0.0,
    0.0,
    0.0,
    0.0,
    0.0,
    0.0,
    0.0,
    0.0,
    0.0
  ],
  "curve1_times_length": 1331,
  "curve1_survivals": [
    1.0,
    1.0,
    0.2952891612409039,
    0.2952891612409039,
    0.2952891612409039,
    0.2952891612409039,
    0.2952891612409039,
    0.2952891612409039,
    0.2952891612409039,
    0.2952891612409039
  ],
  "curve1_survivals_length": 1331,
  "curve2_times": [
    0.0,
    0.0,
    0.0,
    0.0,
    0.0,
    0.0,
    0.0,
    0.0,
    0.0,
    0.0
  ],
  "curve2_times_length": 691,
  "curve2_survivals": [
    0.9841688654353562,
    0.9841688654353562,
    0.9841688654353562,
    0.9841688654353562,
    0.9841688654353562,
    0.9841688654353562,
    0.9841688654353562,
    0.9841688654353562,
    0.9841688654353562,
    0.9841688654353562
  ],
  "curve2_survivals_length": 691,
  "confidence": 0.98,
  "orientation_method": "text_hr_snap",
  "text_hr": 1.46,
  "n_curves_found": 3,
  "n_pages_scanned": 10,
  "processing_time_s": 57.47,
  "warnings": [],
  "text_hr_context": "es at 12 months were 1.9% versus 1.3% (hazard ratio, 1.46; 95% confidence interval, 1.15-1.88; P=0.002), with no significant differen",
  "pair_description": "black(p3) vs black(p5)",
  "pair_rank": 2,
  "pair_quality_score": 180.0,
  "pair_orientation": "forward",
  "certification_status": "UNCERTIFIED",
  "verification_level": "consistent",
  "verification_checks_passed": [
    "RANGE_PLAUSIBLE",
    "CI_ORDERED",
    "CI_CONTAINS_POINT",
    "LOG_SYMMETRY",
    "TEXT_HR_CONSISTENCY"
  ],
  "verification_checks_failed": [],
  "verification_hash": "fa9630b3f8d31f61",
  "pipeline_version": "1.4",
  "timestamp": "2026-02-24T05:23:34.031109+00:00"
}