{
  "pdf_path": "white-et-al-angiotensin-converting-enzyme-inhibitor-use-and-major-cardiovascular-outcomes-in-type-2-diabetes-mellitus.pdf",
  "pdf_name": "white-et-al-angiotensin-converting-enzyme-inhibitor-use-and-major-cardiovascular-outcomes-in-type-2-diabetes-mellitus.pdf",
  "hr": 0.97,
  "ci_lower": 0.706,
  "ci_upper": 1.296,
  "p_value": null,
  "hr_method": "text_hr_snap",
  "ipd_arm1": {
    "arm_label": "treatment",
    "arm_index": 1,
    "n_patients": 91,
    "n_events": 81,
    "n_censored": 10,
    "n_records": 91
  },
  "ipd_arm2": {
    "arm_label": "control",
    "arm_index": 0,
    "n_patients": 99,
    "n_events": 88,
    "n_censored": 11,
    "n_records": 99
  },
  "total_ipd_records": 190,
  "curve1_times": [
    0.00471253534401508,
    0.0051837888784165885,
    0.005655042412818096,
    0.006126295947219604,
    0.006597549481621112,
    0.00706880301602262,
    0.007540056550424128,
    0.011310084825636193,
    0.0117813383600377,
    0.012252591894439209
  ],
  "curve1_times_length": 1808,
  "curve1_survivals": [
    0.825925925925926,
    0.7580246913580246,
    0.7580246913580246,
    0.7580246913580246,
    0.7580246913580246,
    0.7580246913580246,
    0.7580246913580246,
    0.7580246913580246,
    0.7580246913580246,
    0.7580246913580246
  ],
  "curve1_survivals_length": 1808,
  "curve2_times": [
    0.0,
    0.000471253534401508,
    0.000942507068803016,
    0.001413760603204524,
    0.001885014137606032,
    0.00235626767200754,
    0.002827521206409048,
    0.003298774740810556,
    0.003770028275212064,
    0.004241281809613572
  ],
  "curve2_times_length": 2038,
  "curve2_survivals": [
    0.9012345679012346,
    0.9012345679012346,
    0.9012345679012346,
    0.9012345679012346,
    0.9012345679012346,
    0.9012345679012346,
    0.9012345679012346,
    0.9012345679012346,
    0.9012345679012346,
    0.9012345679012346
  ],
  "curve2_survivals_length": 2038,
  "confidence": 0.98,
  "orientation_method": "text_hr_snap",
  "text_hr": 0.97,
  "n_curves_found": 7,
  "n_pages_scanned": 8,
  "processing_time_s": 33.29,
  "warnings": [],
  "text_hr_context": "ith ACE inhibitor (11.4% versus 11.8%; hazard ratio, 0.97; 95% confidence interval, 0.79-1.19; P=0.76) and without ACE inhibitor use",
  "pair_description": "black(p4) vs black_2(p4)",
  "pair_rank": 4,
  "pair_quality_score": 148.0,
  "pair_orientation": "inverse",
  "certification_status": "UNCERTIFIED",
  "verification_level": "consistent",
  "verification_checks_passed": [
    "RANGE_PLAUSIBLE",
    "CI_ORDERED",
    "CI_CONTAINS_POINT",
    "LOG_SYMMETRY",
    "TEXT_HR_CONSISTENCY"
  ],
  "verification_checks_failed": [],
  "verification_hash": "59dd142eff653db5",
  "pipeline_version": "1.4",
  "timestamp": "2026-02-24T05:24:14.157749+00:00"
}