{
  "pdf_path": "1-s2.0-S0002914922011213.pdf",
  "pdf_name": "1-s2.0-S0002914922011213.pdf",
  "hr": 1.455,
  "ci_lower": 1.063,
  "ci_upper": 1.991,
  "p_value": null,
  "hr_method": "closest_to_1",
  "ipd_arm1": {
    "arm_label": "treatment",
    "arm_index": 1,
    "n_patients": 99,
    "n_events": 89,
    "n_censored": 10,
    "n_records": 99
  },
  "ipd_arm2": {
    "arm_label": "control",
    "arm_index": 0,
    "n_patients": 84,
    "n_events": 73,
    "n_censored": 11,
    "n_records": 84
  },
  "total_ipd_records": 183,
  "curve1_times": [
    0.019157088122605363,
    0.019636015325670497,
    0.020114942528735632,
    0.020593869731800767,
    0.0210727969348659,
    0.021551724137931036,
    0.022030651340996167,
    0.022509578544061302,
    0.027298850574712645,
    0.027777777777777776
  ],
  "curve1_times_length": 1546,
  "curve1_survivals": [
    1.0,
    1.0,
    1.0,
    1.0,
    1.0,
    1.0,
    1.0,
    1.0,
    1.0,
    1.0
  ],
  "curve1_survivals_length": 1546,
  "curve2_times": [
    0.0,
    0.0,
    0.0,
    0.0,
    0.0,
    0.0,
    0.0,
    0.0,
    0.0,
    0.0
  ],
  "curve2_times_length": 800,
  "curve2_survivals": [
    0.8388235294117647,
    0.8388235294117647,
    0.8388235294117647,
    0.8388235294117647,
    0.8388235294117647,
    0.8388235294117647,
    0.8388235294117647,
    0.8388235294117647,
    0.8388235294117647,
    0.8323529411764706
  ],
  "curve2_survivals_length": 800,
  "confidence": 0.68,
  "orientation_method": "closest_to_1",
  "text_hr": null,
  "n_curves_found": 9,
  "n_pages_scanned": 9,
  "processing_time_s": 48.58,
  "warnings": [
    "No text HR found; orientation resolved by closest-to-1.0 prior (less reliable for extreme HRs)"
  ],
  "text_hr_context": "",
  "pair_description": "blue(p2) vs blue(p5)",
  "pair_rank": 4,
  "pair_quality_score": 151.0,
  "pair_orientation": "inverse",
  "certification_status": "UNCERTIFIED",
  "verification_level": "consistent",
  "verification_checks_passed": [
    "RANGE_PLAUSIBLE",
    "CI_ORDERED",
    "CI_CONTAINS_POINT",
    "LOG_SYMMETRY"
  ],
  "verification_checks_failed": [],
  "verification_hash": "96867dd962e7147f",
  "pipeline_version": "1.4",
  "timestamp": "2026-02-24T05:25:05.929271+00:00"
}