{
  "pdf_path": "1-s2.0-S0140673622014295.pdf",
  "pdf_name": "1-s2.0-S0140673622014295.pdf",
  "hr": 0.925,
  "ci_lower": 0.661,
  "ci_upper": 1.294,
  "p_value": null,
  "hr_method": "text_hr_match",
  "ipd_arm1": {
    "arm_label": "treatment",
    "arm_index": 1,
    "n_patients": 88,
    "n_events": 76,
    "n_censored": 12,
    "n_records": 88
  },
  "ipd_arm2": {
    "arm_label": "control",
    "arm_index": 0,
    "n_patients": 78,
    "n_events": 68,
    "n_censored": 10,
    "n_records": 78
  },
  "total_ipd_records": 166,
  "curve1_times": [
    0.0,
    0.0,
    0.0,
    0.0,
    0.0,
    0.0,
    0.0,
    0.0,
    0.0,
    0.0
  ],
  "curve1_times_length": 1875,
  "curve1_survivals": [
    0.99833748960931,
    0.99833748960931,
    0.99833748960931,
    0.99833748960931,
    0.99833748960931,
    0.99833748960931,
    0.99833748960931,
    0.99833748960931,
    0.99833748960931,
    0.99833748960931
  ],
  "curve1_survivals_length": 1875,
  "curve2_times": [
    0.0,
    0.0,
    0.0,
    0.0,
    0.0,
    0.0,
    0.0,
    0.0,
    0.0,
    0.0
  ],
  "curve2_times_length": 1538,
  "curve2_survivals": [
    0.840960240060015,
    0.840960240060015,
    0.840960240060015,
    0.8075768942235559,
    0.8075768942235559,
    0.8075768942235559,
    0.8075768942235559,
    0.8075768942235559,
    0.8075768942235559,
    0.8060765191297825
  ],
  "curve2_survivals_length": 1538,
  "confidence": 0.76,
  "orientation_method": "text_hr_match",
  "text_hr": 0.8,
  "n_curves_found": 6,
  "n_pages_scanned": 11,
  "processing_time_s": 49.01,
  "warnings": [],
  "text_hr_context": "irst hospitalisation for heart failure (hazard ratio 0.80 [95% CI 0.73-0.87]) with consistent re",
  "pair_description": "red_2(p1) vs black(p6)",
  "pair_rank": 9,
  "pair_quality_score": 133.0,
  "pair_orientation": "forward",
  "certification_status": "UNCERTIFIED",
  "verification_level": "consistent",
  "verification_checks_passed": [
    "RANGE_PLAUSIBLE",
    "CI_ORDERED",
    "CI_CONTAINS_POINT",
    "LOG_SYMMETRY",
    "TEXT_HR_CONSISTENCY"
  ],
  "verification_checks_failed": [],
  "verification_hash": "335e2d8a5d840b8a",
  "pipeline_version": "1.4",
  "timestamp": "2026-02-24T05:27:23.779884+00:00"
}