{
  "pdf_path": "1-s2.0-S0140673622014295-mmc1.pdf",
  "pdf_name": "1-s2.0-S0140673622014295-mmc1.pdf",
  "hr": 0.892,
  "ci_lower": 0.596,
  "ci_upper": 1.334,
  "p_value": null,
  "hr_method": "closest_to_1",
  "ipd_arm1": {
    "arm_label": "treatment",
    "arm_index": 1,
    "n_patients": 65,
    "n_events": 54,
    "n_censored": 11,
    "n_records": 65
  },
  "ipd_arm2": {
    "arm_label": "control",
    "arm_index": 0,
    "n_patients": 65,
    "n_events": 52,
    "n_censored": 13,
    "n_records": 65
  },
  "total_ipd_records": 130,
  "curve1_times": [
    0.004761904761904762,
    0.005555555555555556,
    0.006349206349206349,
    0.007142857142857143,
    0.007936507936507936,
    0.00873015873015873,
    0.009523809523809525,
    0.010317460317460317,
    0.011111111111111112,
    0.011904761904761904
  ],
  "curve1_times_length": 393,
  "curve1_survivals": [
    1.0,
    0.7704326923076923,
    0.7704326923076923,
    0.7704326923076923,
    0.7704326923076923,
    0.7704326923076923,
    0.7704326923076923,
    0.7704326923076923,
    0.7704326923076923,
    0.7704326923076923
  ],
  "curve1_survivals_length": 393,
  "curve2_times": [
    0.004761904761904762,
    0.005555555555555556,
    0.006349206349206349,
    0.007142857142857143,
    0.007936507936507936,
    0.00873015873015873,
    0.009523809523809525,
    0.010317460317460317,
    0.011111111111111112,
    0.011904761904761904
  ],
  "curve2_times_length": 637,
  "curve2_survivals": [
    0.9933894230769231,
    0.9909855769230769,
    0.9909855769230769,
    0.9909855769230769,
    0.9897836538461539,
    0.9891826923076923,
    0.9891826923076923,
    0.9891826923076923,
    0.9885817307692307,
    0.9885817307692307
  ],
  "curve2_survivals_length": 637,
  "confidence": 0.68,
  "orientation_method": "closest_to_1",
  "text_hr": null,
  "n_curves_found": 29,
  "n_pages_scanned": 12,
  "processing_time_s": 81.85,
  "warnings": [
    "No text HR found; orientation resolved by closest-to-1.0 prior (less reliable for extreme HRs)"
  ],
  "text_hr_context": "",
  "pair_description": "blue(p9) vs black(p10)",
  "pair_rank": 17,
  "pair_quality_score": 180.0,
  "pair_orientation": "inverse",
  "certification_status": "UNCERTIFIED",
  "verification_level": "consistent",
  "verification_checks_passed": [
    "RANGE_PLAUSIBLE",
    "CI_ORDERED",
    "CI_CONTAINS_POINT",
    "LOG_SYMMETRY"
  ],
  "verification_checks_failed": [],
  "verification_hash": "623a8ed98dc6e0da",
  "pipeline_version": "1.4",
  "timestamp": "2026-02-24T05:26:30.978675+00:00"
}