{
  "pdf_path": "Anatomy+of+a+Research+Note.pdf",
  "pdf_name": "Anatomy+of+a+Research+Note.pdf",
  "hr": 1.972,
  "ci_lower": 1.384,
  "ci_upper": 2.81,
  "p_value": null,
  "hr_method": "closest_to_1",
  "ipd_arm1": {
    "arm_label": "treatment",
    "arm_index": 1,
    "n_patients": 87,
    "n_events": 75,
    "n_censored": 12,
    "n_records": 87
  },
  "ipd_arm2": {
    "arm_label": "control",
    "arm_index": 0,
    "n_patients": 66,
    "n_events": 55,
    "n_censored": 11,
    "n_records": 66
  },
  "total_ipd_records": 153,
  "curve1_times": [
    0.0,
    0.0,
    0.0,
    0.00032102728731942215,
    0.0006420545746388443,
    0.0009630818619582664,
    0.0012841091492776886,
    0.0016051364365971107,
    0.0019261637239165329,
    0.0022471910112359553
  ],
  "curve1_times_length": 369,
  "curve1_survivals": [
    0.7829649863421903,
    0.7827166625279365,
    0.7827166625279365,
    0.7827166625279365,
    0.7827166625279365,
    0.7827166625279365,
    0.7827166625279365,
    0.7827166625279365,
    0.7827166625279365,
    0.7827166625279365
  ],
  "curve1_survivals_length": 369,
  "curve2_times": [
    0.0,
    0.0,
    0.0,
    0.00032102728731942215,
    0.0006420545746388443,
    0.0009630818619582664,
    0.0012841091492776886,
    0.0016051364365971107,
    0.0019261637239165329,
    0.0022471910112359553
  ],
  "curve2_times_length": 75,
  "curve2_survivals": [
    0.7737770052148001,
    0.745964738018376,
    0.745964738018376,
    0.745964738018376,
    0.745964738018376,
    0.745964738018376,
    0.745964738018376,
    0.745964738018376,
    0.745964738018376,
    0.745964738018376
  ],
  "curve2_survivals_length": 75,
  "confidence": 0.69,
  "orientation_method": "closest_to_1",
  "text_hr": null,
  "n_curves_found": 2,
  "n_pages_scanned": 1,
  "processing_time_s": 8.19,
  "warnings": [
    "No text HR found; orientation resolved by closest-to-1.0 prior (less reliable for extreme HRs)"
  ],
  "text_hr_context": "",
  "pair_description": "black(p0) vs black_2(p0)",
  "pair_rank": 1,
  "pair_quality_score": 123.0,
  "pair_orientation": "forward",
  "certification_status": "UNCERTIFIED",
  "verification_level": "consistent",
  "verification_checks_passed": [
    "RANGE_PLAUSIBLE",
    "CI_ORDERED",
    "CI_CONTAINS_POINT",
    "LOG_SYMMETRY"
  ],
  "verification_checks_failed": [],
  "verification_hash": "942b216c8803ea18",
  "pipeline_version": "1.4",
  "timestamp": "2026-02-24T05:28:25.040153+00:00"
}