{
  "pdf_path": "cherbi-et-al-early-initiation-of-sodium-glucose-cotransporter-2-inhibitors-in-acute-heart-failure-a-systematic-review.pdf",
  "pdf_name": "cherbi-et-al-early-initiation-of-sodium-glucose-cotransporter-2-inhibitors-in-acute-heart-failure-a-systematic-review.pdf",
  "hr": 0.972,
  "ci_lower": 0.794,
  "ci_upper": 1.189,
  "p_value": null,
  "hr_method": "closest_to_1",
  "ipd_arm1": {
    "arm_label": "treatment",
    "arm_index": 1,
    "n_patients": 8035,
    "n_events": 6257,
    "n_censored": 1778,
    "n_records": 8035
  },
  "ipd_arm2": {
    "arm_label": "control",
    "arm_index": 0,
    "n_patients": 100,
    "n_events": 99,
    "n_censored": 1,
    "n_records": 100
  },
  "total_ipd_records": 8135,
  "curve1_times": [
    0.03798054654932839,
    0.03844372394627142,
    0.03890690134321445,
    0.042149143121815655,
    0.042612320518758684,
    0.04307549791570171,
    0.04353867531264474,
    0.0444650301065308,
    0.04492820750347383,
    0.04539138490041686
  ],
  "curve1_times_length": 566,
  "curve1_survivals": [
    0.8803921568627451,
    0.8803921568627451,
    0.8803921568627451,
    0.43071895424836604,
    0.43071895424836604,
    0.43071895424836604,
    0.43071895424836604,
    0.43071895424836604,
    0.43071895424836604,
    0.43071895424836604
  ],
  "curve1_survivals_length": 566,
  "curve2_times": [
    0.0,
    0.0,
    0.0,
    0.0,
    0.0,
    0.0,
    0.0,
    0.0,
    0.0,
    0.0
  ],
  "curve2_times_length": 245,
  "curve2_survivals": [
    1.0,
    1.0,
    1.0,
    1.0,
    1.0,
    1.0,
    1.0,
    1.0,
    1.0,
    1.0
  ],
  "curve2_survivals_length": 245,
  "confidence": 0.78,
  "orientation_method": "closest_to_1",
  "text_hr": null,
  "n_curves_found": 25,
  "n_pages_scanned": 12,
  "processing_time_s": 118.01,
  "warnings": [
    "No text HR found; orientation resolved by closest-to-1.0 prior (less reliable for extreme HRs)"
  ],
  "text_hr_context": "",
  "pair_description": "black(p8) vs blue(p9)",
  "pair_rank": 1,
  "pair_quality_score": 175.0,
  "pair_orientation": "inverse",
  "certification_status": "UNCERTIFIED",
  "verification_level": "consistent",
  "verification_checks_passed": [
    "RANGE_PLAUSIBLE",
    "CI_ORDERED",
    "CI_CONTAINS_POINT",
    "LOG_SYMMETRY"
  ],
  "verification_checks_failed": [],
  "verification_hash": "1abe102b734ca795",
  "pipeline_version": "1.4",
  "timestamp": "2026-02-24T05:32:20.057889+00:00"
}