{
  "pdf_path": "ehi115.pdf",
  "pdf_name": "ehi115.pdf",
  "hr": 0.937,
  "ci_lower": 0.4,
  "ci_upper": 2.192,
  "p_value": null,
  "hr_method": "text_hr_match",
  "ipd_arm1": {
    "arm_label": "treatment",
    "arm_index": 1,
    "n_patients": 22,
    "n_events": 11,
    "n_censored": 11,
    "n_records": 22
  },
  "ipd_arm2": {
    "arm_label": "control",
    "arm_index": 0,
    "n_patients": 21,
    "n_events": 11,
    "n_censored": 10,
    "n_records": 21
  },
  "total_ipd_records": 43,
  "curve1_times": [
    0.0,
    0.0,
    0.0,
    0.0,
    0.0,
    0.0,
    0.0,
    0.0,
    0.0,
    0.0
  ],
  "curve1_times_length": 1713,
  "curve1_survivals": [
    0.5761511216056671,
    0.5761511216056671,
    0.5761511216056671,
    0.4557260920897285,
    0.4557260920897285,
    0.4557260920897285,
    0.4557260920897285,
    0.4557260920897285,
    0.4557260920897285,
    0.4557260920897285
  ],
  "curve1_survivals_length": 1713,
  "curve2_times": [
    0.0,
    0.0,
    0.0,
    0.0,
    0.0,
    0.0,
    0.0,
    0.0,
    0.0,
    0.0
  ],
  "curve2_times_length": 1713,
  "curve2_survivals": [
    0.5997638724911452,
    0.5997638724911452,
    0.5997638724911452,
    0.47933884297520657,
    0.47933884297520657,
    0.47933884297520657,
    0.47933884297520657,
    0.47933884297520657,
    0.47933884297520657,
    0.47933884297520657
  ],
  "curve2_survivals_length": 1713,
  "confidence": 0.91,
  "orientation_method": "text_hr_match",
  "text_hr": 0.88,
  "n_curves_found": 6,
  "n_pages_scanned": 11,
  "processing_time_s": 34.31,
  "warnings": [],
  "text_hr_context": "n nebivolol and 192 (18.1%) on placebo (HR 0.88, 95% CI 0.71-1.08; P \u00bc 0.21). Conclusion Nebivolol, a bet",
  "pair_description": "black(p3) vs black_2(p3)",
  "pair_rank": 2,
  "pair_quality_score": 128.0,
  "pair_orientation": "inverse",
  "certification_status": "UNCERTIFIED",
  "verification_level": "consistent",
  "verification_checks_passed": [
    "RANGE_PLAUSIBLE",
    "CI_ORDERED",
    "CI_CONTAINS_POINT",
    "LOG_SYMMETRY",
    "TEXT_HR_CONSISTENCY"
  ],
  "verification_checks_failed": [],
  "verification_hash": "d20dbf76baa5a364",
  "pipeline_version": "1.4",
  "timestamp": "2026-02-24T05:32:57.359984+00:00"
}