{
  "pdf_path": "fcvm-11-1388337.pdf",
  "pdf_name": "fcvm-11-1388337.pdf",
  "hr": 1.019,
  "ci_lower": 0.728,
  "ci_upper": 1.427,
  "p_value": null,
  "hr_method": "closest_to_1",
  "ipd_arm1": {
    "arm_label": "treatment",
    "arm_index": 1,
    "n_patients": 100,
    "n_events": 96,
    "n_censored": 4,
    "n_records": 100
  },
  "ipd_arm2": {
    "arm_label": "control",
    "arm_index": 0,
    "n_patients": 100,
    "n_events": 94,
    "n_censored": 6,
    "n_records": 100
  },
  "total_ipd_records": 200,
  "curve1_times": [
    0.10287303058387395,
    0.10472659870250231,
    0.1056533827618165,
    0.10658016682113068,
    0.10750695088044486,
    0.10843373493975904,
    0.10936051899907322,
    0.1102873030583874,
    0.11121408711770157,
    0.11214087117701575
  ],
  "curve1_times_length": 189,
  "curve1_survivals": [
    0.974002849002849,
    0.9640313390313391,
    0.9640313390313391,
    0.9640313390313391,
    0.9640313390313391,
    0.9640313390313391,
    0.9640313390313391,
    0.9640313390313391,
    0.9633190883190883,
    0.9633190883190883
  ],
  "curve1_survivals_length": 189,
  "curve2_times": [
    0.10287303058387395,
    0.10379981464318813,
    0.10472659870250231,
    0.1056533827618165,
    0.10658016682113068,
    0.10750695088044486,
    0.10843373493975904,
    0.10936051899907322,
    0.1102873030583874,
    0.11121408711770157
  ],
  "curve2_times_length": 488,
  "curve2_survivals": [
    0.9647435897435898,
    0.9647435897435898,
    0.9647435897435898,
    0.9647435897435898,
    0.9647435897435898,
    0.9647435897435898,
    0.9647435897435898,
    0.9647435897435898,
    0.9647435897435898,
    0.9647435897435898
  ],
  "curve2_survivals_length": 488,
  "confidence": 0.68,
  "orientation_method": "closest_to_1",
  "text_hr": null,
  "n_curves_found": 23,
  "n_pages_scanned": 12,
  "processing_time_s": 118.8,
  "warnings": [
    "No text HR found; orientation resolved by closest-to-1.0 prior (less reliable for extreme HRs)"
  ],
  "text_hr_context": "",
  "pair_description": "red(p1) vs red(p4)",
  "pair_rank": 19,
  "pair_quality_score": 146.0,
  "pair_orientation": "inverse",
  "certification_status": "UNCERTIFIED",
  "verification_level": "consistent",
  "verification_checks_passed": [
    "RANGE_PLAUSIBLE",
    "CI_ORDERED",
    "CI_CONTAINS_POINT",
    "LOG_SYMMETRY"
  ],
  "verification_checks_failed": [],
  "verification_hash": "4cf1c6e96cb78dc0",
  "pipeline_version": "1.4",
  "timestamp": "2026-02-24T05:34:59.415789+00:00"
}