{
  "pdf_path": "jcm-11-00348-v2.pdf",
  "pdf_name": "jcm-11-00348-v2.pdf",
  "hr": 0.923,
  "ci_lower": 0.613,
  "ci_upper": 1.389,
  "p_value": null,
  "hr_method": "text_hr_match",
  "ipd_arm1": {
    "arm_label": "treatment",
    "arm_index": 1,
    "n_patients": 52,
    "n_events": 41,
    "n_censored": 11,
    "n_records": 52
  },
  "ipd_arm2": {
    "arm_label": "control",
    "arm_index": 0,
    "n_patients": 63,
    "n_events": 53,
    "n_censored": 10,
    "n_records": 63
  },
  "total_ipd_records": 115,
  "curve1_times": [
    0.0,
    0.0,
    0.0,
    0.0,
    0.0,
    0.0,
    0.0,
    0.0,
    0.0,
    0.0
  ],
  "curve1_times_length": 2015,
  "curve1_survivals": [
    0.6031746031746033,
    0.6031746031746033,
    0.42239858906525574,
    0.42239858906525574,
    0.42239858906525574,
    0.42239858906525574,
    0.42239858906525574,
    0.42239858906525574,
    0.42239858906525574,
    0.42239858906525574
  ],
  "curve1_survivals_length": 2015,
  "curve2_times": [
    0.0,
    0.0,
    0.0,
    0.0,
    0.0,
    0.0,
    0.0,
    0.0,
    0.0,
    0.0
  ],
  "curve2_times_length": 1883,
  "curve2_survivals": [
    0.6031746031746033,
    0.6031746031746033,
    0.5467372134038802,
    0.5467372134038802,
    0.5467372134038802,
    0.5467372134038802,
    0.5467372134038802,
    0.5467372134038802,
    0.5467372134038802,
    0.5467372134038802
  ],
  "curve2_survivals_length": 1883,
  "confidence": 0.86,
  "orientation_method": "text_hr_match",
  "text_hr": 0.87,
  "n_curves_found": 8,
  "n_pages_scanned": 11,
  "processing_time_s": 120.22,
  "warnings": [],
  "text_hr_context": "\ufb01cant reduction in all-cause mortality (HR 0.87, 95% CI 0.77-0.98), CVD (HR 0.86, 95% CI 0.76-0.98), CVD-",
  "pair_description": "black(p0) vs black_2(p0)",
  "pair_rank": 9,
  "pair_quality_score": 128.0,
  "pair_orientation": "forward",
  "certification_status": "UNCERTIFIED",
  "verification_level": "consistent",
  "verification_checks_passed": [
    "RANGE_PLAUSIBLE",
    "CI_ORDERED",
    "CI_CONTAINS_POINT",
    "LOG_SYMMETRY",
    "TEXT_HR_CONSISTENCY"
  ],
  "verification_checks_failed": [],
  "verification_hash": "d415535bf03b7cf9",
  "pipeline_version": "1.4",
  "timestamp": "2026-02-24T05:37:04.352627+00:00"
}