{
  "pdf_path": "nejmoa2107038_appendix.pdf",
  "pdf_name": "nejmoa2107038_appendix.pdf",
  "hr": 1.017,
  "ci_lower": 0.527,
  "ci_upper": 1.965,
  "p_value": null,
  "hr_method": "closest_to_1",
  "ipd_arm1": {
    "arm_label": "treatment",
    "arm_index": 1,
    "n_patients": 28,
    "n_events": 18,
    "n_censored": 10,
    "n_records": 28
  },
  "ipd_arm2": {
    "arm_label": "control",
    "arm_index": 0,
    "n_patients": 30,
    "n_events": 19,
    "n_censored": 11,
    "n_records": 30
  },
  "total_ipd_records": 58,
  "curve1_times": [
    0.0,
    0.0,
    0.0,
    0.0,
    0.0,
    0.0,
    0.0,
    0.0,
    0.0,
    0.0
  ],
  "curve1_times_length": 522,
  "curve1_survivals": [
    0.7781818181818182,
    0.7781818181818182,
    0.7775757575757576,
    0.7096969696969697,
    0.7096969696969697,
    0.64,
    0.64,
    0.64,
    0.6175757575757576,
    0.6175757575757576
  ],
  "curve1_survivals_length": 522,
  "curve2_times": [
    0.0,
    0.0,
    0.0,
    0.0,
    0.0,
    0.0,
    0.0,
    0.0,
    0.0,
    0.0
  ],
  "curve2_times_length": 921,
  "curve2_survivals": [
    0.7903030303030303,
    0.7903030303030303,
    0.7896969696969697,
    0.7884848484848485,
    0.64,
    0.6145454545454545,
    0.6145454545454545,
    0.6145454545454545,
    0.6145454545454545,
    0.6145454545454545
  ],
  "curve2_survivals_length": 921,
  "confidence": 0.73,
  "orientation_method": "closest_to_1",
  "text_hr": null,
  "n_curves_found": 3,
  "n_pages_scanned": 12,
  "processing_time_s": 59.42,
  "warnings": [
    "No text HR found; orientation resolved by closest-to-1.0 prior (less reliable for extreme HRs)"
  ],
  "text_hr_context": "",
  "pair_description": "black(p0) vs black_2(p0)",
  "pair_rank": 1,
  "pair_quality_score": 141.0,
  "pair_orientation": "inverse",
  "certification_status": "UNCERTIFIED",
  "verification_level": "consistent",
  "verification_checks_passed": [
    "RANGE_PLAUSIBLE",
    "CI_ORDERED",
    "CI_CONTAINS_POINT",
    "LOG_SYMMETRY"
  ],
  "verification_checks_failed": [],
  "verification_hash": "6dc695881b1c2376",
  "pipeline_version": "1.4",
  "timestamp": "2026-02-24T05:44:04.270548+00:00"
}