{
  "pdf_path": "NEJMoa1409077.pdf",
  "pdf_name": "NEJMoa1409077.pdf",
  "hr": 0.8,
  "ci_lower": null,
  "ci_upper": null,
  "p_value": null,
  "hr_method": "text_hr_pair_fallback",
  "ipd_arm1": {
    "arm_label": "treatment",
    "arm_index": 1,
    "n_patients": 17,
    "n_events": 7,
    "n_censored": 10,
    "n_records": 17
  },
  "ipd_arm2": {
    "arm_label": "control",
    "arm_index": 0,
    "n_patients": 92,
    "n_events": 79,
    "n_censored": 13,
    "n_records": 92
  },
  "total_ipd_records": 109,
  "curve1_times": [
    0.0,
    0.0,
    0.0,
    0.0,
    0.0,
    0.0,
    0.0,
    0.0,
    0.0,
    0.0
  ],
  "curve1_times_length": 1800,
  "curve1_survivals": [
    0.46375074895146795,
    0.46375074895146795,
    0.46375074895146795,
    0.46375074895146795,
    0.46375074895146795,
    0.46375074895146795,
    0.46375074895146795,
    0.46375074895146795,
    0.46375074895146795,
    0.46375074895146795
  ],
  "curve1_survivals_length": 1800,
  "curve2_times": [
    0.125,
    0.1254863813229572,
    0.1259727626459144,
    0.1264591439688716,
    0.1269455252918288,
    0.12743190661478598,
    0.12791828793774318,
    0.12840466926070038,
    0.12889105058365757,
    0.1293774319066148
  ],
  "curve2_times_length": 880,
  "curve2_survivals": [
    0.8107494322482968,
    0.6578349735049205,
    0.6578349735049205,
    0.6578349735049205,
    0.6578349735049205,
    0.6578349735049205,
    0.6578349735049205,
    0.6578349735049205,
    0.6578349735049205,
    0.6578349735049205
  ],
  "curve2_survivals_length": 880,
  "confidence": 0.6,
  "orientation_method": "text_hr_pair_fallback",
  "text_hr": 0.8,
  "n_curves_found": 3,
  "n_pages_scanned": 12,
  "processing_time_s": 34.59,
  "warnings": [
    "Text HR match weak: extracted 0.471 vs text 0.8 (log-err=0.530)",
    "Curve HR diverged from text HR; using text HR while retaining the selected curve pair for IPD."
  ],
  "text_hr_context": "n for Heart Failure A Primary End Point Hazard ratio, 0.80 (95% CI, 0.73-0.87) P<0.001 No. at Risk LCZ696 Enalapril 4",
  "pair_description": "black(p5) vs black(p9)",
  "pair_rank": 3,
  "pair_quality_score": 84.0,
  "pair_orientation": "forward",
  "certification_status": "UNCERTIFIED",
  "verification_level": "consistent",
  "verification_checks_passed": [
    "RANGE_PLAUSIBLE",
    "CI_ORDERED",
    "CI_CONTAINS_POINT",
    "LOG_SYMMETRY",
    "TEXT_HR_CONSISTENCY"
  ],
  "verification_checks_failed": [],
  "verification_hash": "0819d2e9fd29e97b",
  "pipeline_version": "1.4",
  "timestamp": "2026-02-24T05:39:59.933246+00:00"
}