{
  "pdf_path": "NEJMoa2206286.pdf",
  "pdf_name": "NEJMoa2206286.pdf",
  "hr": 0.82,
  "ci_lower": null,
  "ci_upper": null,
  "p_value": null,
  "hr_method": "text_hr_pair_fallback",
  "ipd_arm1": {
    "arm_label": "treatment",
    "arm_index": 1,
    "n_patients": 48,
    "n_events": 24,
    "n_censored": 24,
    "n_records": 48
  },
  "ipd_arm2": {
    "arm_label": "control",
    "arm_index": 0,
    "n_patients": 42,
    "n_events": 16,
    "n_censored": 26,
    "n_records": 42
  },
  "total_ipd_records": 90,
  "curve1_times": [
    0.07830739299610895,
    0.07879377431906615,
    0.07928015564202334,
    0.07976653696498054,
    0.08025291828793775,
    0.08073929961089495,
    0.08122568093385214,
    0.08171206225680934,
    0.08219844357976654,
    0.08268482490272373
  ],
  "curve1_times_length": 614,
  "curve1_survivals": [
    0.46190476190476193,
    0.46190476190476193,
    0.46190476190476193,
    0.46190476190476193,
    0.46190476190476193,
    0.46111111111111114,
    0.45992063492063495,
    0.45912698412698416,
    0.45833333333333337,
    0.457936507936508
  ],
  "curve1_survivals_length": 614,
  "curve2_times": [
    0.05787937743190662,
    0.058365758754863814,
    0.05885214007782101,
    0.05933852140077821,
    0.05982490272373541,
    0.06031128404669261,
    0.060797665369649805,
    0.061284046692607,
    0.061770428015564205,
    0.0622568093385214
  ],
  "curve2_times_length": 623,
  "curve2_survivals": [
    0.4626984126984127,
    0.4626984126984127,
    0.45873015873015877,
    0.45833333333333337,
    0.457936507936508,
    0.4575396825396826,
    0.4571428571428572,
    0.4567460317460318,
    0.45238095238095233,
    0.45198412698412693
  ],
  "curve2_survivals_length": 623,
  "confidence": 0.6,
  "orientation_method": "text_hr_pair_fallback",
  "text_hr": 0.82,
  "n_curves_found": 4,
  "n_pages_scanned": 10,
  "processing_time_s": 15.61,
  "warnings": [
    "Curve HR diverged from text HR; using text HR while retaining the selected curve pair for IPD."
  ],
  "text_hr_context": "patients (19.5%) in the placebo group (hazard ratio, 0.82; 95% confidence interval [CI], 0.73 to 0.92; P<0.001). Worsening heart failure occ",
  "pair_description": "orange(p5) vs blue(p5)",
  "pair_rank": 5,
  "pair_quality_score": 125.0,
  "pair_orientation": "forward",
  "certification_status": "UNCERTIFIED",
  "verification_level": "consistent",
  "verification_checks_passed": [
    "RANGE_PLAUSIBLE",
    "CI_ORDERED",
    "CI_CONTAINS_POINT",
    "LOG_SYMMETRY",
    "TEXT_HR_CONSISTENCY"
  ],
  "verification_checks_failed": [],
  "verification_hash": "5f3e65aa0fb15fd2",
  "pipeline_version": "1.4",
  "timestamp": "2026-02-24T05:44:23.709479+00:00"
}