{
  "pdf_path": "NEJM199909023411001.pdf",
  "pdf_name": "NEJM199909023411001.pdf",
  "hr": 1.275,
  "ci_lower": 0.257,
  "ci_upper": 6.319,
  "p_value": null,
  "hr_method": "closest_to_1",
  "ipd_arm1": {
    "arm_label": "treatment",
    "arm_index": 1,
    "n_patients": 17,
    "n_events": 4,
    "n_censored": 13,
    "n_records": 17
  },
  "ipd_arm2": {
    "arm_label": "control",
    "arm_index": 0,
    "n_patients": 17,
    "n_events": 2,
    "n_censored": 15,
    "n_records": 17
  },
  "total_ipd_records": 34,
  "curve1_times": [
    0.6108007448789572,
    0.6145251396648045,
    0.6163873370577281,
    0.6182495344506518,
    0.6201117318435754,
    0.6219739292364991,
    0.6238361266294227,
    0.6256983240223464,
    0.62756052141527,
    0.6312849162011173
  ],
  "curve1_times_length": 66,
  "curve1_survivals": [
    0.4957446808510638,
    0.4936170212765958,
    0.49148936170212765,
    0.48723404255319147,
    0.48510638297872344,
    0.48510638297872344,
    0.48085106382978726,
    0.48085106382978726,
    0.48085106382978726,
    0.48085106382978726
  ],
  "curve1_survivals_length": 66,
  "curve2_times": [
    0.7690875232774674,
    0.7746741154562383,
    0.776536312849162,
    0.7783985102420856,
    0.7802607076350093,
    0.7821229050279329,
    0.7839851024208566,
    0.7895716945996276,
    0.7914338919925512,
    0.7932960893854749
  ],
  "curve2_times_length": 82,
  "curve2_survivals": [
    0.41914893617021276,
    0.4148936170212766,
    0.4148936170212766,
    0.4148936170212766,
    0.4148936170212766,
    0.4148936170212766,
    0.41276595744680855,
    0.41276595744680855,
    0.41276595744680855,
    0.4106382978723404
  ],
  "curve2_survivals_length": 82,
  "confidence": 0.55,
  "orientation_method": "closest_to_1",
  "text_hr": null,
  "n_curves_found": 5,
  "n_pages_scanned": 9,
  "processing_time_s": 14.9,
  "warnings": [
    "No text HR found; orientation resolved by closest-to-1.0 prior (less reliable for extreme HRs)"
  ],
  "text_hr_context": "",
  "pair_description": "separated_10(p3) vs separated_11(p3)",
  "pair_rank": 5,
  "pair_quality_score": 96.0,
  "pair_orientation": "forward",
  "certification_status": "UNCERTIFIED",
  "verification_level": "consistent",
  "verification_checks_passed": [
    "RANGE_PLAUSIBLE",
    "CI_ORDERED",
    "CI_CONTAINS_POINT",
    "LOG_SYMMETRY"
  ],
  "verification_checks_failed": [],
  "verification_hash": "da18173f1fb1207f",
  "pipeline_version": "1.4",
  "timestamp": "2026-02-24T05:37:22.228787+00:00"
}