{
  "pdf_path": "NEJMoa1908655.pdf",
  "pdf_name": "NEJMoa1908655.pdf",
  "hr": 0.95,
  "ci_lower": null,
  "ci_upper": null,
  "p_value": null,
  "hr_method": "text_hr_pair_fallback",
  "ipd_arm1": {
    "arm_label": "treatment",
    "arm_index": 1,
    "n_patients": 81,
    "n_events": 69,
    "n_censored": 12,
    "n_records": 81
  },
  "ipd_arm2": {
    "arm_label": "control",
    "arm_index": 0,
    "n_patients": 82,
    "n_events": 72,
    "n_censored": 10,
    "n_records": 82
  },
  "total_ipd_records": 163,
  "curve1_times": [
    0.12159533073929961,
    0.1220817120622568,
    0.122568093385214,
    0.12305447470817121,
    0.12354085603112841,
    0.1240272373540856,
    0.1245136186770428,
    0.125,
    0.1254863813229572,
    0.1259727626459144
  ],
  "curve1_times_length": 611,
  "curve1_survivals": [
    0.7165991902834008,
    0.7165991902834008,
    0.7165991902834008,
    0.7165991902834008,
    0.7165991902834008,
    0.7165991902834008,
    0.7165991902834008,
    0.7165991902834008,
    0.7165991902834008,
    0.7165991902834008
  ],
  "curve1_survivals_length": 611,
  "curve2_times": [
    0.04717898832684825,
    0.047665369649805445,
    0.04815175097276265,
    0.048638132295719845,
    0.04912451361867704,
    0.04961089494163424,
    0.05009727626459144,
    0.05058365758754864,
    0.051070038910505836,
    0.05155642023346303
  ],
  "curve2_times_length": 944,
  "curve2_survivals": [
    0.7317307692307693,
    0.3634615384615385,
    0.3634615384615385,
    0.3634615384615385,
    0.3634615384615385,
    1e-06,
    1e-06,
    1e-06,
    1e-06,
    1e-06
  ],
  "curve2_survivals_length": 944,
  "confidence": 0.6,
  "orientation_method": "text_hr_pair_fallback",
  "text_hr": 0.95,
  "n_curves_found": 2,
  "n_pages_scanned": 12,
  "processing_time_s": 22.02,
  "warnings": [
    "Text HR match weak: extracted 0.258 vs text 0.95 (log-err=1.304)",
    "Curve HR diverged from text HR; using text HR while retaining the selected curve pair for IPD."
  ],
  "text_hr_context": "group and 8.9% in the valsartan group (hazard ratio, 0.95; 95% CI, 0.79 to 1.16); there were 690",
  "pair_description": "black(p6) vs black(p7)",
  "pair_rank": 1,
  "pair_quality_score": 133.0,
  "pair_orientation": "inverse",
  "certification_status": "UNCERTIFIED",
  "verification_level": "consistent",
  "verification_checks_passed": [
    "RANGE_PLAUSIBLE",
    "CI_ORDERED",
    "CI_CONTAINS_POINT",
    "LOG_SYMMETRY",
    "TEXT_HR_CONSISTENCY"
  ],
  "verification_checks_failed": [],
  "verification_hash": "67a52c00c46f1d9a",
  "pipeline_version": "1.4",
  "timestamp": "2026-02-24T05:40:24.572623+00:00"
}