{
  "pdf_path": "s12933-022-01455-2.pdf",
  "pdf_name": "s12933-022-01455-2.pdf",
  "hr": 1.005,
  "ci_lower": 0.624,
  "ci_upper": 1.619,
  "p_value": null,
  "hr_method": "closest_to_1",
  "ipd_arm1": {
    "arm_label": "treatment",
    "arm_index": 1,
    "n_patients": 100,
    "n_events": 89,
    "n_censored": 11,
    "n_records": 100
  },
  "ipd_arm2": {
    "arm_label": "control",
    "arm_index": 0,
    "n_patients": 76,
    "n_events": 65,
    "n_censored": 11,
    "n_records": 76
  },
  "total_ipd_records": 176,
  "curve1_times": [
    0.019916628068550254,
    0.020379805465493284,
    0.020842982862436313,
    0.030569708198239925,
    0.031032885595182955,
    0.031496062992125984,
    0.03195924038906901,
    0.03242241778601204,
    0.03288559518295507,
    0.0333487725798981
  ],
  "curve1_times_length": 586,
  "curve1_survivals": [
    1.0,
    1.0,
    1.0,
    1.0,
    0.40338803599788253,
    0.40338803599788253,
    0.40338803599788253,
    0.40338803599788253,
    0.40338803599788253,
    0.40338803599788253
  ],
  "curve1_survivals_length": 586,
  "curve2_times": [
    0.01760074108383511,
    0.018063918480778138,
    0.018527095877721167,
    0.0222325150532654,
    0.02269569245020843,
    0.02315886984715146,
    0.023622047244094488,
    0.024085224641037517,
    0.024548402037980546,
    0.025011579434923575
  ],
  "curve2_times_length": 1993,
  "curve2_survivals": [
    0.9221810481736369,
    0.9221810481736369,
    0.9221810481736369,
    0.9221810481736369,
    0.5976707252514558,
    0.5976707252514558,
    0.5976707252514558,
    0.5976707252514558,
    0.5976707252514558,
    0.5976707252514558
  ],
  "curve2_survivals_length": 1993,
  "confidence": 0.64,
  "orientation_method": "closest_to_1",
  "text_hr": null,
  "n_curves_found": 9,
  "n_pages_scanned": 8,
  "processing_time_s": 28.94,
  "warnings": [
    "No text HR found; orientation resolved by closest-to-1.0 prior (less reliable for extreme HRs)"
  ],
  "text_hr_context": "",
  "pair_description": "blue(p2) vs blue_2(p2)",
  "pair_rank": 17,
  "pair_quality_score": 120.0,
  "pair_orientation": "inverse",
  "certification_status": "UNCERTIFIED",
  "verification_level": "consistent",
  "verification_checks_passed": [
    "RANGE_PLAUSIBLE",
    "CI_ORDERED",
    "CI_CONTAINS_POINT",
    "LOG_SYMMETRY"
  ],
  "verification_checks_failed": [],
  "verification_hash": "cc8fdb9b37637c2f",
  "pipeline_version": "1.4",
  "timestamp": "2026-02-24T05:47:06.412593+00:00"
}