{
  "pdf_path": "s12933-022-01679-2.pdf",
  "pdf_name": "s12933-022-01679-2.pdf",
  "hr": 1.116,
  "ci_lower": 0.728,
  "ci_upper": 1.709,
  "p_value": null,
  "hr_method": "closest_to_1",
  "ipd_arm1": {
    "arm_label": "treatment",
    "arm_index": 1,
    "n_patients": 52,
    "n_events": 42,
    "n_censored": 10,
    "n_records": 52
  },
  "ipd_arm2": {
    "arm_label": "control",
    "arm_index": 0,
    "n_patients": 15,
    "n_events": 5,
    "n_censored": 10,
    "n_records": 15
  },
  "total_ipd_records": 67,
  "curve1_times": [
    0.01760074108383511,
    0.018063918480778138,
    0.018527095877721167,
    0.0222325150532654,
    0.02269569245020843,
    0.02315886984715146,
    0.023622047244094488,
    0.024085224641037517,
    0.024548402037980546,
    0.025011579434923575
  ],
  "curve1_times_length": 1992,
  "curve1_survivals": [
    0.9461709211986682,
    0.9461709211986682,
    0.9461709211986682,
    0.9461709211986682,
    0.9461709211986682,
    0.7391786903440621,
    0.7391786903440621,
    0.7391786903440621,
    0.7391786903440621,
    0.7391786903440621
  ],
  "curve1_survivals_length": 1992,
  "curve2_times": [
    0.12974976830398516,
    0.13067655236329936,
    0.13160333642261354,
    0.13253012048192772,
    0.13901760889712697,
    0.13994439295644115,
    0.14087117701575533,
    0.1417979610750695,
    0.14272474513438368,
    0.14365152919369786
  ],
  "curve2_times_length": 994,
  "curve2_survivals": [
    0.9124336618650493,
    0.9124336618650493,
    0.9124336618650493,
    0.9124336618650493,
    0.9124336618650493,
    0.9124336618650493,
    0.9124336618650493,
    0.9124336618650493,
    0.9124336618650493,
    0.9124336618650493
  ],
  "curve2_survivals_length": 994,
  "confidence": 0.6,
  "orientation_method": "closest_to_1",
  "text_hr": null,
  "n_curves_found": 6,
  "n_pages_scanned": 10,
  "processing_time_s": 60.01,
  "warnings": [
    "No text HR found; orientation resolved by closest-to-1.0 prior (less reliable for extreme HRs)"
  ],
  "text_hr_context": "",
  "pair_description": "blue(p1) vs black_2(p6)",
  "pair_rank": 15,
  "pair_quality_score": 80.0,
  "pair_orientation": "forward",
  "certification_status": "UNCERTIFIED",
  "verification_level": "consistent",
  "verification_checks_passed": [
    "RANGE_PLAUSIBLE",
    "CI_ORDERED",
    "CI_CONTAINS_POINT",
    "LOG_SYMMETRY"
  ],
  "verification_checks_failed": [],
  "verification_hash": "9868df900670f036",
  "pipeline_version": "1.4",
  "timestamp": "2026-02-24T05:48:09.174972+00:00"
}