{
  "pdf_path": "s41591-022-01703-8.pdf",
  "pdf_name": "s41591-022-01703-8.pdf",
  "hr": 1.132,
  "ci_lower": 0.812,
  "ci_upper": 1.578,
  "p_value": null,
  "hr_method": "closest_to_1",
  "ipd_arm1": {
    "arm_label": "treatment",
    "arm_index": 1,
    "n_patients": 71,
    "n_events": 60,
    "n_censored": 11,
    "n_records": 71
  },
  "ipd_arm2": {
    "arm_label": "control",
    "arm_index": 0,
    "n_patients": 100,
    "n_events": 95,
    "n_censored": 5,
    "n_records": 100
  },
  "total_ipd_records": 171,
  "curve1_times": [
    0.0,
    0.0,
    0.0,
    0.0,
    0.0,
    0.0,
    0.0,
    0.0,
    0.0,
    0.0
  ],
  "curve1_times_length": 2335,
  "curve1_survivals": [
    0.8689393939393939,
    0.8689393939393939,
    0.8689393939393939,
    0.8689393939393939,
    0.8689393939393939,
    0.8689393939393939,
    0.8689393939393939,
    0.8689393939393939,
    0.8689393939393939,
    0.8689393939393939
  ],
  "curve1_survivals_length": 2335,
  "curve2_times": [
    0.0,
    0.0,
    0.0,
    0.0,
    0.0,
    0.0,
    0.0,
    0.0,
    0.0004506534474988734,
    0.0009013068949977468
  ],
  "curve2_times_length": 212,
  "curve2_survivals": [
    0.9696969696969697,
    0.9696969696969697,
    0.9696969696969697,
    0.9696969696969697,
    0.3950757575757575,
    0.3950757575757575,
    0.3950757575757575,
    0.3950757575757575,
    0.3386363636363636,
    0.3386363636363636
  ],
  "curve2_survivals_length": 212,
  "confidence": 0.68,
  "orientation_method": "closest_to_1",
  "text_hr": null,
  "n_curves_found": 14,
  "n_pages_scanned": 11,
  "processing_time_s": 58.39,
  "warnings": [
    "No text HR found; orientation resolved by closest-to-1.0 prior (less reliable for extreme HRs)"
  ],
  "text_hr_context": "",
  "pair_description": "red_2(p9) vs black(p9)",
  "pair_rank": 7,
  "pair_quality_score": 168.0,
  "pair_orientation": "forward",
  "certification_status": "UNCERTIFIED",
  "verification_level": "consistent",
  "verification_checks_passed": [
    "RANGE_PLAUSIBLE",
    "CI_ORDERED",
    "CI_CONTAINS_POINT",
    "LOG_SYMMETRY"
  ],
  "verification_checks_failed": [],
  "verification_hash": "4056031b40c43d01",
  "pipeline_version": "1.4",
  "timestamp": "2026-02-24T05:50:20.460843+00:00"
}