{
  "pdf_path": "Vaduganathan_DELIVER-EMPEROR-Preserved-Meta-Analysis.pdf",
  "pdf_name": "Vaduganathan_DELIVER-EMPEROR-Preserved-Meta-Analysis.pdf",
  "hr": 0.8,
  "ci_lower": null,
  "ci_upper": null,
  "p_value": null,
  "hr_method": "text_hr_pair_fallback",
  "ipd_arm1": {
    "arm_label": "treatment",
    "arm_index": 1,
    "n_patients": 101,
    "n_events": 98,
    "n_censored": 3,
    "n_records": 101
  },
  "ipd_arm2": {
    "arm_label": "control",
    "arm_index": 0,
    "n_patients": 100,
    "n_events": 95,
    "n_censored": 5,
    "n_records": 100
  },
  "total_ipd_records": 201,
  "curve1_times": [
    0.07155172413793104,
    0.07183908045977011,
    0.0721264367816092,
    0.07241379310344828,
    0.07270114942528735,
    0.07298850574712644,
    0.07327586206896551,
    0.0735632183908046,
    0.07385057471264368,
    0.07413793103448275
  ],
  "curve1_times_length": 2111,
  "curve1_survivals": [
    1.0,
    1.0,
    1.0,
    1.0,
    0.9891388673390225,
    0.9891388673390225,
    0.9891388673390225,
    0.9891388673390225,
    0.9891388673390225,
    0.9891388673390225
  ],
  "curve1_survivals_length": 2111,
  "curve2_times": [
    0.07155172413793104,
    0.07183908045977011,
    0.0721264367816092,
    0.07241379310344828,
    0.07270114942528735,
    0.07298850574712644,
    0.07327586206896551,
    0.0735632183908046,
    0.07385057471264368,
    0.07413793103448275
  ],
  "curve2_times_length": 2173,
  "curve2_survivals": [
    1.0,
    1.0,
    1.0,
    1.0,
    0.9891388673390225,
    0.9891388673390225,
    0.9891388673390225,
    0.9891388673390225,
    0.9891388673390225,
    0.9891388673390225
  ],
  "curve2_survivals_length": 2173,
  "confidence": 0.6,
  "orientation_method": "text_hr_pair_fallback",
  "text_hr": 0.8,
  "n_curves_found": 19,
  "n_pages_scanned": 12,
  "processing_time_s": 43.42,
  "warnings": [
    "Curve HR diverged from text HR; using text HR while retaining the selected curve pair for IPD."
  ],
  "text_hr_context": "r Death or First Hospitalization for HF HR 0.80; 95% CI 0.73-0.87 P<0.0001 0.80 (0.71-0",
  "pair_description": "black(p10) vs black_2(p10)",
  "pair_rank": 7,
  "pair_quality_score": 183.0,
  "pair_orientation": "inverse",
  "certification_status": "UNCERTIFIED",
  "verification_level": "consistent",
  "verification_checks_passed": [
    "RANGE_PLAUSIBLE",
    "CI_ORDERED",
    "CI_CONTAINS_POINT",
    "LOG_SYMMETRY",
    "TEXT_HR_CONSISTENCY"
  ],
  "verification_checks_failed": [],
  "verification_hash": "0819d2e9fd29e97b",
  "pipeline_version": "1.4",
  "timestamp": "2026-02-24T05:51:06.414660+00:00"
}