{
  "pdf_path": "zafeiropoulos-et-al-pharmacological-treatments-in-heart-failure-with-mildly-reduced-and-preserved-ejection-fraction.pdf",
  "pdf_name": "zafeiropoulos-et-al-pharmacological-treatments-in-heart-failure-with-mildly-reduced-and-preserved-ejection-fraction.pdf",
  "hr": 0.47,
  "ci_lower": 0.326,
  "ci_upper": 0.611,
  "p_value": null,
  "hr_method": "text_hr_snap",
  "ipd_arm1": {
    "arm_label": "treatment",
    "arm_index": 1,
    "n_patients": 94,
    "n_events": 83,
    "n_censored": 11,
    "n_records": 94
  },
  "ipd_arm2": {
    "arm_label": "control",
    "arm_index": 0,
    "n_patients": 100,
    "n_events": 98,
    "n_censored": 2,
    "n_records": 100
  },
  "total_ipd_records": 194,
  "curve1_times": [
    0.021016949152542375,
    0.02169491525423729,
    0.022372881355932205,
    0.08677966101694916,
    0.08745762711864406,
    0.08813559322033898,
    0.0888135593220339,
    0.08949152542372882,
    0.09084745762711864,
    0.09152542372881356
  ],
  "curve1_times_length": 1359,
  "curve1_survivals": [
    0.8555858310626703,
    0.8555858310626703,
    0.8555858310626703,
    0.8555858310626703,
    0.8555858310626703,
    0.8555858310626703,
    0.8555858310626703,
    0.8555858310626703,
    0.8555858310626703,
    0.8555858310626703
  ],
  "curve1_survivals_length": 1359,
  "curve2_times": [
    0.1039272030651341,
    0.10440613026819924,
    0.10488505747126436,
    0.1053639846743295,
    0.10584291187739464,
    0.10632183908045977,
    0.1068007662835249,
    0.10727969348659004,
    0.10775862068965517,
    0.1082375478927203
  ],
  "curve2_times_length": 1751,
  "curve2_survivals": [
    1.0,
    1.0,
    1.0,
    1.0,
    1.0,
    1.0,
    1.0,
    1.0,
    1.0,
    1.0
  ],
  "curve2_survivals_length": 1751,
  "confidence": 0.98,
  "orientation_method": "text_hr_snap",
  "text_hr": 0.47,
  "n_curves_found": 17,
  "n_pages_scanned": 12,
  "processing_time_s": 66.9,
  "warnings": [],
  "text_hr_context": "MRA, and SGLT2i was the most effective (HR: 0.47 [95% CI: 0.31-0.70]); this was largely",
  "pair_description": "black(p3) vs blue_2(p6)",
  "pair_rank": 10,
  "pair_quality_score": 159.0,
  "pair_orientation": "forward",
  "certification_status": "UNCERTIFIED",
  "verification_level": "consistent",
  "verification_checks_passed": [
    "RANGE_PLAUSIBLE",
    "CI_ORDERED",
    "CI_CONTAINS_POINT",
    "LOG_SYMMETRY",
    "TEXT_HR_CONSISTENCY"
  ],
  "verification_checks_failed": [],
  "verification_hash": "e6598136b43f2426",
  "pipeline_version": "1.4",
  "timestamp": "2026-02-24T05:54:24.018150+00:00"
}