{
  "pdf_path": "40036884_Effects of SGLT2 inhibition on insulin u.pdf",
  "pdf_name": "40036884_Effects of SGLT2 inhibition on insulin u.pdf",
  "hr": 0.874,
  "ci_lower": 0.593,
  "ci_upper": 1.289,
  "p_value": null,
  "hr_method": "text_hr_match",
  "ipd_arm1": {
    "arm_label": "treatment",
    "arm_index": 1,
    "n_patients": 59,
    "n_events": 47,
    "n_censored": 12,
    "n_records": 59
  },
  "ipd_arm2": {
    "arm_label": "control",
    "arm_index": 0,
    "n_patients": 66,
    "n_events": 54,
    "n_censored": 12,
    "n_records": 66
  },
  "total_ipd_records": 125,
  "curve1_times": [
    0.002315886984715146,
    0.002779064381658175,
    0.003242241778601204,
    0.0037054191755442334,
    0.0041685965724872626,
    0.004631773969430292,
    0.005094951366373321,
    0.00555812876331635,
    0.006021306160259379,
    0.006484483557202408
  ],
  "curve1_times_length": 2005,
  "curve1_survivals": [
    0.9087773093139133,
    0.9325412035262552,
    0.9325412035262552,
    0.9325412035262552,
    0.9325412035262552,
    0.9325412035262552,
    0.9103104637792258,
    0.9329244921425833,
    0.9325412035262552,
    0.9325412035262552
  ],
  "curve1_survivals_length": 2005,
  "curve2_times": [
    0.002779064381658175,
    0.003242241778601204,
    0.0037054191755442334,
    0.0041685965724872626,
    0.004631773969430292,
    0.005094951366373321,
    0.00555812876331635,
    0.006021306160259379,
    0.006484483557202408,
    0.006947660954145438
  ],
  "curve2_times_length": 1741,
  "curve2_survivals": [
    0.9490226140283634,
    0.9490226140283634,
    0.9490226140283634,
    0.9490226140283634,
    0.9490226140283634,
    0.9333077807589114,
    0.9099271751628977,
    0.9099271751628977,
    0.9099271751628977,
    0.9099271751628977
  ],
  "curve2_survivals_length": 1741,
  "confidence": 0.95,
  "orientation_method": "text_hr_match",
  "text_hr": 0.81,
  "n_curves_found": 10,
  "n_pages_scanned": 9,
  "processing_time_s": 150.3,
  "warnings": [],
  "certification_status": "UNCERTIFIED",
  "pipeline_version": "1.4",
  "timestamp": "2026-02-16T22:42:21.616397+00:00"
}