{
  "pdf_path": "40337145_Effects of Intensive Systolic Blood Pres.pdf",
  "pdf_name": "40337145_Effects of Intensive Systolic Blood Pres.pdf",
  "hr": 0.79,
  "ci_lower": null,
  "ci_upper": null,
  "p_value": null,
  "hr_method": "text_hr_pair_fallback",
  "ipd_arm1": {
    "arm_label": "treatment",
    "arm_index": 1,
    "n_patients": 251,
    "n_events": 67,
    "n_censored": 184,
    "n_records": 251
  },
  "ipd_arm2": {
    "arm_label": "control",
    "arm_index": 0,
    "n_patients": 251,
    "n_events": 68,
    "n_censored": 183,
    "n_records": 251
  },
  "total_ipd_records": 502,
  "curve1_times": [
    0.1394163964798518,
    0.1398795738767948,
    0.14034275127373785,
    0.14080592867068087,
    0.1412691060676239,
    0.14173228346456693,
    0.14219546086150997,
    0.14265863825845299,
    0.14312181565539603,
    0.14358499305233904
  ],
  "curve1_times_length": 1459,
  "curve1_survivals": [
    0.5337487019730011,
    0.4475597092419522,
    0.4475597092419522,
    0.4475597092419522,
    0.4475597092419522,
    0.4475597092419522,
    0.4475597092419522,
    0.4475597092419522,
    0.4475597092419522,
    0.4475597092419522
  ],
  "curve1_survivals_length": 1459,
  "curve2_times": [
    0.1394163964798518,
    0.1398795738767948,
    0.14034275127373785,
    0.14080592867068087,
    0.1412691060676239,
    0.14173228346456693,
    0.14219546086150997,
    0.14265863825845299,
    0.14312181565539603,
    0.14358499305233904
  ],
  "curve2_times_length": 1459,
  "curve2_survivals": [
    0.5545171339563864,
    0.4683281412253375,
    0.4683281412253375,
    0.4683281412253375,
    0.4683281412253375,
    0.4683281412253375,
    0.4683281412253375,
    0.4683281412253375,
    0.4683281412253375,
    0.4683281412253375
  ],
  "curve2_survivals_length": 1459,
  "confidence": 0.6,
  "orientation_method": "text_hr_pair_fallback",
  "text_hr": 0.79,
  "n_curves_found": 3,
  "n_pages_scanned": 3,
  "processing_time_s": 13.72,
  "warnings": [
    "Curve HR diverged from text HR; using text HR while retaining the selected curve pair for IPD."
  ],
  "text_hr_context": "a primary CVD event or all-cause death (HR 0.79, 95% CI: 0.66-0.93, p = 0.008), primary CVD event (HR 0.76",
  "pair_description": "blue(p1) vs blue_2(p1)",
  "pair_rank": 1,
  "pair_quality_score": 150.0,
  "pair_orientation": "inverse",
  "certification_status": "UNCERTIFIED",
  "pipeline_version": "1.4",
  "timestamp": "2026-02-17T20:07:05.167711+00:00"
}