{
  "pdf_path": "40337145_Effects of Intensive Systolic Blood Pres.pdf",
  "pdf_name": "40337145_Effects of Intensive Systolic Blood Pres.pdf",
  "hr": 0.808,
  "ci_lower": 0.552,
  "ci_upper": 1.182,
  "p_value": null,
  "hr_method": "text_hr_match",
  "ipd_arm1": {
    "arm_label": "treatment",
    "arm_index": 1,
    "n_patients": 68,
    "n_events": 56,
    "n_censored": 12,
    "n_records": 68
  },
  "ipd_arm2": {
    "arm_label": "control",
    "arm_index": 0,
    "n_patients": 64,
    "n_events": 53,
    "n_censored": 11,
    "n_records": 64
  },
  "total_ipd_records": 132,
  "curve1_times": [
    0.0,
    0.0,
    0.0,
    0.0,
    0.0,
    0.0,
    0.0,
    0.0,
    0.0,
    0.0004631773969430292
  ],
  "curve1_times_length": 2055,
  "curve1_survivals": [
    0.6322722283205269,
    0.632821075740944,
    0.4028540065861691,
    0.42700329308452245,
    0.4747530186608123,
    0.685510428100988,
    0.6849615806805708,
    0.45334796926454446,
    0.7645444566410537,
    0.7645444566410537
  ],
  "curve1_survivals_length": 2055,
  "curve2_times": [
    0.0,
    0.0,
    0.0,
    0.0,
    0.0,
    0.0,
    0.0,
    0.0,
    0.0,
    0.0
  ],
  "curve2_times_length": 883,
  "curve2_survivals": [
    0.7681713848508034,
    0.7666411629686305,
    0.7987758224942616,
    0.8064269319051263,
    0.8064269319051263,
    0.9831675592960979,
    0.9433817903596021,
    0.9349655700076511,
    0.5906656465187452,
    0.5822494261667942
  ],
  "curve2_survivals_length": 883,
  "confidence": 0.85,
  "orientation_method": "text_hr_match",
  "text_hr": 0.79,
  "n_curves_found": 4,
  "n_pages_scanned": 3,
  "processing_time_s": 40.56,
  "warnings": [],
  "certification_status": "UNCERTIFIED",
  "pipeline_version": "1.4",
  "timestamp": "2026-02-15T14:22:37.953801+00:00"
}