{
  "pdf_path": "40510065_Evaluating the Clinical Outcomes of Empa.pdf",
  "pdf_name": "40510065_Evaluating the Clinical Outcomes of Empa.pdf",
  "hr": 0.673,
  "ci_lower": 0.494,
  "ci_upper": 0.915,
  "p_value": null,
  "hr_method": "text_hr_match",
  "ipd_arm1": {
    "arm_label": "treatment",
    "arm_index": 1,
    "n_patients": 100,
    "n_events": 87,
    "n_censored": 13,
    "n_records": 100
  },
  "ipd_arm2": {
    "arm_label": "control",
    "arm_index": 0,
    "n_patients": 100,
    "n_events": 88,
    "n_censored": 12,
    "n_records": 100
  },
  "total_ipd_records": 200,
  "curve1_times": [
    0.0,
    0.0,
    0.0,
    0.0,
    0.0,
    0.0,
    0.0,
    0.0,
    0.0,
    0.0
  ],
  "curve1_times_length": 569,
  "curve1_survivals": [
    0.9508408796895214,
    0.9508408796895214,
    0.9508408796895214,
    0.9508408796895214,
    0.9521345407503234,
    1.0,
    1.0,
    0.9521345407503234,
    1.0,
    0.9508408796895214
  ],
  "curve1_survivals_length": 569,
  "curve2_times": [
    0.0,
    0.0,
    0.0,
    0.0,
    0.0,
    0.0,
    0.0,
    0.0,
    0.0,
    0.0
  ],
  "curve2_times_length": 926,
  "curve2_survivals": [
    0.9767141009055628,
    0.9767141009055628,
    0.9767141009055628,
    0.9767141009055628,
    0.9767141009055628,
    0.9767141009055628,
    0.9767141009055628,
    0.9767141009055628,
    0.9767141009055628,
    0.9767141009055628
  ],
  "curve2_survivals_length": 926,
  "confidence": 0.9,
  "orientation_method": "text_hr_match",
  "text_hr": 0.71,
  "n_curves_found": 24,
  "n_pages_scanned": 8,
  "processing_time_s": 165.14,
  "warnings": [],
  "certification_status": "UNCERTIFIED",
  "pipeline_version": "1.4",
  "timestamp": "2026-02-15T14:20:08.135376+00:00"
}