{
  "pdf_path": "40510065_Evaluating the Clinical Outcomes of Empa.pdf",
  "pdf_name": "40510065_Evaluating the Clinical Outcomes of Empa.pdf",
  "hr": 0.767,
  "ci_lower": 0.561,
  "ci_upper": 1.048,
  "p_value": null,
  "hr_method": "text_hr_match",
  "ipd_arm1": {
    "arm_label": "treatment",
    "arm_index": 1,
    "n_patients": 100,
    "n_events": 96,
    "n_censored": 4,
    "n_records": 100
  },
  "ipd_arm2": {
    "arm_label": "control",
    "arm_index": 0,
    "n_patients": 100,
    "n_events": 96,
    "n_censored": 4,
    "n_records": 100
  },
  "total_ipd_records": 200,
  "curve1_times": [
    0.26274328081556997,
    0.2632066728452271,
    0.26367006487488415,
    0.26413345690454126,
    0.2645968489341983,
    0.26506024096385544,
    0.2655236329935125,
    0.2659870250231696,
    0.2664504170528267,
    0.2669138090824838
  ],
  "curve1_times_length": 1019,
  "curve1_survivals": [
    1.0,
    1.0,
    0.44958597174866055,
    0.4505601558694593,
    0.45104724792985873,
    0.4520214320506576,
    0.452508524111057,
    0.45299561617145645,
    0.45299561617145645,
    0.45299561617145645
  ],
  "curve1_survivals_length": 1019,
  "curve2_times": [
    0.26367006487488415,
    0.26413345690454126,
    0.2645968489341983,
    0.26506024096385544,
    0.2655236329935125,
    0.2659870250231696,
    0.2664504170528267,
    0.2669138090824838,
    0.26737720111214086,
    0.267840593141798
  ],
  "curve2_times_length": 682,
  "curve2_survivals": [
    1.0,
    1.0,
    1.0,
    1.0,
    1.0,
    1.0,
    1.0,
    1.0,
    1.0,
    0.45104724792985873
  ],
  "curve2_survivals_length": 682,
  "confidence": 1.0,
  "orientation_method": "text_hr_match",
  "text_hr": 0.71,
  "n_curves_found": 23,
  "n_pages_scanned": 8,
  "processing_time_s": 86.92,
  "warnings": [],
  "certification_status": "UNCERTIFIED",
  "pipeline_version": "1.4",
  "timestamp": "2026-02-17T07:50:52.094983+00:00"
}