{
  "pdf_path": "40728174_Impact of Dapagliflozin on Cardiometabol.pdf",
  "pdf_name": "40728174_Impact of Dapagliflozin on Cardiometabol.pdf",
  "hr": 0.368,
  "ci_lower": 0.254,
  "ci_upper": 0.532,
  "p_value": null,
  "hr_method": "text_hr_match",
  "ipd_arm1": {
    "arm_label": "treatment",
    "arm_index": 1,
    "n_patients": 58,
    "n_events": 46,
    "n_censored": 12,
    "n_records": 58
  },
  "ipd_arm2": {
    "arm_label": "control",
    "arm_index": 0,
    "n_patients": 89,
    "n_events": 77,
    "n_censored": 12,
    "n_records": 89
  },
  "total_ipd_records": 147,
  "curve1_times": [
    0.014358499305233904,
    0.014821676702176934,
    0.015284854099119963,
    0.015748031496062992,
    0.01621120889300602,
    0.01667438628994905,
    0.01713756368689208,
    0.01760074108383511,
    0.018063918480778138,
    0.018527095877721167
  ],
  "curve1_times_length": 434,
  "curve1_survivals": [
    0.7963386727688787,
    0.7946224256292906,
    0.7940503432494279,
    0.7934782608695652,
    0.7254004576659039,
    0.8032036613272311,
    0.8032036613272311,
    0.8020594965675057,
    0.8003432494279177,
    0.7974828375286042
  ],
  "curve1_survivals_length": 434,
  "curve2_times": [
    0.013895321908290875,
    0.014358499305233904,
    0.014821676702176934,
    0.015284854099119963,
    0.015748031496062992,
    0.01621120889300602,
    0.01667438628994905,
    0.01713756368689208,
    0.01760074108383511,
    0.018063918480778138
  ],
  "curve2_times_length": 1987,
  "curve2_survivals": [
    0.8211382113821138,
    0.8176538908246225,
    0.8211382113821138,
    0.8211382113821138,
    0.31010452961672474,
    0.3066202090592335,
    0.3031358885017421,
    0.29384436701509875,
    0.03484320557491294,
    0.28803716608594654
  ],
  "curve2_survivals_length": 1987,
  "confidence": 0.9,
  "orientation_method": "text_hr_match",
  "text_hr": 0.4,
  "n_curves_found": 20,
  "n_pages_scanned": 11,
  "processing_time_s": 73.46,
  "warnings": [],
  "certification_status": "UNCERTIFIED",
  "pipeline_version": "1.4",
  "timestamp": "2026-02-17T07:49:25.168736+00:00"
}