{
  "pdf_path": "40728174_Impact of Dapagliflozin on Cardiometabol.pdf",
  "pdf_name": "40728174_Impact of Dapagliflozin on Cardiometabol.pdf",
  "hr": 0.363,
  "ci_lower": 0.25,
  "ci_upper": 0.528,
  "p_value": null,
  "hr_method": "text_hr_match",
  "ipd_arm1": {
    "arm_label": "treatment",
    "arm_index": 1,
    "n_patients": 84,
    "n_events": 73,
    "n_censored": 11,
    "n_records": 84
  },
  "ipd_arm2": {
    "arm_label": "control",
    "arm_index": 0,
    "n_patients": 82,
    "n_events": 70,
    "n_censored": 12,
    "n_records": 82
  },
  "total_ipd_records": 166,
  "curve1_times": [
    0.07688744789254284,
    0.07735062528948587,
    0.0778138026864289,
    0.07827698008337193,
    0.07874015748031496,
    0.07920333487725799,
    0.07966651227420102,
    0.08012968967114405,
    0.08059286706808708,
    0.0810560444650301
  ],
  "curve1_times_length": 1495,
  "curve1_survivals": [
    1.0,
    1.0,
    1.0,
    1.0,
    1.0,
    1.0,
    1.0,
    0.7688053097345133,
    0.7688053097345133,
    0.46349557522123896
  ],
  "curve1_survivals_length": 1495,
  "curve2_times": [
    0.0,
    0.0,
    0.0,
    0.0,
    0.0,
    0.0,
    0.0,
    0.0,
    0.0,
    0.0
  ],
  "curve2_times_length": 1118,
  "curve2_survivals": [
    0.7925045703839122,
    0.7925045703839122,
    0.7925045703839122,
    0.7925045703839122,
    0.7925045703839122,
    0.7925045703839122,
    0.7925045703839122,
    0.7925045703839122,
    0.7925045703839122,
    0.7925045703839122
  ],
  "curve2_survivals_length": 1118,
  "confidence": 0.9,
  "orientation_method": "text_hr_match",
  "text_hr": 0.4,
  "n_curves_found": 19,
  "n_pages_scanned": 11,
  "processing_time_s": 196.1,
  "warnings": [],
  "certification_status": "UNCERTIFIED",
  "pipeline_version": "1.4",
  "timestamp": "2026-02-15T14:17:22.979955+00:00"
}