{
  "pdf_path": "40739638_Efficacy and safety of dapagliflozin in .pdf",
  "pdf_name": "40739638_Efficacy and safety of dapagliflozin in .pdf",
  "hr": 0.867,
  "ci_lower": 0.612,
  "ci_upper": 1.229,
  "p_value": null,
  "hr_method": "text_hr_match",
  "ipd_arm1": {
    "arm_label": "treatment",
    "arm_index": 1,
    "n_patients": 74,
    "n_events": 61,
    "n_censored": 13,
    "n_records": 74
  },
  "ipd_arm2": {
    "arm_label": "control",
    "arm_index": 0,
    "n_patients": 88,
    "n_events": 77,
    "n_censored": 11,
    "n_records": 88
  },
  "total_ipd_records": 162,
  "curve1_times": [
    0.12696941612604262,
    0.1278962001853568,
    0.12882298424467098,
    0.12974976830398516,
    0.13067655236329936,
    0.13160333642261354,
    0.13253012048192772,
    0.1334569045412419,
    0.13438368860055608,
    0.13531047265987026
  ],
  "curve1_times_length": 973,
  "curve1_survivals": [
    0.7311178247734139,
    0.4082326283987915,
    0.270392749244713,
    0.44486404833836857,
    0.40294561933534745,
    0.5219033232628398,
    0.5358761329305136,
    0.6665407854984895,
    0.706570996978852,
    0.6929758308157099
  ],
  "curve1_survivals_length": 973,
  "curve2_times": [
    0.0,
    0.0,
    0.0,
    0.0,
    0.0,
    0.0,
    0.0,
    0.0,
    0.0,
    0.0
  ],
  "curve2_times_length": 975,
  "curve2_survivals": [
    0.8863293051359517,
    0.8863293051359517,
    0.8863293051359517,
    0.36631419939577037,
    0.3485649546827795,
    0.26850453172205435,
    0.28889728096676737,
    0.3108006042296072,
    0.42296072507552873,
    0.4104984894259819
  ],
  "curve2_survivals_length": 975,
  "confidence": 0.9,
  "orientation_method": "text_hr_match",
  "text_hr": 0.86,
  "n_curves_found": 11,
  "n_pages_scanned": 12,
  "processing_time_s": 109.12,
  "warnings": [],
  "certification_status": "UNCERTIFIED",
  "pipeline_version": "1.4",
  "timestamp": "2026-02-15T14:21:57.284779+00:00"
}