{
  "pdf_path": "40795846_Berberine for preventing colorectal aden.pdf",
  "pdf_name": "40795846_Berberine for preventing colorectal aden.pdf",
  "hr": 0.61,
  "ci_lower": null,
  "ci_upper": null,
  "p_value": null,
  "hr_method": "text_hr_pair_fallback",
  "ipd_arm1": {
    "arm_label": "treatment",
    "arm_index": 1,
    "n_patients": 17,
    "n_events": 5,
    "n_censored": 12,
    "n_records": 17
  },
  "ipd_arm2": {
    "arm_label": "control",
    "arm_index": 0,
    "n_patients": 100,
    "n_events": 91,
    "n_censored": 9,
    "n_records": 100
  },
  "total_ipd_records": 117,
  "curve1_times": [
    0.009144947416552356,
    0.009602194787379973,
    0.010059442158207591,
    0.010516689529035207,
    0.010973936899862825,
    0.011431184270690443,
    0.01188843164151806,
    0.012345679012345678,
    0.012802926383173296,
    0.013260173754000914
  ],
  "curve1_times_length": 1543,
  "curve1_survivals": [
    0.9730392156862745,
    0.9730392156862745,
    0.9178921568627451,
    0.9172794117647058,
    0.9166666666666666,
    0.9166666666666666,
    0.9166666666666666,
    0.9166666666666666,
    0.9166666666666666,
    0.920343137254902
  ],
  "curve1_survivals_length": 1543,
  "curve2_times": [
    0.010516689529035207,
    0.010973936899862825,
    0.011431184270690443,
    0.01188843164151806,
    0.012345679012345678,
    0.012802926383173296,
    0.013260173754000914,
    0.013717421124828532,
    0.01417466849565615,
    0.014631915866483767
  ],
  "curve2_times_length": 1068,
  "curve2_survivals": [
    1.0,
    1.0,
    0.9887869520897044,
    0.9857288481141692,
    0.9847094801223242,
    0.9826707441386341,
    0.9806320081549439,
    0.8267074413863404,
    0.8267074413863404,
    0.8267074413863404
  ],
  "curve2_survivals_length": 1068,
  "confidence": 0.6,
  "orientation_method": "text_hr_pair_fallback",
  "text_hr": 0.61,
  "n_curves_found": 23,
  "n_pages_scanned": 11,
  "processing_time_s": 30.61,
  "warnings": [
    "Curve HR diverged from text HR; using text HR while retaining the selected curve pair for IPD."
  ],
  "text_hr_context": "rence compared with the placebo group (HR, 0.61; 95% CI: 0.48- 0.77; adjusted HR, 0.58; 95% CI: 0.45-0.74;",
  "pair_description": "blue(p0) vs blue(p0)",
  "pair_rank": 4,
  "pair_quality_score": 190.0,
  "pair_orientation": "forward",
  "certification_status": "UNCERTIFIED",
  "pipeline_version": "1.4",
  "timestamp": "2026-02-17T20:07:39.713586+00:00"
}