{
  "pdf_path": "40901584_Risk factors for hepatic encephalopathy .pdf",
  "pdf_name": "40901584_Risk factors for hepatic encephalopathy .pdf",
  "hr": 0.911,
  "ci_lower": 0.634,
  "ci_upper": 1.308,
  "p_value": null,
  "hr_method": "text_hr_match",
  "ipd_arm1": {
    "arm_label": "treatment",
    "arm_index": 1,
    "n_patients": 73,
    "n_events": 59,
    "n_censored": 14,
    "n_records": 73
  },
  "ipd_arm2": {
    "arm_label": "control",
    "arm_index": 0,
    "n_patients": 70,
    "n_events": 59,
    "n_censored": 11,
    "n_records": 70
  },
  "total_ipd_records": 143,
  "curve1_times": [
    0.22703412073490814,
    0.2283464566929134,
    0.22965879265091863,
    0.23097112860892388,
    0.23228346456692914,
    0.2335958005249344,
    0.23490813648293962,
    0.23622047244094488,
    0.23753280839895013,
    0.2388451443569554
  ],
  "curve1_times_length": 243,
  "curve1_survivals": [
    0.7201646090534979,
    0.7201646090534979,
    0.6934156378600823,
    0.6934156378600823,
    0.6944444444444444,
    0.6954732510288066,
    0.6975308641975309,
    0.7438271604938271,
    0.7006172839506173,
    0.6985596707818931
  ],
  "curve1_survivals_length": 243,
  "curve2_times": [
    0.20866141732283464,
    0.2099737532808399,
    0.21128608923884515,
    0.2125984251968504,
    0.21391076115485563,
    0.2152230971128609,
    0.21653543307086615,
    0.2178477690288714,
    0.21916010498687663,
    0.2204724409448819
  ],
  "curve2_times_length": 270,
  "curve2_survivals": [
    0.6995884773662551,
    0.6995884773662551,
    0.6995884773662551,
    0.7006172839506173,
    0.7016460905349795,
    0.7026748971193415,
    0.7037037037037037,
    0.7047325102880658,
    0.7037037037037037,
    0.7047325102880658
  ],
  "curve2_survivals_length": 270,
  "confidence": 0.95,
  "orientation_method": "text_hr_match",
  "text_hr": 0.93,
  "n_curves_found": 8,
  "n_pages_scanned": 12,
  "processing_time_s": 165.26,
  "warnings": [],
  "certification_status": "UNCERTIFIED",
  "pipeline_version": "1.4",
  "timestamp": "2026-02-17T08:05:20.027957+00:00"
}