{
  "pdf_path": "40955256_Empagliflozin and Cardiovascular Outcome.pdf",
  "pdf_name": "40955256_Empagliflozin and Cardiovascular Outcome.pdf",
  "hr": 0.657,
  "ci_lower": 0.49,
  "ci_upper": 0.881,
  "p_value": null,
  "hr_method": "text_hr_match",
  "ipd_arm1": {
    "arm_label": "treatment",
    "arm_index": 1,
    "n_patients": 100,
    "n_events": 94,
    "n_censored": 6,
    "n_records": 100
  },
  "ipd_arm2": {
    "arm_label": "control",
    "arm_index": 0,
    "n_patients": 100,
    "n_events": 95,
    "n_censored": 5,
    "n_records": 100
  },
  "total_ipd_records": 200,
  "curve1_times": [
    0.0,
    0.0,
    0.0,
    0.0,
    0.0,
    0.0,
    0.0,
    0.0,
    0.0,
    0.0
  ],
  "curve1_times_length": 634,
  "curve1_survivals": [
    0.9682179341657208,
    0.9682179341657208,
    0.9682179341657208,
    0.9682179341657208,
    0.9693530079455165,
    1.0,
    1.0,
    0.9693530079455165,
    1.0,
    0.9682179341657208
  ],
  "curve1_survivals_length": 634,
  "curve2_times": [
    0.0,
    0.0,
    0.0,
    0.0,
    0.0,
    0.0,
    0.0,
    0.0,
    0.0,
    0.0
  ],
  "curve2_times_length": 1417,
  "curve2_survivals": [
    0.9909194097616345,
    0.9909194097616345,
    0.9909194097616345,
    0.9909194097616345,
    0.9909194097616345,
    0.9909194097616345,
    0.9909194097616345,
    0.9909194097616345,
    0.9909194097616345,
    0.9909194097616345
  ],
  "curve2_survivals_length": 1417,
  "confidence": 0.9,
  "orientation_method": "text_hr_match",
  "text_hr": 0.7,
  "n_curves_found": 36,
  "n_pages_scanned": 11,
  "processing_time_s": 248.37,
  "warnings": [],
  "certification_status": "UNCERTIFIED",
  "pipeline_version": "1.4",
  "timestamp": "2026-02-15T14:28:52.052220+00:00"
}