{
  "pdf_path": "40955256_Empagliflozin and Cardiovascular Outcome.pdf",
  "pdf_name": "40955256_Empagliflozin and Cardiovascular Outcome.pdf",
  "hr": 0.68,
  "ci_lower": 0.504,
  "ci_upper": 0.918,
  "p_value": null,
  "hr_method": "text_hr_match",
  "ipd_arm1": {
    "arm_label": "treatment",
    "arm_index": 1,
    "n_patients": 100,
    "n_events": 88,
    "n_censored": 12,
    "n_records": 100
  },
  "ipd_arm2": {
    "arm_label": "control",
    "arm_index": 0,
    "n_patients": 99,
    "n_events": 87,
    "n_censored": 12,
    "n_records": 99
  },
  "total_ipd_records": 199,
  "curve1_times": [
    0.0,
    0.0,
    0.0,
    0.0,
    0.0,
    0.0,
    0.0,
    0.0,
    0.0,
    0.0
  ],
  "curve1_times_length": 925,
  "curve1_survivals": [
    0.975,
    0.975,
    0.975,
    0.975,
    0.975,
    0.975,
    0.975,
    0.975,
    0.975,
    0.975
  ],
  "curve1_survivals_length": 925,
  "curve2_times": [
    0.0,
    0.0,
    0.0,
    0.0,
    0.0,
    0.0,
    0.0,
    0.0,
    0.0,
    0.0
  ],
  "curve2_times_length": 396,
  "curve2_survivals": [
    0.9486842105263158,
    0.9486842105263158,
    0.9486842105263158,
    0.9486842105263158,
    0.95,
    0.9986842105263158,
    0.9986842105263158,
    0.95,
    1.0,
    0.9486842105263158
  ],
  "curve2_survivals_length": 396,
  "confidence": 0.9,
  "orientation_method": "text_hr_match",
  "text_hr": 0.7,
  "n_curves_found": 39,
  "n_pages_scanned": 11,
  "processing_time_s": 208.45,
  "warnings": [],
  "certification_status": "UNCERTIFIED",
  "pipeline_version": "1.4",
  "timestamp": "2026-02-17T07:57:40.055702+00:00"
}