{
  "pdf_path": "40978864_Sodium-Glucose Cotransporter 2 SGLT2 Inh.pdf",
  "pdf_name": "40978864_Sodium-Glucose Cotransporter 2 SGLT2 Inh.pdf",
  "hr": 0.746,
  "ci_lower": 0.546,
  "ci_upper": 1.019,
  "p_value": null,
  "hr_method": "text_hr_match",
  "ipd_arm1": {
    "arm_label": "treatment",
    "arm_index": 1,
    "n_patients": 89,
    "n_events": 78,
    "n_censored": 11,
    "n_records": 89
  },
  "ipd_arm2": {
    "arm_label": "control",
    "arm_index": 0,
    "n_patients": 100,
    "n_events": 93,
    "n_censored": 7,
    "n_records": 100
  },
  "total_ipd_records": 189,
  "curve1_times": [
    0.31835032437442073,
    0.31881371640407785,
    0.3192771084337349,
    0.3206672845227062,
    0.3211306765523633,
    0.3215940685820204,
    0.32252085264133457,
    0.3229842446709917,
    0.32344763670064874,
    0.32391102873030586
  ],
  "curve1_times_length": 897,
  "curve1_survivals": [
    1.0,
    1.0,
    1.0,
    0.41189931350114417,
    0.41189931350114417,
    0.41189931350114417,
    1.0,
    1.0,
    1.0,
    1.0
  ],
  "curve1_survivals_length": 897,
  "curve2_times": [
    0.0,
    0.0,
    0.0,
    0.0,
    0.0,
    0.0,
    0.0,
    0.0,
    0.0,
    0.0
  ],
  "curve2_times_length": 627,
  "curve2_survivals": [
    1.0,
    1.0,
    1.0,
    1.0,
    1.0,
    1.0,
    1.0,
    1.0,
    1.0,
    1.0
  ],
  "curve2_survivals_length": 627,
  "confidence": 0.95,
  "orientation_method": "text_hr_match",
  "text_hr": 0.75,
  "n_curves_found": 29,
  "n_pages_scanned": 11,
  "processing_time_s": 356.12,
  "warnings": [],
  "certification_status": "UNCERTIFIED",
  "pipeline_version": "1.4",
  "timestamp": "2026-02-15T14:21:25.528472+00:00"
}