{
  "pdf_path": "40978864_Sodium-Glucose Cotransporter 2 SGLT2 Inh.pdf",
  "pdf_name": "40978864_Sodium-Glucose Cotransporter 2 SGLT2 Inh.pdf",
  "hr": 0.799,
  "ci_lower": 0.596,
  "ci_upper": 1.072,
  "p_value": null,
  "hr_method": "text_hr_match",
  "ipd_arm1": {
    "arm_label": "treatment",
    "arm_index": 1,
    "n_patients": 100,
    "n_events": 94,
    "n_censored": 6,
    "n_records": 100
  },
  "ipd_arm2": {
    "arm_label": "control",
    "arm_index": 0,
    "n_patients": 100,
    "n_events": 95,
    "n_censored": 5,
    "n_records": 100
  },
  "total_ipd_records": 200,
  "curve1_times": [
    0.0,
    0.0,
    0.0,
    0.0,
    0.0,
    0.0,
    0.0,
    0.0,
    0.0,
    0.0
  ],
  "curve1_times_length": 250,
  "curve1_survivals": [
    1.0,
    1.0,
    1.0,
    1.0,
    1.0,
    1.0,
    1.0,
    1.0,
    1.0,
    1.0
  ],
  "curve1_survivals_length": 250,
  "curve2_times": [
    0.0,
    0.0,
    0.0,
    0.0,
    0.0,
    0.0,
    0.0,
    0.0,
    0.0,
    0.0
  ],
  "curve2_times_length": 713,
  "curve2_survivals": [
    1.0,
    1.0,
    0.325503355704698,
    0.3259827420901247,
    0.32646212847555134,
    0.32742090124640455,
    0.3279002876318312,
    0.32837967401725787,
    0.32837967401725787,
    0.32837967401725787
  ],
  "curve2_survivals_length": 713,
  "confidence": 0.9,
  "orientation_method": "text_hr_match",
  "text_hr": 0.75,
  "n_curves_found": 28,
  "n_pages_scanned": 11,
  "processing_time_s": 187.8,
  "warnings": [],
  "certification_status": "UNCERTIFIED",
  "pipeline_version": "1.4",
  "timestamp": "2026-02-16T22:45:29.457737+00:00"
}