{
  "pdf_path": "41192934_Hemoglobin A1c time-in-range mortality a.pdf",
  "pdf_name": "41192934_Hemoglobin A1c time-in-range mortality a.pdf",
  "hr": 1.192,
  "ci_lower": 0.837,
  "ci_upper": 1.698,
  "p_value": null,
  "hr_method": "text_hr_match",
  "ipd_arm1": {
    "arm_label": "treatment",
    "arm_index": 1,
    "n_patients": 74,
    "n_events": 63,
    "n_censored": 11,
    "n_records": 74
  },
  "ipd_arm2": {
    "arm_label": "control",
    "arm_index": 0,
    "n_patients": 74,
    "n_events": 62,
    "n_censored": 12,
    "n_records": 74
  },
  "total_ipd_records": 148,
  "curve1_times": [
    0.0,
    0.0,
    0.0,
    0.0,
    0.0,
    0.0,
    0.0,
    0.0,
    0.0,
    0.0
  ],
  "curve1_times_length": 1992,
  "curve1_survivals": [
    0.7402333840690005,
    0.7397260273972603,
    0.7397260273972603,
    0.7549467275494672,
    1.0,
    1.0,
    1.0,
    1.0,
    1.0,
    0.9700659563673262
  ],
  "curve1_survivals_length": 1992,
  "curve2_times": [
    0.0,
    0.0,
    0.0,
    0.0,
    0.0,
    0.0,
    0.0,
    0.0,
    0.0,
    0.0
  ],
  "curve2_times_length": 833,
  "curve2_survivals": [
    1.0,
    0.1523012552301255,
    0.1523012552301255,
    1.0,
    1.0,
    1.0,
    1.0,
    1.0,
    1.0,
    1.0
  ],
  "curve2_survivals_length": 833,
  "confidence": 0.9,
  "orientation_method": "text_hr_match",
  "text_hr": 1.22,
  "n_curves_found": 11,
  "n_pages_scanned": 9,
  "processing_time_s": 125.68,
  "warnings": [],
  "certification_status": "UNCERTIFIED",
  "pipeline_version": "1.4",
  "timestamp": "2026-02-15T14:24:43.658657+00:00"
}