{
  "pdf_path": "entrust.pdf",
  "pdf_name": "entrust.pdf",
  "hr": 0.883,
  "ci_lower": 0.608,
  "ci_upper": 1.281,
  "p_value": null,
  "hr_method": "text_hr_match",
  "ipd_arm1": {
    "arm_label": "treatment",
    "arm_index": 1,
    "n_patients": 56,
    "n_events": 43,
    "n_censored": 13,
    "n_records": 56
  },
  "ipd_arm2": {
    "arm_label": "control",
    "arm_index": 0,
    "n_patients": 92,
    "n_events": 80,
    "n_censored": 12,
    "n_records": 92
  },
  "total_ipd_records": 148,
  "curve1_times": [
    0.0,
    0.0,
    0.0,
    0.0,
    0.0,
    0.0,
    0.0,
    0.0,
    0.0,
    0.0
  ],
  "curve1_times_length": 1878,
  "curve1_survivals": [
    1.0,
    1.0,
    1.0,
    1.0,
    1.0,
    1.0,
    1.0,
    1.0,
    1.0,
    1.0
  ],
  "curve1_survivals_length": 1878,
  "curve2_times": [
    0.0,
    0.0,
    0.0,
    0.0,
    0.0,
    0.0,
    0.0,
    0.0,
    0.0,
    0.0
  ],
  "curve2_times_length": 1384,
  "curve2_survivals": [
    0.9392348087021756,
    0.9392348087021756,
    0.9392348087021756,
    0.9392348087021756,
    0.9392348087021756,
    0.9392348087021756,
    0.9392348087021756,
    0.9392348087021756,
    0.9392348087021756,
    0.9392348087021756
  ],
  "curve2_survivals_length": 1384,
  "confidence": 0.9,
  "orientation_method": "text_hr_match",
  "text_hr": 0.83,
  "n_curves_found": 9,
  "n_pages_scanned": 9,
  "processing_time_s": 103.07,
  "warnings": [],
  "certification_status": "UNCERTIFIED",
  "pipeline_version": "1.4",
  "timestamp": "2026-02-16T22:25:53.375771+00:00"
}