{
  "pdf_path": "euaf066.pdf",
  "pdf_name": "euaf066.pdf",
  "hr": 1.476,
  "ci_lower": null,
  "ci_upper": null,
  "p_value": null,
  "hr_method": "derived_hr_fallback",
  "ipd_arm1": {
    "arm_label": "treatment",
    "arm_index": 1,
    "n_patients": 65,
    "n_events": 54,
    "n_censored": 11,
    "n_records": 65
  },
  "ipd_arm2": {
    "arm_label": "control",
    "arm_index": 0,
    "n_patients": 75,
    "n_events": 63,
    "n_censored": 12,
    "n_records": 75
  },
  "total_ipd_records": 140,
  "curve1_times": [
    0.07483629560336763,
    0.07577174929840973,
    0.07670720299345182,
    0.07764265668849392,
    0.07857811038353602,
    0.07951356407857811,
    0.08044901777362021,
    0.0813844714686623,
    0.0823199251637044,
    0.0832553788587465
  ],
  "curve1_times_length": 1000,
  "curve1_survivals": [
    0.6629098360655737,
    0.7858606557377049,
    0.7858606557377049,
    0.7858606557377049,
    0.7858606557377049,
    0.7858606557377049,
    0.7858606557377049,
    0.7858606557377049,
    0.7858606557377049,
    0.7858606557377049
  ],
  "curve1_survivals_length": 1000,
  "curve2_times": [
    0.07483629560336763,
    0.07577174929840973,
    0.07670720299345182,
    0.07764265668849392,
    0.07857811038353602,
    0.07951356407857811,
    0.08044901777362021,
    0.0813844714686623,
    0.0823199251637044,
    0.0832553788587465
  ],
  "curve2_times_length": 1004,
  "curve2_survivals": [
    0.6629098360655737,
    0.7556352459016393,
    0.7556352459016393,
    0.7556352459016393,
    0.7556352459016393,
    0.7556352459016393,
    0.7556352459016393,
    0.7556352459016393,
    0.7556352459016393,
    0.7556352459016393
  ],
  "curve2_survivals_length": 1004,
  "confidence": 0.75,
  "orientation_method": "derived_hr_fallback",
  "text_hr": 1.476,
  "n_curves_found": 10,
  "n_pages_scanned": 8,
  "processing_time_s": 67.25,
  "warnings": [
    "Used derived HR from event rates (curve extraction failed: 1.342 vs derived 1.476)"
  ],
  "certification_status": "UNCERTIFIED",
  "pipeline_version": "1.4",
  "timestamp": "2026-02-17T13:58:46.216495+00:00"
}