{
  "pdf_path": "NEJMoa1904143.pdf",
  "pdf_name": "NEJMoa1904143.pdf",
  "hr": 0.72,
  "ci_lower": null,
  "ci_upper": null,
  "p_value": null,
  "hr_method": "text_hr_pair_fallback",
  "ipd_arm1": {
    "arm_label": "treatment",
    "arm_index": 1,
    "n_patients": 95,
    "n_events": 83,
    "n_censored": 12,
    "n_records": 95
  },
  "ipd_arm2": {
    "arm_label": "control",
    "arm_index": 0,
    "n_patients": 45,
    "n_events": 35,
    "n_censored": 10,
    "n_records": 45
  },
  "total_ipd_records": 140,
  "curve1_times": [
    0.17301458670988654,
    0.17341977309562398,
    0.17382495948136142,
    0.17423014586709887,
    0.1746353322528363,
    0.17504051863857376,
    0.17544570502431117,
    0.17585089141004862,
    0.17625607779578606,
    0.1766612641815235
  ],
  "curve1_times_length": 592,
  "curve1_survivals": [
    0.9289340101522843,
    0.9289340101522843,
    0.9263959390862944,
    0.9225888324873096,
    0.9200507614213198,
    0.9175126903553299,
    0.9149746192893401,
    0.9086294416243654,
    0.9086294416243654,
    0.9073604060913706
  ],
  "curve1_survivals_length": 592,
  "curve2_times": [
    0.12155591572123177,
    0.1219611021069692,
    0.12236628849270664,
    0.12277147487844409,
    0.12317666126418152,
    0.12358184764991896,
    0.1239870340356564,
    0.12439222042139383,
    0.12479740680713128,
    0.12520259319286872
  ],
  "curve2_times_length": 865,
  "curve2_survivals": [
    0.783801652892562,
    0.783801652892562,
    0.783801652892562,
    0.783801652892562,
    0.783801652892562,
    0.783801652892562,
    0.783801652892562,
    0.783801652892562,
    0.783801652892562,
    0.783801652892562
  ],
  "curve2_survivals_length": 865,
  "confidence": 0.6,
  "orientation_method": "text_hr_pair_fallback",
  "text_hr": 0.72,
  "n_curves_found": 2,
  "n_pages_scanned": 11,
  "processing_time_s": 33.41,
  "warnings": [
    "Text HR match weak: extracted 0.531 vs text 0.72 (log-err=0.304)",
    "Curve HR diverged from text HR; using text HR while retaining the selected curve pair for IPD."
  ],
  "text_hr_context": "nd 5.75% per patientyear, respectively (hazard ratio, 0.72; 95% confidence interval [CI], 0.55 to 0.95; P<0.001 for noninferiority). Rivaroxa",
  "pair_description": "black(p4) vs blue(p7)",
  "pair_rank": 1,
  "pair_quality_score": 119.0,
  "pair_orientation": "forward",
  "certification_status": "UNCERTIFIED",
  "pipeline_version": "1.4",
  "timestamp": "2026-02-17T19:48:54.570458+00:00"
}