{
  "pdf_path": "Pioneer AF.pdf",
  "pdf_name": "Pioneer AF.pdf",
  "hr": 0.601,
  "ci_lower": 0.408,
  "ci_upper": 0.884,
  "p_value": null,
  "hr_method": "text_hr_match",
  "ipd_arm1": {
    "arm_label": "treatment",
    "arm_index": 1,
    "n_patients": 63,
    "n_events": 52,
    "n_censored": 11,
    "n_records": 63
  },
  "ipd_arm2": {
    "arm_label": "control",
    "arm_index": 0,
    "n_patients": 63,
    "n_events": 50,
    "n_censored": 13,
    "n_records": 63
  },
  "total_ipd_records": 126,
  "curve1_times": [
    0.04231517509727627,
    0.042801556420233464,
    0.04328793774319066,
    0.04377431906614786,
    0.04426070038910506,
    0.04474708171206226,
    0.045233463035019454,
    0.04571984435797665,
    0.046206225680933855,
    0.04669260700389105
  ],
  "curve1_times_length": 392,
  "curve1_survivals": [
    0.7993630573248407,
    0.8014861995753715,
    0.802547770700637,
    0.8036093418259023,
    0.8067940552016986,
    0.8099787685774946,
    0.8121019108280254,
    0.8142250530785563,
    0.8163481953290871,
    0.8184713375796179
  ],
  "curve1_survivals_length": 392,
  "curve2_times": [
    0.11138132295719845,
    0.11186770428015565,
    0.11235408560311284,
    0.11284046692607004,
    0.11332684824902724,
    0.1293774319066148,
    0.129863813229572,
    0.1303501945525292,
    0.13180933852140078,
    0.13229571984435798
  ],
  "curve2_times_length": 385,
  "curve2_survivals": [
    0.549618320610687,
    0.549618320610687,
    0.549618320610687,
    0.4229007633587786,
    0.4229007633587786,
    0.27938931297709924,
    0.5938931297709924,
    0.5938931297709924,
    0.3648854961832061,
    0.3648854961832061
  ],
  "curve2_survivals_length": 385,
  "confidence": 0.85,
  "orientation_method": "text_hr_match",
  "text_hr": 0.59,
  "n_curves_found": 5,
  "n_pages_scanned": 12,
  "processing_time_s": 51.07,
  "warnings": [],
  "certification_status": "UNCERTIFIED",
  "pipeline_version": "1.4",
  "timestamp": "2026-02-16T22:26:44.454201+00:00"
}