{
  "pdf_path": "PMC11943310.pdf",
  "pdf_name": "PMC11943310.pdf",
  "hr": 0.889,
  "ci_lower": 0.661,
  "ci_upper": 1.194,
  "p_value": null,
  "hr_method": "text_hr_match",
  "ipd_arm1": {
    "arm_label": "treatment",
    "arm_index": 1,
    "n_patients": 91,
    "n_events": 80,
    "n_censored": 11,
    "n_records": 91
  },
  "ipd_arm2": {
    "arm_label": "control",
    "arm_index": 0,
    "n_patients": 85,
    "n_events": 74,
    "n_censored": 11,
    "n_records": 85
  },
  "total_ipd_records": 176,
  "curve1_times": [
    0.0,
    0.0,
    0.0,
    0.0,
    0.0,
    0.0,
    0.014821676702176934,
    0.015284854099119963,
    0.015748031496062992,
    0.029180176007410838
  ],
  "curve1_times_length": 1702,
  "curve1_survivals": [
    0.8888888888888888,
    0.8888888888888888,
    0.8888888888888888,
    0.8722222222222222,
    0.8722222222222222,
    0.8722222222222222,
    0.8777777777777778,
    0.8777777777777778,
    0.8777777777777778,
    0.8875
  ],
  "curve1_survivals_length": 1702,
  "curve2_times": [
    0.0,
    0.0,
    0.0,
    0.0,
    0.0,
    0.0,
    0.014821676702176934,
    0.015284854099119963,
    0.015748031496062992,
    0.029180176007410838
  ],
  "curve2_times_length": 1713,
  "curve2_survivals": [
    0.922093023255814,
    0.922093023255814,
    0.922093023255814,
    0.9081395348837209,
    0.9081395348837209,
    0.9081395348837209,
    0.9127906976744186,
    0.9127906976744186,
    0.9127906976744186,
    0.9209302325581395
  ],
  "curve2_survivals_length": 1713,
  "confidence": 0.9,
  "orientation_method": "text_hr_match",
  "text_hr": 0.87,
  "n_curves_found": 21,
  "n_pages_scanned": 12,
  "processing_time_s": 248.34,
  "warnings": [],
  "certification_status": "UNCERTIFIED",
  "pipeline_version": "1.4",
  "timestamp": "2026-02-16T22:39:51.293352+00:00"
}