{
  "pdf_path": "PMC11251083.pdf",
  "pdf_name": "PMC11251083.pdf",
  "hr": 0.8,
  "ci_lower": 0.511,
  "ci_upper": 1.126,
  "p_value": null,
  "hr_method": "text_hr_snap",
  "ipd_arm1": {
    "arm_label": "treatment",
    "arm_index": 1,
    "n_patients": 16,
    "n_events": 6,
    "n_censored": 10,
    "n_records": 16
  },
  "ipd_arm2": {
    "arm_label": "control",
    "arm_index": 0,
    "n_patients": 37,
    "n_events": 27,
    "n_censored": 10,
    "n_records": 37
  },
  "total_ipd_records": 53,
  "curve1_times": [
    0.0,
    0.0,
    0.0,
    0.0,
    0.0,
    0.0,
    0.0,
    0.05131860299358518,
    0.05167498218104063,
    0.05203136136849608
  ],
  "curve1_times_length": 226,
  "curve1_survivals": [
    0.5161458333333333,
    0.515625,
    0.515625,
    0.515625,
    0.515625,
    0.515625,
    0.5161458333333333,
    0.5833333333333333,
    0.5833333333333333,
    0.5833333333333333
  ],
  "curve1_survivals_length": 226,
  "curve2_times": [
    0.0,
    0.0,
    0.0,
    0.0,
    0.0,
    0.0,
    0.0,
    0.05131860299358518,
    0.05167498218104063,
    0.05203136136849608
  ],
  "curve2_times_length": 238,
  "curve2_survivals": [
    0.5265625,
    0.5260416666666667,
    0.5260416666666667,
    0.5260416666666667,
    0.5260416666666667,
    0.5260416666666667,
    0.5265625,
    0.5833333333333333,
    0.5833333333333333,
    0.5833333333333333
  ],
  "curve2_survivals_length": 238,
  "confidence": 0.98,
  "orientation_method": "text_hr_snap",
  "text_hr": 0.8,
  "n_curves_found": 13,
  "n_pages_scanned": 12,
  "processing_time_s": 49.42,
  "warnings": [],
  "certification_status": "UNCERTIFIED",
  "pipeline_version": "1.4",
  "timestamp": "2026-02-17T16:58:33.246476+00:00"
}