{
  "pdf_path": "PMC11262592.pdf",
  "pdf_name": "PMC11262592.pdf",
  "hr": 0.871,
  "ci_lower": null,
  "ci_upper": null,
  "p_value": null,
  "hr_method": "text_hr_pair_fallback",
  "ipd_arm1": {
    "arm_label": "treatment",
    "arm_index": 1,
    "n_patients": 59,
    "n_events": 35,
    "n_censored": 24,
    "n_records": 59
  },
  "ipd_arm2": {
    "arm_label": "control",
    "arm_index": 0,
    "n_patients": 66,
    "n_events": 53,
    "n_censored": 13,
    "n_records": 66
  },
  "total_ipd_records": 125,
  "curve1_times": [
    0.059371362048894066,
    0.06053550640279395,
    0.06169965075669383,
    0.06286379511059371,
    0.0640279394644936,
    0.06519208381839348,
    0.06635622817229336,
    0.06752037252619325,
    0.06868451688009314,
    0.06984866123399301
  ],
  "curve1_times_length": 250,
  "curve1_survivals": [
    0.9608540925266904,
    0.9572953736654805,
    0.9572953736654805,
    0.9572953736654805,
    0.9608540925266904,
    0.9572953736654805,
    0.9572953736654805,
    0.9572953736654805,
    0.9572953736654805,
    0.9572953736654805
  ],
  "curve1_survivals_length": 250,
  "curve2_times": [
    0.0,
    0.0,
    0.0,
    0.0,
    0.0,
    0.0,
    0.0,
    0.0,
    0.0,
    0.0
  ],
  "curve2_times_length": 789,
  "curve2_survivals": [
    0.975,
    0.975,
    0.975,
    0.975,
    0.975,
    0.975,
    0.975,
    0.975,
    0.975,
    0.975
  ],
  "curve2_survivals_length": 789,
  "confidence": 0.6,
  "orientation_method": "text_hr_pair_fallback",
  "text_hr": 0.871,
  "n_curves_found": 27,
  "n_pages_scanned": 8,
  "processing_time_s": 193.69,
  "warnings": [
    "Curve HR diverged from text HR; using text HR while retaining the selected curve pair for IPD."
  ],
  "certification_status": "UNCERTIFIED",
  "pipeline_version": "1.4",
  "timestamp": "2026-02-17T16:37:11.604313+00:00"
}