{
  "pdf_path": "PMC11267211.pdf",
  "pdf_name": "PMC11267211.pdf",
  "hr": 1.695,
  "ci_lower": 0.961,
  "ci_upper": 2.989,
  "p_value": null,
  "hr_method": "text_hr_match",
  "ipd_arm1": {
    "arm_label": "treatment",
    "arm_index": 1,
    "n_patients": 67,
    "n_events": 57,
    "n_censored": 10,
    "n_records": 67
  },
  "ipd_arm2": {
    "arm_label": "control",
    "arm_index": 0,
    "n_patients": 21,
    "n_events": 10,
    "n_censored": 11,
    "n_records": 21
  },
  "total_ipd_records": 88,
  "curve1_times": [
    0.17710843373493976,
    0.1783132530120482,
    0.17951807228915662,
    0.18072289156626506,
    0.1819277108433735,
    0.18313253012048192,
    0.18433734939759036,
    0.1855421686746988,
    0.18674698795180722,
    0.18795180722891566
  ],
  "curve1_times_length": 56,
  "curve1_survivals": [
    0.8688845401174168,
    0.8688845401174168,
    0.8698630136986302,
    0.8708414872798435,
    0.8336594911937378,
    0.8346379647749511,
    0.7240704500978474,
    0.726027397260274,
    0.7270058708414873,
    0.726027397260274
  ],
  "curve1_survivals_length": 56,
  "curve2_times": [
    0.1674698795180723,
    0.1686746987951807,
    0.16987951807228915,
    0.1710843373493976,
    0.172289156626506,
    0.17349397590361446,
    0.1746987951807229,
    0.17590361445783131,
    0.17710843373493976,
    0.1783132530120482
  ],
  "curve2_times_length": 113,
  "curve2_survivals": [
    0.8542074363992173,
    0.8542074363992173,
    0.8542074363992173,
    0.8542074363992173,
    0.8542074363992173,
    0.8522504892367906,
    0.8542074363992173,
    0.8542074363992173,
    0.8473581213307241,
    0.8473581213307241
  ],
  "curve2_survivals_length": 113,
  "confidence": 1.0,
  "orientation_method": "text_hr_match",
  "text_hr": 1.49,
  "n_curves_found": 22,
  "n_pages_scanned": 12,
  "processing_time_s": 567.56,
  "warnings": [],
  "certification_status": "UNCERTIFIED",
  "pipeline_version": "1.4",
  "timestamp": "2026-02-15T16:21:16.892505+00:00"
}