{
  "pdf_path": "PMC11185856.pdf",
  "pdf_name": "PMC11185856.pdf",
  "hr": 0.654,
  "ci_lower": 0.433,
  "ci_upper": 0.988,
  "p_value": null,
  "hr_method": "text_hr_match",
  "ipd_arm1": {
    "arm_label": "treatment",
    "arm_index": 1,
    "n_patients": 80,
    "n_events": 70,
    "n_censored": 10,
    "n_records": 80
  },
  "ipd_arm2": {
    "arm_label": "control",
    "arm_index": 0,
    "n_patients": 55,
    "n_events": 43,
    "n_censored": 12,
    "n_records": 55
  },
  "total_ipd_records": 135,
  "curve1_times": [
    0.0,
    0.0,
    0.0,
    0.0,
    0.0,
    0.0,
    0.0,
    0.0,
    0.0,
    0.0
  ],
  "curve1_times_length": 2082,
  "curve1_survivals": [
    0.958421052631579,
    0.881578947368421,
    0.8810526315789473,
    0.41947368421052633,
    0.41947368421052633,
    0.4142105263157895,
    0.6721052631578948,
    0.9521052631578948,
    0.5431578947368421,
    0.6063157894736841
  ],
  "curve1_survivals_length": 2082,
  "curve2_times": [
    0.0,
    0.0,
    0.0,
    0.0,
    0.0,
    0.0,
    0.0,
    0.0,
    0.0,
    0.0
  ],
  "curve2_times_length": 1181,
  "curve2_survivals": [
    0.8812729498164015,
    0.8812729498164015,
    0.8812729498164015,
    0.6878824969400245,
    0.6878824969400245,
    0.6878824969400245,
    0.8812729498164015,
    0.8812729498164015,
    0.8812729498164015,
    0.7356181150550796
  ],
  "curve2_survivals_length": 1181,
  "confidence": 0.9,
  "orientation_method": "text_hr_match",
  "text_hr": 0.66,
  "n_curves_found": 9,
  "n_pages_scanned": 10,
  "processing_time_s": 42.18,
  "warnings": [],
  "certification_status": "UNCERTIFIED",
  "pipeline_version": "1.4",
  "timestamp": "2026-02-17T09:11:44.400578+00:00"
}