{
  "pdf_path": "PMC11238147.pdf",
  "pdf_name": "PMC11238147.pdf",
  "hr": 0.568,
  "ci_lower": 0.351,
  "ci_upper": 0.919,
  "p_value": null,
  "hr_method": "text_hr_match",
  "ipd_arm1": {
    "arm_label": "treatment",
    "arm_index": 1,
    "n_patients": 39,
    "n_events": 29,
    "n_censored": 10,
    "n_records": 39
  },
  "ipd_arm2": {
    "arm_label": "control",
    "arm_index": 0,
    "n_patients": 60,
    "n_events": 49,
    "n_censored": 11,
    "n_records": 60
  },
  "total_ipd_records": 99,
  "curve1_times": [
    0.0,
    0.0,
    0.0,
    0.0,
    0.0,
    0.0,
    0.021453287197231833,
    0.022145328719723183,
    0.023529411764705882,
    0.02422145328719723
  ],
  "curve1_times_length": 63,
  "curve1_survivals": [
    0.7411545623836127,
    0.7411545623836127,
    0.7411545623836127,
    0.7411545623836127,
    0.7411545623836127,
    0.7411545623836127,
    0.7662942271880819,
    0.7662942271880819,
    0.7653631284916201,
    0.7653631284916201
  ],
  "curve1_survivals_length": 63,
  "curve2_times": [
    0.05983545250560957,
    0.0605833956619297,
    0.061331338818249814,
    0.06207928197456993,
    0.06282722513089005,
    0.06357516828721017,
    0.0643231114435303,
    0.06507105459985041,
    0.06581899775617053,
    0.06656694091249066
  ],
  "curve2_times_length": 328,
  "curve2_survivals": [
    0.9657615112160567,
    0.9645808736717828,
    0.9645808736717828,
    0.9657615112160567,
    0.9657615112160567,
    0.9657615112160567,
    0.9669421487603306,
    0.9669421487603306,
    0.9669421487603306,
    0.9669421487603306
  ],
  "curve2_survivals_length": 328,
  "confidence": 0.9,
  "orientation_method": "text_hr_match",
  "text_hr": 0.63,
  "n_curves_found": 15,
  "n_pages_scanned": 12,
  "processing_time_s": 526.7,
  "warnings": [],
  "certification_status": "UNCERTIFIED",
  "pipeline_version": "1.4",
  "timestamp": "2026-02-15T15:42:42.858978+00:00"
}