{
  "pdf_path": "PMC10944099.pdf",
  "pdf_name": "PMC10944099.pdf",
  "hr": 0.658,
  "ci_lower": 0.362,
  "ci_upper": 1.194,
  "p_value": null,
  "hr_method": "text_hr_match",
  "ipd_arm1": {
    "arm_label": "treatment",
    "arm_index": 1,
    "n_patients": 26,
    "n_events": 15,
    "n_censored": 11,
    "n_records": 26
  },
  "ipd_arm2": {
    "arm_label": "control",
    "arm_index": 0,
    "n_patients": 40,
    "n_events": 30,
    "n_censored": 10,
    "n_records": 40
  },
  "total_ipd_records": 66,
  "curve1_times": [
    0.01170643854119766,
    0.012156686177397569,
    0.012606933813597478,
    0.013057181449797388,
    0.0135074290859973,
    0.013957676722197209,
    0.014407924358397118,
    0.014858171994597028,
    0.01530841963079694,
    0.01575866726699685
  ],
  "curve1_times_length": 1046,
  "curve1_survivals": [
    0.959332638164755,
    0.959332638164755,
    0.9546402502606882,
    0.8018769551616267,
    0.8018769551616267,
    0.8018769551616267,
    0.8018769551616267,
    0.805526590198123,
    0.805526590198123,
    0.805526590198123
  ],
  "curve1_survivals_length": 1046,
  "curve2_times": [
    0.01170643854119766,
    0.012156686177397569,
    0.012606933813597478,
    0.013057181449797388,
    0.0135074290859973,
    0.013957676722197209,
    0.014407924358397118,
    0.014858171994597028,
    0.01530841963079694,
    0.01575866726699685
  ],
  "curve2_times_length": 1046,
  "curve2_survivals": [
    0.8270858524788391,
    0.8270858524788391,
    0.8216444981862152,
    0.5350665054413544,
    0.5350665054413544,
    0.5350665054413544,
    0.5350665054413544,
    0.5392986698911729,
    0.5392986698911729,
    0.5392986698911729
  ],
  "curve2_survivals_length": 1046,
  "confidence": 0.9,
  "orientation_method": "text_hr_match",
  "text_hr": 0.67,
  "n_curves_found": 7,
  "n_pages_scanned": 8,
  "processing_time_s": 141.57,
  "warnings": [],
  "certification_status": "UNCERTIFIED",
  "pipeline_version": "1.4",
  "timestamp": "2026-02-17T09:03:24.263572+00:00"
}