{
  "pdf_path": "PMC10836324.pdf",
  "pdf_name": "PMC10836324.pdf",
  "hr": 0.592,
  "ci_lower": 0.316,
  "ci_upper": 1.111,
  "p_value": null,
  "hr_method": "text_hr_match",
  "ipd_arm1": {
    "arm_label": "treatment",
    "arm_index": 1,
    "n_patients": 31,
    "n_events": 19,
    "n_censored": 12,
    "n_records": 31
  },
  "ipd_arm2": {
    "arm_label": "control",
    "arm_index": 0,
    "n_patients": 34,
    "n_events": 23,
    "n_censored": 11,
    "n_records": 34
  },
  "total_ipd_records": 65,
  "curve1_times": [
    0.20055581287633165,
    0.20101899027327466,
    0.2014821676702177,
    0.20194534506716072,
    0.20240852246410376,
    0.20287169986104678,
    0.20333487725798982,
    0.20379805465493284,
    0.20426123205187588,
    0.2047244094488189
  ],
  "curve1_times_length": 1115,
  "curve1_survivals": [
    0.8581623550401427,
    0.8581623550401427,
    0.8581623550401427,
    0.8581623550401427,
    0.8572702943800179,
    0.8572702943800179,
    0.8572702943800179,
    0.8572702943800179,
    0.8572702943800179,
    0.8581623550401427
  ],
  "curve1_survivals_length": 1115,
  "curve2_times": [
    0.08800370541917554,
    0.08846688281611857,
    0.0889300602130616,
    0.08939323761000463,
    0.08985641500694766,
    0.09031959240389069,
    0.09078276980083372,
    0.09124594719777675,
    0.09170912459471978,
    0.0921723019916628
  ],
  "curve2_times_length": 875,
  "curve2_survivals": [
    0.5696611081226466,
    0.5696611081226466,
    0.5696611081226466,
    0.5696611081226466,
    0.5696611081226466,
    0.5696611081226466,
    0.5696611081226466,
    0.5696611081226466,
    0.5696611081226466,
    0.5696611081226466
  ],
  "curve2_survivals_length": 875,
  "confidence": 0.9,
  "orientation_method": "text_hr_match",
  "text_hr": 0.68,
  "n_curves_found": 13,
  "n_pages_scanned": 9,
  "processing_time_s": 283.86,
  "warnings": [],
  "certification_status": "UNCERTIFIED",
  "pipeline_version": "1.4",
  "timestamp": "2026-02-17T09:01:02.627031+00:00"
}