{
  "pdf_path": "PMC11116590.pdf",
  "pdf_name": "PMC11116590.pdf",
  "hr": 0.157,
  "ci_lower": 0.102,
  "ci_upper": 0.239,
  "p_value": null,
  "hr_method": "text_hr_match",
  "ipd_arm1": {
    "arm_label": "treatment",
    "arm_index": 1,
    "n_patients": 27,
    "n_events": 16,
    "n_censored": 11,
    "n_records": 27
  },
  "ipd_arm2": {
    "arm_label": "control",
    "arm_index": 0,
    "n_patients": 10,
    "n_events": 0,
    "n_censored": 10,
    "n_records": 10
  },
  "total_ipd_records": 37,
  "curve1_times": [
    0.3144974525243168,
    0.31496062992125984,
    0.31542380731820285,
    0.3158869847151459,
    0.31635016211208894,
    0.31681333950903195,
    0.31727651690597497,
    0.31773969430291804,
    0.31820287169986106,
    0.31866604909680407
  ],
  "curve1_times_length": 88,
  "curve1_survivals": [
    0.8970163618864293,
    0.897497593840231,
    0.8979788257940328,
    0.8979788257940328,
    0.8979788257940328,
    0.897497593840231,
    0.8970163618864293,
    0.8965351299326275,
    0.7540904716073147,
    0.753609239653513
  ],
  "curve1_survivals_length": 88,
  "curve2_times": [
    0.10472659870250231,
    0.1056533827618165,
    0.10658016682113068,
    0.10750695088044486,
    0.10843373493975904,
    0.10936051899907322,
    0.1102873030583874,
    0.11121408711770157,
    0.11214087117701575,
    0.11306765523632993
  ],
  "curve2_times_length": 298,
  "curve2_survivals": [
    1.0,
    1.0,
    1.0,
    1.0,
    1.0,
    1.0,
    1.0,
    1.0,
    1.0,
    1.0
  ],
  "curve2_survivals_length": 298,
  "confidence": 0.9,
  "orientation_method": "text_hr_match",
  "text_hr": 0.151,
  "n_curves_found": 14,
  "n_pages_scanned": 9,
  "processing_time_s": 58.56,
  "warnings": [
    "Extreme HR=0.157: manual review recommended"
  ],
  "certification_status": "UNCERTIFIED",
  "pipeline_version": "1.4",
  "timestamp": "2026-02-17T09:28:45.366219+00:00"
}