{
  "pdf_path": "PMC10192282.pdf",
  "pdf_name": "PMC10192282.pdf",
  "hr": 0.293,
  "ci_lower": 0.208,
  "ci_upper": 0.413,
  "p_value": null,
  "hr_method": "text_hr_match",
  "ipd_arm1": {
    "arm_label": "treatment",
    "arm_index": 1,
    "n_patients": 91,
    "n_events": 80,
    "n_censored": 11,
    "n_records": 91
  },
  "ipd_arm2": {
    "arm_label": "control",
    "arm_index": 0,
    "n_patients": 27,
    "n_events": 17,
    "n_censored": 10,
    "n_records": 27
  },
  "total_ipd_records": 118,
  "curve1_times": [
    0.02269569245020843,
    0.02315886984715146,
    0.023622047244094488,
    0.024085224641037517,
    0.024548402037980546,
    0.025011579434923575,
    0.025474756831866605,
    0.025937934228809634,
    0.029643353404353867,
    0.036591014358499305
  ],
  "curve1_times_length": 499,
  "curve1_survivals": [
    0.905993690851735,
    0.8839116719242902,
    0.9066246056782334,
    0.8839116719242902,
    0.8839116719242902,
    0.8839116719242902,
    0.8839116719242902,
    0.8839116719242902,
    0.9047318611987382,
    0.9015772870662461
  ],
  "curve1_survivals_length": 499,
  "curve2_times": [
    0.056429232192414434,
    0.05735430157261795,
    0.058279370952821465,
    0.06475485661424607,
    0.06567992599444958,
    0.0666049953746531,
    0.06753006475485661,
    0.06845513413506013,
    0.06938020351526364,
    0.07030527289546716
  ],
  "curve2_times_length": 175,
  "curve2_survivals": [
    0.9658873131467995,
    0.9658873131467995,
    0.9658873131467995,
    0.9658873131467995,
    0.9655040245304715,
    0.9655040245304715,
    0.9635875814488309,
    0.7934074357991567,
    0.7934074357991567,
    0.7934074357991567
  ],
  "curve2_survivals_length": 175,
  "confidence": 0.85,
  "orientation_method": "text_hr_match",
  "text_hr": 0.26,
  "n_curves_found": 25,
  "n_pages_scanned": 12,
  "processing_time_s": 197.83,
  "warnings": [
    "Extreme HR=0.293: manual review recommended"
  ],
  "certification_status": "UNCERTIFIED",
  "pipeline_version": "1.4",
  "timestamp": "2026-02-16T23:10:22.158980+00:00"
}