{
  "pdf_path": "PMC11687940.pdf",
  "pdf_name": "PMC11687940.pdf",
  "hr": 0.693,
  "ci_lower": 0.503,
  "ci_upper": 0.955,
  "p_value": null,
  "hr_method": "text_hr_match",
  "ipd_arm1": {
    "arm_label": "treatment",
    "arm_index": 1,
    "n_patients": 90,
    "n_events": 78,
    "n_censored": 12,
    "n_records": 90
  },
  "ipd_arm2": {
    "arm_label": "control",
    "arm_index": 0,
    "n_patients": 10,
    "n_events": 0,
    "n_censored": 10,
    "n_records": 10
  },
  "total_ipd_records": 100,
  "curve1_times": [
    0.012723845428840716,
    0.013195098963242224,
    0.013666352497643733,
    0.01413760603204524,
    0.014608859566446749,
    0.015080113100848256,
    0.015551366635249765,
    0.016022620169651274,
    0.01649387370405278,
    0.016965127238454288
  ],
  "curve1_times_length": 1751,
  "curve1_survivals": [
    0.7941550190597204,
    0.795425667090216,
    0.7966963151207116,
    0.8005082592121983,
    0.8030495552731893,
    0.8043202033036849,
    0.806861499364676,
    0.8106734434561627,
    0.8144853875476493,
    0.8144853875476493
  ],
  "curve1_survivals_length": 1751,
  "curve2_times": [
    0.017436380772855798,
    0.017907634307257305,
    0.018378887841658812,
    0.01885014137606032,
    0.01932139491046183,
    0.019792648444863337,
    0.020263901979264844,
    0.020735155513666354,
    0.02120640904806786,
    0.021677662582469368
  ],
  "curve2_times_length": 1974,
  "curve2_survivals": [
    0.9065934065934066,
    0.9065934065934066,
    0.9065934065934066,
    0.9065934065934066,
    0.9065934065934066,
    0.9065934065934066,
    0.9065934065934066,
    0.9065934065934066,
    0.9065934065934066,
    0.9065934065934066
  ],
  "curve2_survivals_length": 1974,
  "confidence": 0.9,
  "orientation_method": "text_hr_match",
  "text_hr": 0.71,
  "n_curves_found": 6,
  "n_pages_scanned": 9,
  "processing_time_s": 90.72,
  "warnings": [],
  "certification_status": "UNCERTIFIED",
  "pipeline_version": "1.4",
  "timestamp": "2026-02-17T08:42:23.204944+00:00"
}