{
  "pdf_path": "PMC10990610.pdf",
  "pdf_name": "PMC10990610.pdf",
  "hr": 0.712,
  "ci_lower": 0.521,
  "ci_upper": 0.973,
  "p_value": null,
  "hr_method": "text_hr_match",
  "ipd_arm1": {
    "arm_label": "treatment",
    "arm_index": 1,
    "n_patients": 90,
    "n_events": 79,
    "n_censored": 11,
    "n_records": 90
  },
  "ipd_arm2": {
    "arm_label": "control",
    "arm_index": 0,
    "n_patients": 98,
    "n_events": 87,
    "n_censored": 11,
    "n_records": 98
  },
  "total_ipd_records": 188,
  "curve1_times": [
    0.04909680407596109,
    0.09309865678554886,
    0.0935618341824919,
    0.09402501157943492,
    0.09448818897637795,
    0.09495136637332098,
    0.09541454377026401,
    0.09587772116720704,
    0.09958314034275127,
    0.1000463177396943
  ],
  "curve1_times_length": 72,
  "curve1_survivals": [
    1.0,
    0.8296296296296296,
    0.8296296296296296,
    0.8296296296296296,
    0.8304526748971194,
    0.8288065843621399,
    0.8296296296296296,
    0.8288065843621399,
    0.8255144032921811,
    0.8255144032921811
  ],
  "curve1_survivals_length": 72,
  "curve2_times": [
    0.07414272474513438,
    0.07506950880444857,
    0.07599629286376275,
    0.07692307692307693,
    0.0778498609823911,
    0.07877664504170528,
    0.07970342910101946,
    0.08063021316033364,
    0.08155699721964782,
    0.082483781278962
  ],
  "curve2_times_length": 502,
  "curve2_survivals": [
    1.0,
    1.0,
    0.2854984894259819,
    0.2854984894259819,
    0.2854984894259819,
    0.2854984894259819,
    0.28172205438066467,
    0.28172205438066467,
    0.28172205438066467,
    0.2870090634441088
  ],
  "curve2_survivals_length": 502,
  "confidence": 0.9,
  "orientation_method": "text_hr_match",
  "text_hr": 0.66,
  "n_curves_found": 9,
  "n_pages_scanned": 11,
  "processing_time_s": 206.85,
  "warnings": [],
  "certification_status": "UNCERTIFIED",
  "pipeline_version": "1.4",
  "timestamp": "2026-02-16T22:53:57.448523+00:00"
}