{
  "pdf_path": "PMC10105623.pdf",
  "pdf_name": "PMC10105623.pdf",
  "hr": 0.403,
  "ci_lower": 0.27,
  "ci_upper": 0.602,
  "p_value": null,
  "hr_method": "text_hr_match",
  "ipd_arm1": {
    "arm_label": "treatment",
    "arm_index": 1,
    "n_patients": 93,
    "n_events": 78,
    "n_censored": 15,
    "n_records": 93
  },
  "ipd_arm2": {
    "arm_label": "control",
    "arm_index": 0,
    "n_patients": 68,
    "n_events": 55,
    "n_censored": 13,
    "n_records": 68
  },
  "total_ipd_records": 161,
  "curve1_times": [
    0.3098656785548865,
    0.3103288559518296,
    0.3107920333487726,
    0.31357109773043074,
    0.3140342751273738,
    0.3144974525243168,
    0.31496062992125984,
    0.3158869847151459,
    0.31635016211208894,
    0.31681333950903195
  ],
  "curve1_times_length": 953,
  "curve1_survivals": [
    0.8575624082232012,
    0.8575624082232012,
    0.8575624082232012,
    0.8531571218795888,
    0.8531571218795888,
    0.8531571218795888,
    0.8531571218795888,
    0.8619676945668135,
    0.8619676945668135,
    0.8619676945668135
  ],
  "curve1_survivals_length": 953,
  "curve2_times": [
    0.07399103139013453,
    0.07455156950672645,
    0.07511210762331838,
    0.07567264573991031,
    0.07623318385650224,
    0.0795964125560538,
    0.08015695067264574,
    0.08071748878923767,
    0.0812780269058296,
    0.08183856502242152
  ],
  "curve2_times_length": 459,
  "curve2_survivals": [
    0.9413489736070382,
    0.9413489736070382,
    0.9413489736070382,
    0.9413489736070382,
    0.9413489736070382,
    0.9413489736070382,
    0.9413489736070382,
    0.9472140762463344,
    0.935483870967742,
    0.9384164222873901
  ],
  "curve2_survivals_length": 459,
  "confidence": 0.95,
  "orientation_method": "text_hr_match",
  "text_hr": 0.39,
  "n_curves_found": 12,
  "n_pages_scanned": 9,
  "processing_time_s": 96.11,
  "warnings": [],
  "certification_status": "UNCERTIFIED",
  "pipeline_version": "1.4",
  "timestamp": "2026-02-16T23:04:00.726365+00:00"
}