{
  "pdf_path": "PMC10774956.pdf",
  "pdf_name": "PMC10774956.pdf",
  "hr": 0.817,
  "ci_lower": 0.558,
  "ci_upper": 1.197,
  "p_value": null,
  "hr_method": "text_hr_match",
  "ipd_arm1": {
    "arm_label": "treatment",
    "arm_index": 1,
    "n_patients": 53,
    "n_events": 38,
    "n_censored": 15,
    "n_records": 53
  },
  "ipd_arm2": {
    "arm_label": "control",
    "arm_index": 0,
    "n_patients": 89,
    "n_events": 76,
    "n_censored": 13,
    "n_records": 89
  },
  "total_ipd_records": 142,
  "curve1_times": [
    0.01170643854119766,
    0.012156686177397569,
    0.012606933813597478,
    0.013057181449797388,
    0.0135074290859973,
    0.013957676722197209,
    0.014407924358397118,
    0.014858171994597028,
    0.01530841963079694,
    0.01575866726699685
  ],
  "curve1_times_length": 1358,
  "curve1_survivals": [
    0.8617886178861789,
    0.8617886178861789,
    0.7195121951219512,
    0.717479674796748,
    0.8658536585365854,
    0.8648373983739838,
    0.8638211382113821,
    0.8638211382113821,
    0.8628048780487805,
    0.8628048780487805
  ],
  "curve1_survivals_length": 1358,
  "curve2_times": [
    0.014858171994597028,
    0.01530841963079694,
    0.01575866726699685,
    0.01620891490319676,
    0.016659162539396668,
    0.017109410175596577,
    0.017559657811796487,
    0.018009905447996397,
    0.01846015308419631,
    0.01891040072039622
  ],
  "curve2_times_length": 252,
  "curve2_survivals": [
    1.0,
    1.0,
    1.0,
    1.0,
    1.0,
    1.0,
    1.0,
    1.0,
    1.0,
    1.0
  ],
  "curve2_survivals_length": 252,
  "confidence": 0.9,
  "orientation_method": "text_hr_match",
  "text_hr": 0.81,
  "n_curves_found": 19,
  "n_pages_scanned": 11,
  "processing_time_s": 239.73,
  "warnings": [],
  "certification_status": "UNCERTIFIED",
  "pipeline_version": "1.4",
  "timestamp": "2026-02-17T08:56:18.718746+00:00"
}