{
  "pdf_path": "PMC10320168.pdf",
  "pdf_name": "PMC10320168.pdf",
  "hr": 0.466,
  "ci_lower": 0.324,
  "ci_upper": 0.67,
  "p_value": null,
  "hr_method": "text_hr_match",
  "ipd_arm1": {
    "arm_label": "treatment",
    "arm_index": 1,
    "n_patients": 80,
    "n_events": 67,
    "n_censored": 13,
    "n_records": 80
  },
  "ipd_arm2": {
    "arm_label": "control",
    "arm_index": 0,
    "n_patients": 77,
    "n_events": 66,
    "n_censored": 11,
    "n_records": 77
  },
  "total_ipd_records": 157,
  "curve1_times": [
    0.0315173345339937,
    0.031967582170193604,
    0.03241782980639352,
    0.03286807744259343,
    0.033318325078793336,
    0.03376857271499325,
    0.034218820351193155,
    0.03466906798739307,
    0.035119315623592974,
    0.03556956325979289
  ],
  "curve1_times_length": 273,
  "curve1_survivals": [
    0.7033639143730888,
    0.7038735983690112,
    0.7048929663608563,
    0.7048929663608563,
    0.7048929663608563,
    0.7099898063200816,
    0.7099898063200816,
    0.7099898063200816,
    0.708460754332314,
    0.7033639143730888
  ],
  "curve1_survivals_length": 273,
  "curve2_times": [
    0.03241782980639352,
    0.03286807744259343,
    0.033318325078793336,
    0.03556956325979289,
    0.03601981089599279,
    0.036470058532192706,
    0.03692030616839262,
    0.037370553804592525,
    0.03782080144079244,
    0.04007203962179198
  ],
  "curve2_times_length": 61,
  "curve2_survivals": [
    0.716106014271152,
    0.716106014271152,
    0.716106014271152,
    0.09429153924566769,
    0.10040774719673806,
    0.10040774719673806,
    0.10040774719673806,
    0.10142711518858305,
    0.7038735983690112,
    0.09429153924566769
  ],
  "curve2_survivals_length": 61,
  "confidence": 0.98,
  "orientation_method": "text_hr_match",
  "text_hr": 0.48,
  "n_curves_found": 14,
  "n_pages_scanned": 12,
  "processing_time_s": 100.8,
  "warnings": [],
  "certification_status": "UNCERTIFIED",
  "pipeline_version": "1.4",
  "timestamp": "2026-02-17T16:24:45.706530+00:00"
}