{
  "pdf_path": "PMC10387776.pdf",
  "pdf_name": "PMC10387776.pdf",
  "hr": 0.92,
  "ci_lower": 0.655,
  "ci_upper": 1.195,
  "p_value": null,
  "hr_method": "text_hr_snap",
  "ipd_arm1": {
    "arm_label": "treatment",
    "arm_index": 1,
    "n_patients": 100,
    "n_events": 89,
    "n_censored": 11,
    "n_records": 100
  },
  "ipd_arm2": {
    "arm_label": "control",
    "arm_index": 0,
    "n_patients": 97,
    "n_events": 84,
    "n_censored": 13,
    "n_records": 97
  },
  "total_ipd_records": 197,
  "curve1_times": [
    0.0,
    0.0,
    0.0,
    0.0008278145695364238,
    0.0016556291390728477,
    0.0024834437086092716,
    0.0033112582781456954,
    0.0041390728476821195,
    0.004966887417218543,
    0.005794701986754967
  ],
  "curve1_times_length": 1164,
  "curve1_survivals": [
    1.0,
    1.0,
    1.0,
    1.0,
    1.0,
    1.0,
    1.0,
    1.0,
    1.0,
    1.0
  ],
  "curve1_survivals_length": 1164,
  "curve2_times": [
    0.0,
    0.0,
    0.0,
    0.0008278145695364238,
    0.0016556291390728477,
    0.0024834437086092716,
    0.0033112582781456954,
    0.0041390728476821195,
    0.004966887417218543,
    0.005794701986754967
  ],
  "curve2_times_length": 1163,
  "curve2_survivals": [
    1.0,
    1.0,
    1.0,
    1.0,
    1.0,
    1.0,
    1.0,
    1.0,
    1.0,
    1.0
  ],
  "curve2_survivals_length": 1163,
  "confidence": 0.98,
  "orientation_method": "text_hr_snap",
  "text_hr": 0.92,
  "n_curves_found": 8,
  "n_pages_scanned": 10,
  "processing_time_s": 38.09,
  "warnings": [],
  "text_hr_context": "mary end point of DFS was not met with HR 0.92 (95% CI: 0.71-1.91; p = 0.53).37 Median DFS was not reach",
  "pair_description": "black(p1) vs black(p5)",
  "pair_rank": 4,
  "pair_quality_score": 174.0,
  "pair_orientation": "forward",
  "certification_status": "UNCERTIFIED",
  "pipeline_version": "1.4",
  "timestamp": "2026-02-17T20:10:02.689410+00:00"
}