{
  "pdf_path": "PMC10796984.pdf",
  "pdf_name": "PMC10796984.pdf",
  "hr": 0.586,
  "ci_lower": 0.426,
  "ci_upper": 0.805,
  "p_value": null,
  "hr_method": "text_hr_match",
  "ipd_arm1": {
    "arm_label": "treatment",
    "arm_index": 1,
    "n_patients": 100,
    "n_events": 95,
    "n_censored": 5,
    "n_records": 100
  },
  "ipd_arm2": {
    "arm_label": "control",
    "arm_index": 0,
    "n_patients": 92,
    "n_events": 81,
    "n_censored": 11,
    "n_records": 92
  },
  "total_ipd_records": 192,
  "curve1_times": [
    0.030106530801296896,
    0.030569708198239925,
    0.031032885595182955,
    0.031496062992125984,
    0.03195924038906901,
    0.03242241778601204,
    0.03288559518295507,
    0.0333487725798981,
    0.03381194997684113,
    0.03427512737378416
  ],
  "curve1_times_length": 1250,
  "curve1_survivals": [
    0.9661798616448886,
    0.96771714066103,
    0.9684857801691007,
    0.9700230591852421,
    0.9707916986933128,
    0.9715603382013835,
    0.973097617217525,
    0.9738662567255957,
    0.9754035357417371,
    0.9777094542659492
  ],
  "curve1_survivals_length": 1250,
  "curve2_times": [
    0.03751736915238536,
    0.03798054654932839,
    0.03844372394627142,
    0.03890690134321445,
    0.03937007874015748,
    0.03983325613710051,
    0.04029643353404354,
    0.04075961093098657,
    0.041222788327929596,
    0.06484483557202408
  ],
  "curve2_times_length": 534,
  "curve2_survivals": [
    0.9555353901996371,
    0.9555353901996371,
    0.956442831215971,
    0.9573502722323048,
    0.9573502722323048,
    0.9573502722323048,
    0.956442831215971,
    0.9555353901996371,
    0.9546279491833031,
    0.9455535390199638
  ],
  "curve2_survivals_length": 534,
  "confidence": 0.9,
  "orientation_method": "text_hr_match",
  "text_hr": 0.59,
  "n_curves_found": 19,
  "n_pages_scanned": 11,
  "processing_time_s": 369.89,
  "warnings": [],
  "certification_status": "UNCERTIFIED",
  "pipeline_version": "1.4",
  "timestamp": "2026-02-15T16:27:26.888359+00:00"
}