{
  "pdf_path": "PMC10668417.pdf",
  "pdf_name": "PMC10668417.pdf",
  "hr": 0.588,
  "ci_lower": 0.424,
  "ci_upper": 0.817,
  "p_value": null,
  "hr_method": "text_hr_match",
  "ipd_arm1": {
    "arm_label": "treatment",
    "arm_index": 1,
    "n_patients": 86,
    "n_events": 74,
    "n_censored": 12,
    "n_records": 86
  },
  "ipd_arm2": {
    "arm_label": "control",
    "arm_index": 0,
    "n_patients": 94,
    "n_events": 81,
    "n_censored": 13,
    "n_records": 94
  },
  "total_ipd_records": 180,
  "curve1_times": [
    0.031496062992125984,
    0.03195924038906901,
    0.03242241778601204,
    0.03288559518295507,
    0.0333487725798981,
    0.03381194997684113,
    0.03427512737378416,
    0.03473830477072719,
    0.03520148216767022,
    0.035664659564613246
  ],
  "curve1_times_length": 1018,
  "curve1_survivals": [
    0.9457725947521866,
    0.9463556851311954,
    0.9469387755102041,
    0.9486880466472303,
    0.9498542274052478,
    0.5661807580174927,
    0.5667638483965014,
    0.5673469387755101,
    0.567930029154519,
    0.5673469387755101
  ],
  "curve1_survivals_length": 1018,
  "curve2_times": [
    0.031032885595182955,
    0.031496062992125984,
    0.03195924038906901,
    0.03242241778601204,
    0.03288559518295507,
    0.0333487725798981,
    0.03381194997684113,
    0.03427512737378416,
    0.03473830477072719,
    0.03520148216767022
  ],
  "curve2_times_length": 1306,
  "curve2_survivals": [
    0.9457725947521866,
    0.5696793002915452,
    0.5708454810495627,
    0.5720116618075801,
    0.5720116618075801,
    0.5725947521865888,
    0.9516034985422741,
    0.9533527696793003,
    0.953935860058309,
    0.953935860058309
  ],
  "curve2_survivals_length": 1306,
  "confidence": 0.95,
  "orientation_method": "text_hr_match",
  "text_hr": 0.67,
  "n_curves_found": 4,
  "n_pages_scanned": 4,
  "processing_time_s": 142.37,
  "warnings": [],
  "certification_status": "UNCERTIFIED",
  "pipeline_version": "1.4",
  "timestamp": "2026-02-15T14:51:44.427303+00:00"
}