{
  "pdf_path": "PMC11366999.pdf",
  "pdf_name": "PMC11366999.pdf",
  "hr": 0.997,
  "ci_lower": 0.374,
  "ci_upper": 2.657,
  "p_value": null,
  "hr_method": "text_hr_match",
  "ipd_arm1": {
    "arm_label": "treatment",
    "arm_index": 1,
    "n_patients": 22,
    "n_events": 9,
    "n_censored": 13,
    "n_records": 22
  },
  "ipd_arm2": {
    "arm_label": "control",
    "arm_index": 0,
    "n_patients": 18,
    "n_events": 7,
    "n_censored": 11,
    "n_records": 18
  },
  "total_ipd_records": 40,
  "curve1_times": [
    0.012505789717461788,
    0.012968967114404817,
    0.013432144511347846,
    0.013895321908290875,
    0.014358499305233904,
    0.014821676702176934,
    0.015284854099119963,
    0.015748031496062992,
    0.01621120889300602,
    0.01667438628994905
  ],
  "curve1_times_length": 868,
  "curve1_survivals": [
    0.957843137254902,
    0.957843137254902,
    0.957843137254902,
    0.957843137254902,
    0.9647058823529412,
    0.9647058823529412,
    0.9647058823529412,
    0.9764705882352941,
    0.9656862745098039,
    0.9480392156862745
  ],
  "curve1_survivals_length": 868,
  "curve2_times": [
    0.015748031496062992,
    0.01621120889300602,
    0.01667438628994905,
    0.01713756368689208,
    0.01760074108383511,
    0.018063918480778138,
    0.018527095877721167,
    0.018990273274664196,
    0.019453450671607225,
    0.019916628068550254
  ],
  "curve2_times_length": 627,
  "curve2_survivals": [
    0.9137254901960784,
    0.9147058823529411,
    0.9205882352941177,
    0.9686274509803922,
    0.9676470588235294,
    0.9470588235294117,
    0.95,
    0.9647058823529412,
    0.9647058823529412,
    0.9656862745098039
  ],
  "curve2_survivals_length": 627,
  "confidence": 0.9,
  "orientation_method": "text_hr_match",
  "text_hr": 0.96,
  "n_curves_found": 22,
  "n_pages_scanned": 12,
  "processing_time_s": 361.61,
  "warnings": [],
  "certification_status": "UNCERTIFIED",
  "pipeline_version": "1.4",
  "timestamp": "2026-02-15T16:11:49.103283+00:00"
}