{
  "pdf_path": "PMC10672715.pdf",
  "pdf_name": "PMC10672715.pdf",
  "hr": 1.86,
  "ci_lower": 1.451,
  "ci_upper": 2.534,
  "p_value": null,
  "hr_method": "text_hr_snap",
  "ipd_arm1": {
    "arm_label": "treatment",
    "arm_index": 1,
    "n_patients": 41,
    "n_events": 18,
    "n_censored": 23,
    "n_records": 41
  },
  "ipd_arm2": {
    "arm_label": "control",
    "arm_index": 0,
    "n_patients": 218,
    "n_events": 120,
    "n_censored": 98,
    "n_records": 218
  },
  "total_ipd_records": 259,
  "curve1_times": [
    0.38165817508105604,
    0.40666975451597964,
    0.4075961093098657,
    0.4080592867068087,
    0.40852246410375176,
    0.6438165817508106,
    0.6442797591477536,
    0.6447429365446966,
    0.6452061139416396,
    0.6456692913385826
  ],
  "curve1_times_length": 38,
  "curve1_survivals": [
    0.9348290598290598,
    0.2742165242165242,
    0.2834757834757835,
    0.2838319088319088,
    0.2838319088319088,
    0.0,
    0.0,
    0.6837606837606838,
    0.6844729344729344,
    0.3254985754985755
  ],
  "curve1_survivals_length": 38,
  "curve2_times": [
    0.3107920333487726,
    0.3112552107457156,
    0.3117183881426586,
    0.3121815655396017,
    0.3126447429365447,
    0.3205187586845762,
    0.3209819360815192,
    0.3214451134784623,
    0.3219082908754053,
    0.3223714682723483
  ],
  "curve2_times_length": 207,
  "curve2_survivals": [
    0.8935185185185185,
    0.8935185185185185,
    0.8935185185185185,
    0.8935185185185185,
    0.8888888888888888,
    0.8935185185185185,
    0.8935185185185185,
    0.8935185185185185,
    0.8935185185185185,
    0.8888888888888888
  ],
  "curve2_survivals_length": 207,
  "confidence": 1.0,
  "orientation_method": "text_hr_snap",
  "text_hr": 1.86,
  "n_curves_found": 11,
  "n_pages_scanned": 12,
  "processing_time_s": 66.6,
  "warnings": [],
  "text_hr_context": "imary composite outcome was 87% higher (HR 1.86, 95% CI 1.6-2.1, p < 0.001), the risk of all-cause mort",
  "pair_description": "blue(p1) vs blue_2(p1)",
  "pair_rank": 1,
  "pair_quality_score": 165.0,
  "pair_orientation": "inverse",
  "certification_status": "UNCERTIFIED",
  "pipeline_version": "1.4",
  "timestamp": "2026-02-17T20:15:14.608777+00:00"
}