{
  "pdf_path": "PMC10115555.pdf",
  "pdf_name": "PMC10115555.pdf",
  "hr": 0.874,
  "ci_lower": 0.569,
  "ci_upper": 1.342,
  "p_value": null,
  "hr_method": "text_hr_match",
  "ipd_arm1": {
    "arm_label": "treatment",
    "arm_index": 1,
    "n_patients": 81,
    "n_events": 50,
    "n_censored": 31,
    "n_records": 81
  },
  "ipd_arm2": {
    "arm_label": "control",
    "arm_index": 0,
    "n_patients": 80,
    "n_events": 40,
    "n_censored": 40,
    "n_records": 80
  },
  "total_ipd_records": 161,
  "curve1_times": [
    0.12629594721960416,
    0.12676720075400566,
    0.12723845428840716,
    0.12770970782280866,
    0.1281809613572102,
    0.1286522148916117,
    0.1291234684260132,
    0.12959472196041472,
    0.13006597549481622,
    0.13053722902921772
  ],
  "curve1_times_length": 1675,
  "curve1_survivals": [
    0.6685006877579092,
    0.6685006877579092,
    0.6685006877579092,
    0.6685006877579092,
    0.6685006877579092,
    0.6685006877579092,
    0.6685006877579092,
    0.6685006877579092,
    0.6685006877579092,
    0.6685006877579092
  ],
  "curve1_survivals_length": 1675,
  "curve2_times": [
    0.13383600377002827,
    0.13430725730442977,
    0.1347785108388313,
    0.1352497643732328,
    0.1357210179076343,
    0.13619227144203583,
    0.13666352497643733,
    0.13713477851083883,
    0.13760603204524033,
    0.13807728557964186
  ],
  "curve2_times_length": 1404,
  "curve2_survivals": [
    0.6382393397524071,
    0.6451169188445667,
    0.6451169188445667,
    0.6451169188445667,
    0.6437414030261348,
    0.6437414030261348,
    0.6437414030261348,
    0.6437414030261348,
    0.6464924346629985,
    0.6464924346629985
  ],
  "curve2_survivals_length": 1404,
  "confidence": 0.95,
  "orientation_method": "text_hr_match",
  "text_hr": 0.82,
  "n_curves_found": 21,
  "n_pages_scanned": 12,
  "processing_time_s": 153.62,
  "warnings": [],
  "certification_status": "UNCERTIFIED",
  "pipeline_version": "1.4",
  "timestamp": "2026-02-16T22:30:38.996436+00:00"
}