{
  "pdf_path": "PMC11046044.pdf",
  "pdf_name": "PMC11046044.pdf",
  "hr": 0.734,
  "ci_lower": 0.462,
  "ci_upper": 1.164,
  "p_value": null,
  "hr_method": "text_hr_match",
  "ipd_arm1": {
    "arm_label": "treatment",
    "arm_index": 1,
    "n_patients": 54,
    "n_events": 39,
    "n_censored": 15,
    "n_records": 54
  },
  "ipd_arm2": {
    "arm_label": "control",
    "arm_index": 0,
    "n_patients": 52,
    "n_events": 41,
    "n_censored": 11,
    "n_records": 52
  },
  "total_ipd_records": 106,
  "curve1_times": [
    0.01170643854119766,
    0.012156686177397569,
    0.012606933813597478,
    0.013057181449797388,
    0.0135074290859973,
    0.013957676722197209,
    0.014407924358397118,
    0.014858171994597028,
    0.01530841963079694,
    0.01575866726699685
  ],
  "curve1_times_length": 1928,
  "curve1_survivals": [
    0.9126637554585153,
    0.9126637554585153,
    0.9100436681222708,
    0.9074235807860263,
    0.7537117903930131,
    0.7519650655021834,
    0.7510917030567685,
    0.7502183406113537,
    0.7502183406113537,
    0.7493449781659389
  ],
  "curve1_survivals_length": 1928,
  "curve2_times": [
    0.01170643854119766,
    0.012156686177397569,
    0.012606933813597478,
    0.013057181449797388,
    0.0135074290859973,
    0.013957676722197209,
    0.014407924358397118,
    0.014858171994597028,
    0.01530841963079694,
    0.01575866726699685
  ],
  "curve2_times_length": 396,
  "curve2_survivals": [
    1.0,
    1.0,
    1.0,
    1.0,
    1.0,
    1.0,
    1.0,
    1.0,
    1.0,
    1.0
  ],
  "curve2_survivals_length": 396,
  "confidence": 1.0,
  "orientation_method": "text_hr_match",
  "text_hr": 0.7,
  "n_curves_found": 24,
  "n_pages_scanned": 11,
  "processing_time_s": 82.45,
  "warnings": [],
  "certification_status": "UNCERTIFIED",
  "pipeline_version": "1.4",
  "timestamp": "2026-02-17T16:30:57.746334+00:00"
}