{
  "pdf_path": "PMC11406080.pdf",
  "pdf_name": "PMC11406080.pdf",
  "hr": 0.488,
  "ci_lower": 0.345,
  "ci_upper": 0.691,
  "p_value": null,
  "hr_method": "text_hr_match",
  "ipd_arm1": {
    "arm_label": "treatment",
    "arm_index": 1,
    "n_patients": 54,
    "n_events": 40,
    "n_censored": 14,
    "n_records": 54
  },
  "ipd_arm2": {
    "arm_label": "control",
    "arm_index": 0,
    "n_patients": 53,
    "n_events": 39,
    "n_censored": 14,
    "n_records": 53
  },
  "total_ipd_records": 107,
  "curve1_times": [
    0.01170643854119766,
    0.012156686177397569,
    0.012606933813597478,
    0.013057181449797388,
    0.0135074290859973,
    0.013957676722197209,
    0.014407924358397118,
    0.014858171994597028,
    0.01530841963079694,
    0.01575866726699685
  ],
  "curve1_times_length": 2060,
  "curve1_survivals": [
    0.9221854304635762,
    0.919701986754967,
    0.9147350993377483,
    0.9072847682119205,
    0.7880794701986755,
    0.7748344370860927,
    0.7706953642384106,
    0.7673841059602649,
    0.7665562913907285,
    0.7649006622516556
  ],
  "curve1_survivals_length": 2060,
  "curve2_times": [
    0.01170643854119766,
    0.012156686177397569,
    0.012606933813597478,
    0.013057181449797388,
    0.0135074290859973,
    0.013957676722197209,
    0.014407924358397118,
    0.014858171994597028,
    0.01530841963079694,
    0.01575866726699685
  ],
  "curve2_times_length": 1813,
  "curve2_survivals": [
    0.9056291390728477,
    0.7897350993377483,
    0.7880794701986755,
    0.7839403973509934,
    0.9114238410596026,
    0.831953642384106,
    0.7541390728476821,
    0.7508278145695364,
    0.75,
    0.7483443708609272
  ],
  "curve2_survivals_length": 1813,
  "confidence": 0.9,
  "orientation_method": "text_hr_match",
  "text_hr": 0.5,
  "n_curves_found": 12,
  "n_pages_scanned": 11,
  "processing_time_s": 149.83,
  "warnings": [],
  "certification_status": "UNCERTIFIED",
  "pipeline_version": "1.4",
  "timestamp": "2026-02-17T08:30:33.067812+00:00"
}