{
  "pdf_path": "PMC10949559.pdf",
  "pdf_name": "PMC10949559.pdf",
  "hr": 1.436,
  "ci_lower": 1.337,
  "ci_upper": 1.543,
  "p_value": null,
  "hr_method": "text_hr_match",
  "ipd_arm1": {
    "arm_label": "treatment",
    "arm_index": 1,
    "n_patients": 3942,
    "n_events": 2095,
    "n_censored": 1847,
    "n_records": 3942
  },
  "ipd_arm2": {
    "arm_label": "control",
    "arm_index": 0,
    "n_patients": 2024,
    "n_events": 1034,
    "n_censored": 990,
    "n_records": 2024
  },
  "total_ipd_records": 5966,
  "curve1_times": [
    0.018063918480778138,
    0.018527095877721167,
    0.018990273274664196,
    0.019453450671607225,
    0.019916628068550254,
    0.020379805465493284,
    0.020842982862436313,
    0.021306160259379342,
    0.02176933765632237,
    0.0222325150532654
  ],
  "curve1_times_length": 1919,
  "curve1_survivals": [
    0.6252808988764045,
    0.6674157303370787,
    0.6067415730337078,
    0.6073033707865169,
    0.6056179775280899,
    0.6719101123595506,
    0.6275280898876405,
    0.6292134831460674,
    0.6292134831460674,
    0.6702247191011236
  ],
  "curve1_survivals_length": 1919,
  "curve2_times": [
    0.018527095877721167,
    0.018990273274664196,
    0.019453450671607225,
    0.019916628068550254,
    0.020379805465493284,
    0.020842982862436313,
    0.021306160259379342,
    0.02176933765632237,
    0.0222325150532654,
    0.02269569245020843
  ],
  "curve2_times_length": 118,
  "curve2_survivals": [
    1.0,
    1.0,
    1.0,
    1.0,
    1.0,
    1.0,
    1.0,
    1.0,
    1.0,
    1.0
  ],
  "curve2_survivals_length": 118,
  "confidence": 0.95,
  "orientation_method": "text_hr_match",
  "text_hr": 1.469,
  "n_curves_found": 18,
  "n_pages_scanned": 12,
  "processing_time_s": 52.97,
  "warnings": [],
  "certification_status": "UNCERTIFIED",
  "pipeline_version": "1.4",
  "timestamp": "2026-02-17T09:39:18.076298+00:00"
}