{
  "pdf_path": "PMC10655973.pdf",
  "pdf_name": "PMC10655973.pdf",
  "hr": 0.549,
  "ci_lower": 0.395,
  "ci_upper": 0.762,
  "p_value": null,
  "hr_method": "text_hr_match",
  "ipd_arm1": {
    "arm_label": "treatment",
    "arm_index": 1,
    "n_patients": 91,
    "n_events": 80,
    "n_censored": 11,
    "n_records": 91
  },
  "ipd_arm2": {
    "arm_label": "control",
    "arm_index": 0,
    "n_patients": 10,
    "n_events": 0,
    "n_censored": 10,
    "n_records": 10
  },
  "total_ipd_records": 101,
  "curve1_times": [
    0.04187946884576098,
    0.042390194075587334,
    0.04290091930541369,
    0.8018386108273748,
    0.8023493360572013,
    0.8028600612870276,
    0.8033707865168539,
    0.8038815117466803,
    0.8043922369765066,
    0.804902962206333
  ],
  "curve1_times_length": 29,
  "curve1_survivals": [
    1.0,
    1.0,
    1.0,
    0.19685039370078738,
    0.20314960629921264,
    0.20314960629921264,
    0.20314960629921264,
    0.20314960629921264,
    0.20314960629921264,
    0.20314960629921264
  ],
  "curve1_survivals_length": 29,
  "curve2_times": [
    0.25844004656577413,
    0.259604190919674,
    0.2607683352735739,
    0.26658905704307334,
    0.26775320139697323,
    0.2689173457508731,
    0.3073341094295693,
    0.3084982537834691,
    0.309662398137369,
    0.3108265424912689
  ],
  "curve2_times_length": 505,
  "curve2_survivals": [
    0.8695876288659794,
    0.8695876288659794,
    0.8695876288659794,
    0.8695876288659794,
    0.8695876288659794,
    0.8695876288659794,
    0.0,
    0.0,
    0.0,
    0.0
  ],
  "curve2_survivals_length": 505,
  "confidence": 0.9,
  "orientation_method": "text_hr_match",
  "text_hr": 0.53,
  "n_curves_found": 10,
  "n_pages_scanned": 12,
  "processing_time_s": 308.13,
  "warnings": [],
  "certification_status": "UNCERTIFIED",
  "pipeline_version": "1.4",
  "timestamp": "2026-02-17T08:52:18.963171+00:00"
}