{
  "pdf_path": "PMC10952210.pdf",
  "pdf_name": "PMC10952210.pdf",
  "hr": 0.61,
  "ci_lower": null,
  "ci_upper": null,
  "p_value": null,
  "hr_method": "text_hr_pair_fallback",
  "ipd_arm1": {
    "arm_label": "treatment",
    "arm_index": 1,
    "n_patients": 10,
    "n_events": 0,
    "n_censored": 10,
    "n_records": 10
  },
  "ipd_arm2": {
    "arm_label": "control",
    "arm_index": 0,
    "n_patients": 93,
    "n_events": 81,
    "n_censored": 12,
    "n_records": 93
  },
  "total_ipd_records": 103,
  "curve1_times": [
    0.0666049953746531,
    0.06753006475485661,
    0.06845513413506013,
    0.06938020351526364,
    0.08233117483811286,
    0.08325624421831637,
    0.0841813135985199,
    0.0851063829787234,
    0.1091581868640148,
    0.11008325624421832
  ],
  "curve1_times_length": 134,
  "curve1_survivals": [
    0.8915293215791491,
    0.8919126101954772,
    0.8919126101954772,
    0.8919126101954772,
    0.8938290532771177,
    0.8915293215791491,
    0.8915293215791491,
    0.8915293215791491,
    0.8915293215791491,
    0.8919126101954772
  ],
  "curve1_survivals_length": 134,
  "curve2_times": [
    0.1683626271970398,
    0.1692876965772433,
    0.1702127659574468,
    0.1711378353376503,
    0.17206290471785385,
    0.17668825161887142,
    0.17761332099907493,
    0.17853839037927843,
    0.17946345975948197,
    0.18038852913968548
  ],
  "curve2_times_length": 86,
  "curve2_survivals": [
    0.9317746262935991,
    0.9298581832119586,
    0.9302414718282868,
    0.9302414718282868,
    0.9302414718282868,
    0.9283250287466462,
    0.9298581832119586,
    0.9298581832119586,
    0.9310080490609429,
    0.9302414718282868
  ],
  "curve2_survivals_length": 86,
  "confidence": 0.6,
  "orientation_method": "text_hr_pair_fallback",
  "text_hr": 0.61,
  "n_curves_found": 10,
  "n_pages_scanned": 12,
  "processing_time_s": 134.93,
  "warnings": [
    "Curve HR diverged from text HR; using text HR while retaining the selected curve pair for IPD."
  ],
  "certification_status": "UNCERTIFIED",
  "pipeline_version": "1.4",
  "timestamp": "2026-02-17T16:29:34.162493+00:00"
}