{
  "pdf_path": "PMC11333279.pdf",
  "pdf_name": "PMC11333279.pdf",
  "hr": 2.663,
  "ci_lower": 1.861,
  "ci_upper": 3.809,
  "p_value": null,
  "hr_method": "text_hr_match",
  "ipd_arm1": {
    "arm_label": "treatment",
    "arm_index": 1,
    "n_patients": 100,
    "n_events": 90,
    "n_censored": 10,
    "n_records": 100
  },
  "ipd_arm2": {
    "arm_label": "control",
    "arm_index": 0,
    "n_patients": 50,
    "n_events": 39,
    "n_censored": 11,
    "n_records": 50
  },
  "total_ipd_records": 150,
  "curve1_times": [
    0.0,
    0.0,
    0.0,
    0.0,
    0.0,
    0.0,
    0.0,
    0.0,
    0.0,
    0.0
  ],
  "curve1_times_length": 1393,
  "curve1_survivals": [
    0.9356357927786499,
    0.9968602825745683,
    0.9984301412872841,
    0.9992150706436421,
    1.0,
    1.0,
    1.0,
    0.9324960753532182,
    0.9332810047095761,
    0.9340659340659341
  ],
  "curve1_survivals_length": 1393,
  "curve2_times": [
    0.06723484848484848,
    0.06818181818181818,
    0.06912878787878787,
    0.07007575757575757,
    0.07102272727272728,
    0.07196969696969698,
    0.07291666666666667,
    0.07386363636363637,
    0.07481060606060606,
    0.07575757575757576
  ],
  "curve2_times_length": 938,
  "curve2_survivals": [
    0.964375,
    0.7125,
    0.784375,
    0.7875,
    0.96375,
    0.968125,
    1.0,
    1.0,
    1.0,
    1.0
  ],
  "curve2_survivals_length": 938,
  "confidence": 0.76,
  "orientation_method": "text_hr_match",
  "text_hr": 2.39,
  "n_curves_found": 7,
  "n_pages_scanned": 12,
  "processing_time_s": 47.54,
  "warnings": [],
  "text_hr_context": "rial thromboembolism 0.3% versus 0.1% (HR 2.39, 95% CI 1.83-3.11; P < 0.001), and all-cause mortality 8",
  "pair_description": "black(p2) vs black(p6)",
  "pair_rank": 4,
  "pair_quality_score": 137.0,
  "pair_orientation": "forward",
  "certification_status": "UNCERTIFIED",
  "pipeline_version": "1.4",
  "timestamp": "2026-02-17T20:04:22.107896+00:00"
}