{
  "pdf_path": "PMC10918378.pdf",
  "pdf_name": "PMC10918378.pdf",
  "hr": 0.52,
  "ci_lower": 0.206,
  "ci_upper": 1.309,
  "p_value": null,
  "hr_method": "text_hr_match",
  "ipd_arm1": {
    "arm_label": "treatment",
    "arm_index": 1,
    "n_patients": 18,
    "n_events": 0,
    "n_censored": 18,
    "n_records": 18
  },
  "ipd_arm2": {
    "arm_label": "control",
    "arm_index": 0,
    "n_patients": 29,
    "n_events": 18,
    "n_censored": 11,
    "n_records": 29
  },
  "total_ipd_records": 47,
  "curve1_times": [
    0.18990273274664196,
    0.190365910143585,
    0.19082908754052802,
    0.19129226493747106,
    0.19175544233441408,
    0.19221861973135712,
    0.19268179712830014,
    0.1949976841130153,
    0.1954608615099583,
    0.19592403890690135
  ],
  "curve1_times_length": 565,
  "curve1_survivals": [
    0.8561643835616438,
    0.8561643835616438,
    0.8561643835616438,
    0.8561643835616438,
    0.8561643835616438,
    0.8561643835616438,
    0.8561643835616438,
    0.8575342465753425,
    0.8575342465753425,
    0.8575342465753425
  ],
  "curve1_survivals_length": 565,
  "curve2_times": [
    0.008800370541917554,
    0.009263547938860583,
    0.009726725335803613,
    0.010189902732746642,
    0.010653080129689671,
    0.0111162575266327,
    0.01157943492357573,
    0.012042612320518759,
    0.015748031496062992,
    0.01621120889300602
  ],
  "curve2_times_length": 953,
  "curve2_survivals": [
    0.5476810838978634,
    0.5476810838978634,
    0.5476810838978634,
    0.5476810838978634,
    0.5476810838978634,
    0.5476810838978634,
    0.5476810838978634,
    0.5476810838978634,
    0.5476810838978634,
    0.5476810838978634
  ],
  "curve2_survivals_length": 953,
  "confidence": 0.95,
  "orientation_method": "text_hr_match",
  "text_hr": 0.55,
  "n_curves_found": 3,
  "n_pages_scanned": 10,
  "processing_time_s": 54.54,
  "warnings": [],
  "certification_status": "UNCERTIFIED",
  "pipeline_version": "1.4",
  "timestamp": "2026-02-16T23:11:16.708029+00:00"
}