{
  "pdf_path": "PMC10638879.pdf",
  "pdf_name": "PMC10638879.pdf",
  "hr": 0.613,
  "ci_lower": 0.437,
  "ci_upper": 0.86,
  "p_value": null,
  "hr_method": "text_hr_match",
  "ipd_arm1": {
    "arm_label": "treatment",
    "arm_index": 1,
    "n_patients": 224,
    "n_events": 150,
    "n_censored": 74,
    "n_records": 224
  },
  "ipd_arm2": {
    "arm_label": "control",
    "arm_index": 0,
    "n_patients": 81,
    "n_events": 60,
    "n_censored": 21,
    "n_records": 81
  },
  "total_ipd_records": 305,
  "curve1_times": [
    0.0,
    0.0,
    0.0,
    0.0,
    0.0,
    0.0,
    0.0,
    0.0,
    0.0,
    0.0
  ],
  "curve1_times_length": 1949,
  "curve1_survivals": [
    1.0,
    1.0,
    0.9971114962449451,
    0.9994222992489891,
    0.9942229924898902,
    0.9994222992489891,
    0.998844598497978,
    0.998844598497978,
    0.998844598497978,
    0.9982668977469671
  ],
  "curve1_survivals_length": 1949,
  "curve2_times": [
    0.0,
    0.0,
    0.0,
    0.0,
    0.0,
    0.0,
    0.0,
    0.0,
    0.0,
    0.0
  ],
  "curve2_times_length": 501,
  "curve2_survivals": [
    1.0,
    1.0,
    1.0,
    1.0,
    1.0,
    1.0,
    1.0,
    1.0,
    1.0,
    1.0
  ],
  "curve2_survivals_length": 501,
  "confidence": 1.0,
  "orientation_method": "text_hr_match",
  "text_hr": 0.56,
  "n_curves_found": 11,
  "n_pages_scanned": 12,
  "processing_time_s": 38.59,
  "warnings": [],
  "certification_status": "UNCERTIFIED",
  "pipeline_version": "1.4",
  "timestamp": "2026-02-17T09:06:44.580508+00:00"
}