{
  "pdf_path": "PMC11333275.pdf",
  "pdf_name": "PMC11333275.pdf",
  "hr": 0.838,
  "ci_lower": 0.456,
  "ci_upper": 1.539,
  "p_value": null,
  "hr_method": "text_hr_match",
  "ipd_arm1": {
    "arm_label": "treatment",
    "arm_index": 1,
    "n_patients": 36,
    "n_events": 24,
    "n_censored": 12,
    "n_records": 36
  },
  "ipd_arm2": {
    "arm_label": "control",
    "arm_index": 0,
    "n_patients": 71,
    "n_events": 59,
    "n_censored": 12,
    "n_records": 71
  },
  "total_ipd_records": 107,
  "curve1_times": [
    0.0,
    0.0,
    0.0,
    0.0,
    0.0,
    0.0,
    0.0,
    0.0,
    0.0,
    0.0
  ],
  "curve1_times_length": 2048,
  "curve1_survivals": [
    0.8581997533908754,
    0.6979038224414303,
    0.5067817509247843,
    0.8175092478421702,
    0.5795314426633785,
    0.3353884093711468,
    0.18742293464858195,
    0.18865598027127006,
    0.18988902589395806,
    0.18988902589395806
  ],
  "curve1_survivals_length": 2048,
  "curve2_times": [
    0.0,
    0.0,
    0.0,
    0.0,
    0.0,
    0.0,
    0.0,
    0.0,
    0.0,
    0.0
  ],
  "curve2_times_length": 2093,
  "curve2_survivals": [
    1.0,
    1.0,
    1.0,
    1.0,
    1.0,
    1.0,
    1.0,
    1.0,
    1.0,
    1.0
  ],
  "curve2_survivals_length": 2093,
  "confidence": 0.9,
  "orientation_method": "text_hr_match",
  "text_hr": 0.73,
  "n_curves_found": 7,
  "n_pages_scanned": 12,
  "processing_time_s": 43.4,
  "warnings": [],
  "certification_status": "UNCERTIFIED",
  "pipeline_version": "1.4",
  "timestamp": "2026-02-17T09:17:47.582819+00:00"
}