{
  "pdf_path": "PMC10805160.pdf",
  "pdf_name": "PMC10805160.pdf",
  "hr": 0.646,
  "ci_lower": 0.401,
  "ci_upper": 1.04,
  "p_value": null,
  "hr_method": "text_hr_match",
  "ipd_arm1": {
    "arm_label": "treatment",
    "arm_index": 1,
    "n_patients": 47,
    "n_events": 35,
    "n_censored": 12,
    "n_records": 47
  },
  "ipd_arm2": {
    "arm_label": "control",
    "arm_index": 0,
    "n_patients": 51,
    "n_events": 37,
    "n_censored": 14,
    "n_records": 51
  },
  "total_ipd_records": 98,
  "curve1_times": [
    0.49501359927470534,
    0.4959202175883953,
    0.4968268359020852,
    0.49773345421577514,
    0.4986400725294651,
    0.499546690843155,
    0.5004533091568449,
    0.5013599274705349,
    0.5022665457842248,
    0.5031731640979148
  ],
  "curve1_times_length": 108,
  "curve1_survivals": [
    0.7393422655298416,
    0.7393422655298416,
    0.7393422655298416,
    0.7393422655298416,
    0.7393422655298416,
    0.7393422655298416,
    0.7393422655298416,
    0.7393422655298416,
    0.7393422655298416,
    0.7393422655298416
  ],
  "curve1_survivals_length": 108,
  "curve2_times": [
    0.4904805077062557,
    0.4913871260199456,
    0.49229374433363554,
    0.4932003626473255,
    0.4941069809610154,
    0.49501359927470534,
    0.4959202175883953,
    0.4968268359020852,
    0.49773345421577514,
    0.4986400725294651
  ],
  "curve2_times_length": 517,
  "curve2_survivals": [
    0.7028014616321558,
    0.7015834348355664,
    0.6967113276492083,
    0.6857490864799025,
    0.6857490864799025,
    0.6760048721071863,
    0.6760048721071863,
    0.6760048721071863,
    0.6760048721071863,
    0.7125456760048721
  ],
  "curve2_survivals_length": 517,
  "confidence": 0.8,
  "orientation_method": "text_hr_match",
  "text_hr": 0.59,
  "n_curves_found": 14,
  "n_pages_scanned": 6,
  "processing_time_s": 31.51,
  "warnings": [],
  "text_hr_context": "kappa clone 48 0.03 Li et al., 2018 RCT HR: 0.59, 95% CI: 0.54-0.64, OS: HR: 0.93, 95% CI: 0.87-1.00 0.001",
  "pair_description": "green(p4) vs purple(p4)",
  "pair_rank": 4,
  "pair_quality_score": 143.0,
  "pair_orientation": "inverse",
  "certification_status": "UNCERTIFIED",
  "pipeline_version": "1.4",
  "timestamp": "2026-02-17T20:01:12.888153+00:00"
}