{
  "pdf_path": "PMC11408570.pdf",
  "pdf_name": "PMC11408570.pdf",
  "hr": 0.663,
  "ci_lower": 0.449,
  "ci_upper": 0.979,
  "p_value": null,
  "hr_method": "text_hr_match",
  "ipd_arm1": {
    "arm_label": "treatment",
    "arm_index": 1,
    "n_patients": 81,
    "n_events": 70,
    "n_censored": 11,
    "n_records": 81
  },
  "ipd_arm2": {
    "arm_label": "control",
    "arm_index": 0,
    "n_patients": 63,
    "n_events": 49,
    "n_censored": 14,
    "n_records": 63
  },
  "total_ipd_records": 144,
  "curve1_times": [
    0.11862835959221502,
    0.1195551436515292,
    0.12048192771084337,
    0.12140871177015755,
    0.12233549582947173,
    0.12326227988878591,
    0.12418906394810009,
    0.12511584800741427,
    0.12604263206672844,
    0.12696941612604262
  ],
  "curve1_times_length": 285,
  "curve1_survivals": [
    0.9226686884003032,
    0.9226686884003032,
    0.9226686884003032,
    0.922289613343442,
    0.922289613343442,
    0.922289613343442,
    0.922289613343442,
    0.922289613343442,
    0.922289613343442,
    0.922289613343442
  ],
  "curve1_survivals_length": 285,
  "curve2_times": [
    0.0,
    0.0,
    0.0,
    0.0,
    0.0,
    0.0,
    0.0,
    0.0,
    0.0,
    0.0
  ],
  "curve2_times_length": 1029,
  "curve2_survivals": [
    1.0,
    1.0,
    1.0,
    1.0,
    1.0,
    1.0,
    1.0,
    1.0,
    1.0,
    1.0
  ],
  "curve2_survivals_length": 1029,
  "confidence": 0.9,
  "orientation_method": "text_hr_match",
  "text_hr": 0.75,
  "n_curves_found": 18,
  "n_pages_scanned": 12,
  "processing_time_s": 231.01,
  "warnings": [],
  "certification_status": "UNCERTIFIED",
  "pipeline_version": "1.4",
  "timestamp": "2026-02-15T16:48:29.889798+00:00"
}