{
  "pdf_path": "PMC12236988.pdf",
  "pdf_name": "PMC12236988.pdf",
  "hr": 2.047,
  "ci_lower": 1.437,
  "ci_upper": 2.916,
  "p_value": null,
  "hr_method": "closest_to_1",
  "ipd_arm1": {
    "arm_label": "treatment",
    "arm_index": 1,
    "n_patients": 11,
    "n_events": 0,
    "n_censored": 11,
    "n_records": 11
  },
  "ipd_arm2": {
    "arm_label": "control",
    "arm_index": 0,
    "n_patients": 60,
    "n_events": 49,
    "n_censored": 11,
    "n_records": 60
  },
  "total_ipd_records": 71,
  "curve1_times": [
    0.030527289546716005,
    0.03145235892691952,
    0.032377428307123035,
    0.03330249768732655,
    0.034227567067530065,
    0.03515263644773358,
    0.036077705827937095,
    0.03700277520814061,
    0.037927844588344126,
    0.03885291396854764
  ],
  "curve1_times_length": 113,
  "curve1_survivals": [
    0.7882736156351792,
    0.7882736156351792,
    0.7871878393051032,
    0.7871878393051032,
    0.7861020629750272,
    0.7839305103148752,
    0.7828447339847991,
    0.7817589576547231,
    0.7817589576547231,
    0.7806731813246471
  ],
  "curve1_survivals_length": 113,
  "curve2_times": [
    0.22984244670991658,
    0.23076923076923078,
    0.23169601482854496,
    0.23262279888785914,
    0.23354958294717332,
    0.24189063948100092,
    0.2428174235403151,
    0.24374420759962928,
    0.24467099165894346,
    0.24559777571825764
  ],
  "curve2_times_length": 222,
  "curve2_survivals": [
    0.974910394265233,
    0.974910394265233,
    0.974910394265233,
    0.974910394265233,
    0.9692780337941628,
    0.9795186891961085,
    0.974910394265233,
    0.974910394265233,
    0.974910394265233,
    0.974910394265233
  ],
  "curve2_survivals_length": 222,
  "confidence": 0.64,
  "orientation_method": "closest_to_1",
  "text_hr": null,
  "n_curves_found": 6,
  "n_pages_scanned": 10,
  "processing_time_s": 60.83,
  "warnings": [
    "No text HR found; orientation resolved by closest-to-1.0 prior (less reliable for extreme HRs)"
  ],
  "text_hr_context": "",
  "pair_description": "blue(p1) vs blue(p2)",
  "pair_rank": 6,
  "pair_quality_score": 122.0,
  "pair_orientation": "inverse",
  "certification_status": "UNCERTIFIED",
  "pipeline_version": "1.4",
  "timestamp": "2026-02-17T20:14:02.555169+00:00"
}