{
  "pdf_path": "PMC10774583.pdf",
  "pdf_name": "PMC10774583.pdf",
  "hr": 0.704,
  "ci_lower": 0.507,
  "ci_upper": 0.977,
  "p_value": null,
  "hr_method": "text_hr_match",
  "ipd_arm1": {
    "arm_label": "treatment",
    "arm_index": 1,
    "n_patients": 99,
    "n_events": 87,
    "n_censored": 12,
    "n_records": 99
  },
  "ipd_arm2": {
    "arm_label": "control",
    "arm_index": 0,
    "n_patients": 81,
    "n_events": 69,
    "n_censored": 12,
    "n_records": 81
  },
  "total_ipd_records": 180,
  "curve1_times": [
    0.0,
    0.0,
    0.0,
    0.0,
    0.0,
    0.0,
    0.0,
    0.005632040050062578,
    0.006257822277847309,
    0.00688360450563204
  ],
  "curve1_times_length": 275,
  "curve1_survivals": [
    0.9699738903394256,
    0.9712793733681462,
    0.9712793733681462,
    0.9738903394255874,
    0.9725848563968669,
    0.9725848563968669,
    0.9725848563968669,
    0.9647519582245431,
    0.9673629242819843,
    0.9673629242819843
  ],
  "curve1_survivals_length": 275,
  "curve2_times": [
    0.0,
    0.0,
    0.0,
    0.0,
    0.0,
    0.0,
    0.0,
    0.0,
    0.0,
    0.0
  ],
  "curve2_times_length": 1065,
  "curve2_survivals": [
    0.9490861618798956,
    0.9503916449086162,
    0.9503916449086162,
    0.9503916449086162,
    0.9503916449086162,
    0.9503916449086162,
    0.9503916449086162,
    0.9503916449086162,
    0.9503916449086162,
    0.9503916449086162
  ],
  "curve2_survivals_length": 1065,
  "confidence": 0.9,
  "orientation_method": "text_hr_match",
  "text_hr": 0.77,
  "n_curves_found": 11,
  "n_pages_scanned": 7,
  "processing_time_s": 54.21,
  "warnings": [],
  "certification_status": "UNCERTIFIED",
  "pipeline_version": "1.4",
  "timestamp": "2026-02-16T23:23:16.465820+00:00"
}