{
  "pdf_path": "PMC10323201.pdf",
  "pdf_name": "PMC10323201.pdf",
  "hr": 0.457,
  "ci_lower": 0.322,
  "ci_upper": 0.648,
  "p_value": null,
  "hr_method": "text_hr_match",
  "ipd_arm1": {
    "arm_label": "treatment",
    "arm_index": 1,
    "n_patients": 87,
    "n_events": 77,
    "n_censored": 10,
    "n_records": 87
  },
  "ipd_arm2": {
    "arm_label": "control",
    "arm_index": 0,
    "n_patients": 90,
    "n_events": 76,
    "n_censored": 14,
    "n_records": 90
  },
  "total_ipd_records": 177,
  "curve1_times": [
    0.04909680407596109,
    0.22417786012042612,
    0.22464103751736916,
    0.22510421491431218,
    0.22556739231125522,
    0.22603056970819824,
    0.22649374710514128,
    0.2269569245020843,
    0.22742010189902734,
    0.23066234367762853
  ],
  "curve1_times_length": 98,
  "curve1_survivals": [
    0.9821605550049554,
    0.7532210109018831,
    0.7532210109018831,
    0.7532210109018831,
    0.48067393458870167,
    0.21407333994053523,
    0.21506442021803762,
    0.21704658077304262,
    0.21803766105054512,
    0.7423191278493557
  ],
  "curve1_survivals_length": 98,
  "curve2_times": [
    0.0,
    0.0,
    0.0,
    0.0,
    0.0,
    0.0,
    0.0,
    0.0,
    0.0,
    0.0
  ],
  "curve2_times_length": 998,
  "curve2_survivals": [
    1.0,
    1.0,
    1.0,
    1.0,
    1.0,
    1.0,
    1.0,
    1.0,
    0.9950445986124876,
    0.9950445986124876
  ],
  "curve2_survivals_length": 998,
  "confidence": 1.0,
  "orientation_method": "text_hr_match",
  "text_hr": 0.5,
  "n_curves_found": 11,
  "n_pages_scanned": 12,
  "processing_time_s": 130.15,
  "warnings": [],
  "certification_status": "UNCERTIFIED",
  "pipeline_version": "1.4",
  "timestamp": "2026-02-16T22:47:39.635541+00:00"
}