{
  "pdf_path": "PMC11484657.pdf",
  "pdf_name": "PMC11484657.pdf",
  "hr": 0.48,
  "ci_lower": null,
  "ci_upper": null,
  "p_value": null,
  "hr_method": "text_hr_pair_fallback",
  "ipd_arm1": {
    "arm_label": "treatment",
    "arm_index": 1,
    "n_patients": 140,
    "n_events": 140,
    "n_censored": 0,
    "n_records": 140
  },
  "ipd_arm2": {
    "arm_label": "control",
    "arm_index": 0,
    "n_patients": 105,
    "n_events": 105,
    "n_censored": 0,
    "n_records": 105
  },
  "total_ipd_records": 245,
  "curve1_times": [
    0.07525912573231185,
    0.07570977917981073,
    0.0761604326273096,
    0.07661108607480847,
    0.07706173952230734,
    0.08201892744479496,
    0.08246958089229382,
    0.0829202343397927,
    0.08517350157728706,
    0.08562415502478594
  ],
  "curve1_times_length": 131,
  "curve1_survivals": [
    0.7909238249594813,
    0.7893030794165317,
    0.7893030794165317,
    0.7893030794165317,
    0.7893030794165317,
    0.7957860615883307,
    0.7957860615883307,
    0.7957860615883307,
    0.5016207455429498,
    0.5016207455429498
  ],
  "curve1_survivals_length": 131,
  "curve2_times": [
    0.06128886885984678,
    0.061739522307345654,
    0.06219017575484453,
    0.07931500675980171,
    0.07976566020730058,
    0.08021631365479946,
    0.09373591707976565,
    0.09418657052726453,
    0.0946372239747634,
    0.09824245155475439
  ],
  "curve2_times_length": 232,
  "curve2_survivals": [
    0.7893030794165317,
    0.7893030794165317,
    0.7893030794165317,
    0.2747163695299838,
    0.2747163695299838,
    0.2747163695299838,
    0.49594813614262556,
    0.49594813614262556,
    0.49594813614262556,
    0.5024311183144247
  ],
  "curve2_survivals_length": 232,
  "confidence": 0.6,
  "orientation_method": "text_hr_pair_fallback",
  "text_hr": 0.48,
  "n_curves_found": 17,
  "n_pages_scanned": 12,
  "processing_time_s": 45.66,
  "warnings": [
    "Text HR match weak: extracted 0.624 vs text 0.48 (log-err=0.262)",
    "Curve HR diverged from text HR; using text HR while retaining the selected curve pair for IPD."
  ],
  "text_hr_context": "< 0.01) and progression-free survival (HR 0.48; 95% CI 0.40-0.59; p < 0.01). Subgroups, including prior",
  "pair_description": "red(p7) vs orange(p7)",
  "pair_rank": 5,
  "pair_quality_score": 185.0,
  "pair_orientation": "forward",
  "certification_status": "UNCERTIFIED",
  "pipeline_version": "1.4",
  "timestamp": "2026-02-17T20:08:29.400592+00:00"
}