{
  "pdf_path": "PMC10849177.pdf",
  "pdf_name": "PMC10849177.pdf",
  "hr": 0.583,
  "ci_lower": 0.417,
  "ci_upper": 0.816,
  "p_value": null,
  "hr_method": "text_hr_match",
  "ipd_arm1": {
    "arm_label": "treatment",
    "arm_index": 1,
    "n_patients": 100,
    "n_events": 93,
    "n_censored": 7,
    "n_records": 100
  },
  "ipd_arm2": {
    "arm_label": "control",
    "arm_index": 0,
    "n_patients": 86,
    "n_events": 75,
    "n_censored": 11,
    "n_records": 86
  },
  "total_ipd_records": 186,
  "curve1_times": [
    0.11970534069981584,
    0.12062615101289134,
    0.12154696132596685,
    0.12246777163904236,
    0.1289134438305709,
    0.1298342541436464,
    0.13075506445672191,
    0.13167587476979742,
    0.13259668508287292,
    0.13351749539594843
  ],
  "curve1_times_length": 439,
  "curve1_survivals": [
    0.9433320740460899,
    0.9410653570079335,
    0.9410653570079335,
    0.9410653570079335,
    0.943709860219116,
    0.9406875708349074,
    0.9406875708349074,
    0.9403097846618814,
    0.9403097846618814,
    0.00604457876841713
  ],
  "curve1_survivals_length": 439,
  "curve2_times": [
    0.0,
    0.0,
    0.0,
    0.0,
    0.0,
    0.0,
    0.0,
    0.0,
    0.0,
    0.0
  ],
  "curve2_times_length": 846,
  "curve2_survivals": [
    0.9867774839440876,
    0.9833774083868531,
    0.9833774083868531,
    0.9833774083868531,
    1.0,
    1.0,
    1.0,
    1.0,
    1.0,
    1.0
  ],
  "curve2_survivals_length": 846,
  "confidence": 0.95,
  "orientation_method": "text_hr_match",
  "text_hr": 0.657,
  "n_curves_found": 2,
  "n_pages_scanned": 5,
  "processing_time_s": 32.79,
  "warnings": [],
  "certification_status": "UNCERTIFIED",
  "pipeline_version": "1.4",
  "timestamp": "2026-02-17T09:53:38.157614+00:00"
}