{
  "pdf_path": "PMC11620791.pdf",
  "pdf_name": "PMC11620791.pdf",
  "hr": 0.768,
  "ci_lower": 0.562,
  "ci_upper": 1.051,
  "p_value": null,
  "hr_method": "text_hr_match",
  "ipd_arm1": {
    "arm_label": "treatment",
    "arm_index": 1,
    "n_patients": 100,
    "n_events": 96,
    "n_censored": 4,
    "n_records": 100
  },
  "ipd_arm2": {
    "arm_label": "control",
    "arm_index": 0,
    "n_patients": 100,
    "n_events": 97,
    "n_censored": 3,
    "n_records": 100
  },
  "total_ipd_records": 200,
  "curve1_times": [
    0.0914826498422713,
    0.1653898152320865,
    0.16629112212708427,
    0.16809373591707977,
    0.1910770617395223,
    0.1915277151870212,
    0.19197836863452006,
    0.19242902208201892,
    0.1928796755295178,
    0.19333032897701669
  ],
  "curve1_times_length": 1004,
  "curve1_survivals": [
    1.0,
    1.0,
    1.0,
    1.0,
    0.9451765946230891,
    0.9451765946230891,
    0.9451765946230891,
    0.9451765946230891,
    0.9451765946230891,
    1.0
  ],
  "curve1_survivals_length": 1004,
  "curve2_times": [
    0.1658404686795854,
    0.16629112212708427,
    0.16674177557458314,
    0.1726002703920685,
    0.17305092383956738,
    0.17350157728706625,
    0.1892744479495268,
    0.1897251013970257,
    0.19017575484452456,
    0.1915277151870212
  ],
  "curve2_times_length": 1600,
  "curve2_survivals": [
    0.9906639004149378,
    0.9906639004149378,
    0.9906639004149378,
    0.9901452282157677,
    0.9901452282157677,
    0.9901452282157677,
    0.3635892116182573,
    0.3635892116182573,
    0.3635892116182573,
    0.2520746887966805
  ],
  "curve2_survivals_length": 1600,
  "confidence": 0.95,
  "orientation_method": "text_hr_match",
  "text_hr": 0.8,
  "n_curves_found": 8,
  "n_pages_scanned": 5,
  "processing_time_s": 102.49,
  "warnings": [],
  "certification_status": "UNCERTIFIED",
  "pipeline_version": "1.4",
  "timestamp": "2026-02-17T08:38:14.708177+00:00"
}