{
  "pdf_path": "PMC11056588.pdf",
  "pdf_name": "PMC11056588.pdf",
  "hr": 0.543,
  "ci_lower": 0.392,
  "ci_upper": 0.754,
  "p_value": null,
  "hr_method": "text_hr_match",
  "ipd_arm1": {
    "arm_label": "treatment",
    "arm_index": 1,
    "n_patients": 100,
    "n_events": 96,
    "n_censored": 4,
    "n_records": 100
  },
  "ipd_arm2": {
    "arm_label": "control",
    "arm_index": 0,
    "n_patients": 92,
    "n_events": 82,
    "n_censored": 10,
    "n_records": 92
  },
  "total_ipd_records": 192,
  "curve1_times": [
    0.0,
    0.0,
    0.0,
    0.0,
    0.0,
    0.0,
    0.0,
    0.0,
    0.0,
    0.0
  ],
  "curve1_times_length": 466,
  "curve1_survivals": [
    0.9874213836477987,
    1.0,
    1.0,
    0.7819706498951782,
    0.779874213836478,
    0.9874213836477987,
    0.9863731656184487,
    0.7914046121593291,
    0.7914046121593291,
    0.7914046121593291
  ],
  "curve1_survivals_length": 466,
  "curve2_times": [
    0.16201117318435754,
    0.164804469273743,
    0.16759776536312848,
    0.2346368715083799,
    0.23743016759776536,
    0.24022346368715083,
    0.2569832402234637,
    0.25977653631284914,
    0.26256983240223464,
    0.3128491620111732
  ],
  "curve2_times_length": 37,
  "curve2_survivals": [
    1.0,
    1.0,
    1.0,
    0.38235294117647056,
    0.38235294117647056,
    0.38235294117647056,
    0.7622549019607843,
    0.7622549019607843,
    0.7622549019607843,
    0.48039215686274506
  ],
  "curve2_survivals_length": 37,
  "confidence": 0.9,
  "orientation_method": "text_hr_match",
  "text_hr": 0.53,
  "n_curves_found": 17,
  "n_pages_scanned": 10,
  "processing_time_s": 61.22,
  "warnings": [],
  "certification_status": "UNCERTIFIED",
  "pipeline_version": "1.4",
  "timestamp": "2026-02-17T09:11:02.218136+00:00"
}