{
  "pdf_path": "PMC11353159.pdf",
  "pdf_name": "PMC11353159.pdf",
  "hr": 0.815,
  "ci_lower": 0.61,
  "ci_upper": 1.089,
  "p_value": null,
  "hr_method": "text_hr_match",
  "ipd_arm1": {
    "arm_label": "treatment",
    "arm_index": 1,
    "n_patients": 100,
    "n_events": 94,
    "n_censored": 6,
    "n_records": 100
  },
  "ipd_arm2": {
    "arm_label": "control",
    "arm_index": 0,
    "n_patients": 100,
    "n_events": 95,
    "n_censored": 5,
    "n_records": 100
  },
  "total_ipd_records": 200,
  "curve1_times": [
    0.0,
    0.0,
    0.0,
    0.0,
    0.0,
    0.0,
    0.0,
    0.0,
    0.0,
    0.0
  ],
  "curve1_times_length": 1743,
  "curve1_survivals": [
    1.0,
    1.0,
    1.0,
    1.0,
    0.7905935050391937,
    0.7905935050391937,
    0.7905935050391937,
    1.0,
    1.0,
    1.0
  ],
  "curve1_survivals_length": 1743,
  "curve2_times": [
    0.0,
    0.0,
    0.025474756831866605,
    0.025937934228809634,
    0.026401111625752663,
    0.02825382121352478,
    0.02871699861046781,
    0.04909680407596109,
    0.04955998147290412,
    0.16257526632700325
  ],
  "curve2_times_length": 1655,
  "curve2_survivals": [
    1.0,
    1.0,
    0.8113101903695409,
    0.9076147816349385,
    0.9076147816349385,
    0.8975363941769317,
    0.8975363941769317,
    1.0,
    1.0,
    0.8538633818589025
  ],
  "curve2_survivals_length": 1655,
  "confidence": 0.9,
  "orientation_method": "text_hr_match",
  "text_hr": 0.79,
  "n_curves_found": 27,
  "n_pages_scanned": 12,
  "processing_time_s": 351.17,
  "warnings": [],
  "certification_status": "UNCERTIFIED",
  "pipeline_version": "1.4",
  "timestamp": "2026-02-15T16:33:18.101250+00:00"
}