{
  "pdf_path": "PMC11228234.pdf",
  "pdf_name": "PMC11228234.pdf",
  "hr": 0.689,
  "ci_lower": 0.512,
  "ci_upper": 0.927,
  "p_value": null,
  "hr_method": "text_hr_match",
  "ipd_arm1": {
    "arm_label": "treatment",
    "arm_index": 1,
    "n_patients": 93,
    "n_events": 82,
    "n_censored": 11,
    "n_records": 93
  },
  "ipd_arm2": {
    "arm_label": "control",
    "arm_index": 0,
    "n_patients": 10,
    "n_events": 0,
    "n_censored": 10,
    "n_records": 10
  },
  "total_ipd_records": 103,
  "curve1_times": [
    0.0,
    0.0,
    0.0,
    0.0,
    0.0,
    0.0,
    0.0,
    0.0,
    0.0,
    0.0
  ],
  "curve1_times_length": 65,
  "curve1_survivals": [
    0.8544813695871097,
    0.8544813695871097,
    0.8544813695871097,
    0.8524672708962739,
    0.8524672708962739,
    0.8524672708962739,
    0.04431017119838876,
    0.048338368580060465,
    0.046324269889224556,
    0.038267875125881146
  ],
  "curve1_survivals_length": 65,
  "curve2_times": [
    0.0,
    0.0,
    0.0,
    0.0,
    0.0,
    0.0,
    0.0,
    0.0,
    0.0,
    0.0
  ],
  "curve2_times_length": 1651,
  "curve2_survivals": [
    1.0,
    1.0,
    1.0,
    0.736646884272997,
    0.736646884272997,
    0.736646884272997,
    0.0,
    0.0,
    0.0,
    0.0
  ],
  "curve2_survivals_length": 1651,
  "confidence": 0.9,
  "orientation_method": "text_hr_match",
  "text_hr": 0.65,
  "n_curves_found": 9,
  "n_pages_scanned": 9,
  "processing_time_s": 74.48,
  "warnings": [],
  "certification_status": "UNCERTIFIED",
  "pipeline_version": "1.4",
  "timestamp": "2026-02-17T16:30:56.805279+00:00"
}