{
  "pdf_path": "PMC10968587.pdf",
  "pdf_name": "PMC10968587.pdf",
  "hr": 1.008,
  "ci_lower": 0.743,
  "ci_upper": 1.368,
  "p_value": null,
  "hr_method": "text_hr_match",
  "ipd_arm1": {
    "arm_label": "treatment",
    "arm_index": 1,
    "n_patients": 98,
    "n_events": 86,
    "n_censored": 12,
    "n_records": 98
  },
  "ipd_arm2": {
    "arm_label": "control",
    "arm_index": 0,
    "n_patients": 93,
    "n_events": 80,
    "n_censored": 13,
    "n_records": 93
  },
  "total_ipd_records": 191,
  "curve1_times": [
    0.0,
    0.0,
    0.0,
    0.0,
    0.0,
    0.0,
    0.0,
    0.0,
    0.0,
    0.0
  ],
  "curve1_times_length": 2185,
  "curve1_survivals": [
    0.8908507223113965,
    0.8908507223113965,
    0.8908507223113965,
    0.8908507223113965,
    0.8908507223113965,
    0.8908507223113965,
    0.8908507223113965,
    0.8908507223113965,
    0.8908507223113965,
    0.8908507223113965
  ],
  "curve1_survivals_length": 2185,
  "curve2_times": [
    0.0,
    0.0,
    0.0,
    0.0,
    0.0,
    0.0,
    0.0,
    0.0,
    0.0,
    0.0
  ],
  "curve2_times_length": 2186,
  "curve2_survivals": [
    0.8908507223113965,
    0.8908507223113965,
    0.8908507223113965,
    0.8908507223113965,
    0.8908507223113965,
    0.8908507223113965,
    0.8908507223113965,
    0.8908507223113965,
    0.8908507223113965,
    0.8908507223113965
  ],
  "curve2_survivals_length": 2186,
  "confidence": 0.95,
  "orientation_method": "text_hr_match",
  "text_hr": 1.16,
  "n_curves_found": 22,
  "n_pages_scanned": 12,
  "processing_time_s": 416.96,
  "warnings": [],
  "certification_status": "UNCERTIFIED",
  "pipeline_version": "1.4",
  "timestamp": "2026-02-15T13:59:01.387350+00:00"
}