{
  "pdf_path": "PMC11255623.pdf",
  "pdf_name": "PMC11255623.pdf",
  "hr": 1.225,
  "ci_lower": 0.855,
  "ci_upper": 1.756,
  "p_value": null,
  "hr_method": "text_hr_match",
  "ipd_arm1": {
    "arm_label": "treatment",
    "arm_index": 1,
    "n_patients": 70,
    "n_events": 60,
    "n_censored": 10,
    "n_records": 70
  },
  "ipd_arm2": {
    "arm_label": "control",
    "arm_index": 0,
    "n_patients": 75,
    "n_events": 63,
    "n_censored": 12,
    "n_records": 75
  },
  "total_ipd_records": 145,
  "curve1_times": [
    0.014821676702176934,
    0.015284854099119963,
    0.015748031496062992,
    0.01621120889300602,
    0.01760074108383511,
    0.018063918480778138,
    0.018527095877721167,
    0.018990273274664196,
    0.019453450671607225,
    0.019916628068550254
  ],
  "curve1_times_length": 1573,
  "curve1_survivals": [
    0.866567828020756,
    0.866567828020756,
    0.866567828020756,
    0.5315048183839881,
    0.7101556708673091,
    0.7101556708673091,
    0.48554484803558196,
    0.2601927353595256,
    0.0,
    0.0
  ],
  "curve1_survivals_length": 1573,
  "curve2_times": [
    0.013895321908290875,
    0.014358499305233904,
    0.014821676702176934,
    0.015284854099119963,
    0.015748031496062992,
    0.01621120889300602,
    0.01667438628994905,
    0.01713756368689208,
    0.01760074108383511,
    0.018063918480778138
  ],
  "curve2_times_length": 1707,
  "curve2_survivals": [
    0.7481698389458272,
    0.7452415812591509,
    0.7496339677891655,
    0.7628111273792093,
    0.7759882869692533,
    0.774524158125915,
    0.7715959004392386,
    0.767203513909224,
    0.21815519765739388,
    0.21669106881405564
  ],
  "curve2_survivals_length": 1707,
  "confidence": 0.95,
  "orientation_method": "text_hr_match",
  "text_hr": 1.19,
  "n_curves_found": 18,
  "n_pages_scanned": 12,
  "processing_time_s": 215.95,
  "warnings": [],
  "certification_status": "UNCERTIFIED",
  "pipeline_version": "1.4",
  "timestamp": "2026-02-15T16:36:54.075960+00:00"
}