{
  "pdf_path": "PMC11094424.pdf",
  "pdf_name": "PMC11094424.pdf",
  "hr": 0.499,
  "ci_lower": 0.358,
  "ci_upper": 0.694,
  "p_value": null,
  "hr_method": "text_hr_match",
  "ipd_arm1": {
    "arm_label": "treatment",
    "arm_index": 1,
    "n_patients": 89,
    "n_events": 77,
    "n_censored": 12,
    "n_records": 89
  },
  "ipd_arm2": {
    "arm_label": "control",
    "arm_index": 0,
    "n_patients": 84,
    "n_events": 72,
    "n_censored": 12,
    "n_records": 84
  },
  "total_ipd_records": 173,
  "curve1_times": [
    0.05627147766323024,
    0.05670103092783505,
    0.05713058419243986,
    0.05756013745704467,
    0.05798969072164949,
    0.058419243986254296,
    0.058848797250859106,
    0.059278350515463915,
    0.05970790378006873,
    0.06013745704467354
  ],
  "curve1_times_length": 1824,
  "curve1_survivals": [
    0.8439073514602216,
    0.5287009063444108,
    0.18429003021148038,
    0.3021148036253777,
    0.3081570996978852,
    0.4853977844914401,
    0.8449144008056395,
    0.8439073514602216,
    0.8439073514602216,
    0.2638469284994964
  ],
  "curve1_survivals_length": 1824,
  "curve2_times": [
    0.0,
    0.0,
    0.0,
    0.0,
    0.0,
    0.0,
    0.0,
    0.0,
    0.0,
    0.0
  ],
  "curve2_times_length": 916,
  "curve2_survivals": [
    0.85290967511603,
    0.4080685469475187,
    0.3138164941092467,
    0.3127454480542663,
    0.3127454480542663,
    0.28561228132809713,
    0.21670831845769367,
    0.41056765440913956,
    0.41056765440913956,
    0.21920742591931452
  ],
  "curve2_survivals_length": 916,
  "confidence": 0.9,
  "orientation_method": "text_hr_match",
  "text_hr": 0.52,
  "n_curves_found": 10,
  "n_pages_scanned": 12,
  "processing_time_s": 301.84,
  "warnings": [],
  "certification_status": "UNCERTIFIED",
  "pipeline_version": "1.4",
  "timestamp": "2026-02-17T08:28:03.201977+00:00"
}