{
  "pdf_path": "PMC10709228.pdf",
  "pdf_name": "PMC10709228.pdf",
  "hr": 0.7342,
  "ci_lower": null,
  "ci_upper": null,
  "p_value": null,
  "hr_method": "closest_to_1_reciprocal_prior",
  "ipd_arm1": {
    "arm_label": "treatment",
    "arm_index": 1,
    "n_patients": 84,
    "n_events": 73,
    "n_censored": 11,
    "n_records": 84
  },
  "ipd_arm2": {
    "arm_label": "control",
    "arm_index": 0,
    "n_patients": 100,
    "n_events": 88,
    "n_censored": 12,
    "n_records": 100
  },
  "total_ipd_records": 184,
  "curve1_times": [
    0.2189239332096475,
    0.21985157699443414,
    0.22077922077922077,
    0.22170686456400743,
    0.22263450834879406,
    0.22356215213358072,
    0.22448979591836735,
    0.22541743970315398,
    0.22634508348794063,
    0.22727272727272727
  ],
  "curve1_times_length": 482,
  "curve1_survivals": [
    0.7626990144048522,
    0.7626990144048522,
    0.7626990144048522,
    0.7623199393479909,
    0.7623199393479909,
    0.7623199393479909,
    0.7623199393479909,
    0.7623199393479909,
    0.7649734647460197,
    0.7672479150871873
  ],
  "curve1_survivals_length": 482,
  "curve2_times": [
    0.019916628068550254,
    0.020379805465493284,
    0.020842982862436313,
    0.02871699861046781,
    0.029180176007410838,
    0.029643353404353867,
    0.030569708198239925,
    0.031032885595182955,
    0.031496062992125984,
    0.03195924038906901
  ],
  "curve2_times_length": 1253,
  "curve2_survivals": [
    1.0,
    1.0,
    1.0,
    0.9863291139240506,
    0.9863291139240506,
    0.9863291139240506,
    1.0,
    0.4025316455696203,
    0.5367088607594936,
    0.5392405063291139
  ],
  "curve2_survivals_length": 1253,
  "confidence": 0.64,
  "orientation_method": "closest_to_1_reciprocal_prior",
  "text_hr": null,
  "n_curves_found": 7,
  "n_pages_scanned": 12,
  "processing_time_s": 56.02,
  "warnings": [
    "No text HR found; orientation resolved by closest-to-1.0 prior (less reliable for extreme HRs)",
    "No text HR and CI crossed 1.0; applied reciprocal prior for ambiguous orientation."
  ],
  "text_hr_context": "",
  "pair_description": "black(p0) vs blue(p1)",
  "pair_rank": 4,
  "pair_quality_score": 130.0,
  "pair_orientation": "inverse",
  "certification_status": "UNCERTIFIED",
  "pipeline_version": "1.4",
  "timestamp": "2026-02-17T19:46:51.027127+00:00"
}