{
  "pdf_path": "PMC11416116.pdf",
  "pdf_name": "PMC11416116.pdf",
  "hr": 0.638,
  "ci_lower": 0.466,
  "ci_upper": 0.875,
  "p_value": null,
  "hr_method": "text_hr_match",
  "ipd_arm1": {
    "arm_label": "treatment",
    "arm_index": 1,
    "n_patients": 38,
    "n_events": 27,
    "n_censored": 11,
    "n_records": 38
  },
  "ipd_arm2": {
    "arm_label": "control",
    "arm_index": 0,
    "n_patients": 98,
    "n_events": 87,
    "n_censored": 11,
    "n_records": 98
  },
  "total_ipd_records": 136,
  "curve1_times": [
    0.009914375844975214,
    0.010365029292474088,
    0.010815682739972961,
    0.011266336187471835,
    0.011716989634970707,
    0.01216764308246958,
    0.012618296529968454,
    0.013068949977467327,
    0.013519603424966201,
    0.013970256872465074
  ],
  "curve1_times_length": 404,
  "curve1_survivals": [
    1.0,
    1.0,
    1.0,
    1.0,
    1.0,
    1.0,
    1.0,
    1.0,
    0.8875,
    0.7287878787878788
  ],
  "curve1_survivals_length": 404,
  "curve2_times": [
    0.009914375844975214,
    0.010365029292474088,
    0.010815682739972961,
    0.011266336187471835,
    0.011716989634970707,
    0.01216764308246958,
    0.012618296529968454,
    0.013068949977467327,
    0.013519603424966201,
    0.013970256872465074
  ],
  "curve2_times_length": 278,
  "curve2_survivals": [
    0.9970544918998527,
    0.9970544918998527,
    0.9970544918998527,
    0.9970544918998527,
    0.9970544918998527,
    0.9970544918998527,
    0.9970544918998527,
    0.9970544918998527,
    0.9977908689248896,
    1.0
  ],
  "curve2_survivals_length": 278,
  "confidence": 1.0,
  "orientation_method": "text_hr_match",
  "text_hr": 0.63,
  "n_curves_found": 7,
  "n_pages_scanned": 12,
  "processing_time_s": 41.49,
  "warnings": [],
  "certification_status": "UNCERTIFIED",
  "pipeline_version": "1.4",
  "timestamp": "2026-02-17T09:27:44.351458+00:00"
}