{
  "pdf_path": "PMC11448330.pdf",
  "pdf_name": "PMC11448330.pdf",
  "hr": 0.788,
  "ci_lower": 0.538,
  "ci_upper": 1.154,
  "p_value": null,
  "hr_method": "text_hr_match",
  "ipd_arm1": {
    "arm_label": "treatment",
    "arm_index": 1,
    "n_patients": 64,
    "n_events": 52,
    "n_censored": 12,
    "n_records": 64
  },
  "ipd_arm2": {
    "arm_label": "control",
    "arm_index": 0,
    "n_patients": 59,
    "n_events": 48,
    "n_censored": 11,
    "n_records": 59
  },
  "total_ipd_records": 123,
  "curve1_times": [
    0.0743801652892562,
    0.07529843893480258,
    0.07621671258034894,
    0.07713498622589532,
    0.0780532598714417,
    0.07897153351698806,
    0.07988980716253444,
    0.08080808080808081,
    0.08172635445362718,
    0.08264462809917356
  ],
  "curve1_times_length": 104,
  "curve1_survivals": [
    0.5743957703927492,
    0.5743957703927492,
    0.5743957703927492,
    0.5743957703927492,
    0.5743957703927492,
    0.5743957703927492,
    0.5743957703927492,
    0.5743957703927492,
    0.5743957703927492,
    0.5743957703927492
  ],
  "curve1_survivals_length": 104,
  "curve2_times": [
    0.0743801652892562,
    0.07529843893480258,
    0.07621671258034894,
    0.07713498622589532,
    0.0780532598714417,
    0.07897153351698806,
    0.07988980716253444,
    0.08080808080808081,
    0.08172635445362718,
    0.08264462809917356
  ],
  "curve2_times_length": 422,
  "curve2_survivals": [
    0.5819486404833837,
    0.5819486404833837,
    0.5819486404833837,
    0.5819486404833837,
    0.5819486404833837,
    0.5819486404833837,
    0.5819486404833837,
    0.5819486404833837,
    0.5819486404833837,
    0.5819486404833837
  ],
  "curve2_survivals_length": 422,
  "confidence": 0.9,
  "orientation_method": "text_hr_match",
  "text_hr": 0.8,
  "n_curves_found": 9,
  "n_pages_scanned": 9,
  "processing_time_s": 86.45,
  "warnings": [],
  "certification_status": "UNCERTIFIED",
  "pipeline_version": "1.4",
  "timestamp": "2026-02-16T23:00:07.655669+00:00"
}