{
  "pdf_path": "PMC10540713.pdf",
  "pdf_name": "PMC10540713.pdf",
  "hr": 2.434,
  "ci_lower": 1.737,
  "ci_upper": 3.41,
  "p_value": null,
  "hr_method": "text_hr_match",
  "ipd_arm1": {
    "arm_label": "treatment",
    "arm_index": 1,
    "n_patients": 97,
    "n_events": 86,
    "n_censored": 11,
    "n_records": 97
  },
  "ipd_arm2": {
    "arm_label": "control",
    "arm_index": 0,
    "n_patients": 76,
    "n_events": 65,
    "n_censored": 11,
    "n_records": 76
  },
  "total_ipd_records": 173,
  "curve1_times": [
    0.0,
    0.0,
    0.0,
    0.0,
    0.0,
    0.0,
    0.0,
    0.0,
    0.0,
    0.0
  ],
  "curve1_times_length": 653,
  "curve1_survivals": [
    0.9976489028213166,
    0.9976489028213166,
    0.9976489028213166,
    0.9976489028213166,
    0.9976489028213166,
    0.9976489028213166,
    0.48354231974921635,
    0.48354231974921635,
    0.48354231974921635,
    0.5630877742946708
  ],
  "curve1_survivals_length": 653,
  "curve2_times": [
    0.02270081490104773,
    0.023282887077997673,
    0.023864959254947613,
    0.024447031431897557,
    0.025029103608847497,
    0.025611175785797437,
    0.02619324796274738,
    0.03434225844004657,
    0.034924330616996506,
    0.03550640279394645
  ],
  "curve2_times_length": 159,
  "curve2_survivals": [
    0.7261029411764706,
    0.7261029411764706,
    0.7261029411764706,
    0.6700367647058824,
    0.6700367647058824,
    0.6700367647058824,
    0.6700367647058824,
    0.7012867647058824,
    0.6994485294117647,
    0.7297794117647058
  ],
  "curve2_survivals_length": 159,
  "confidence": 0.76,
  "orientation_method": "text_hr_match",
  "text_hr": 2.8,
  "n_curves_found": 14,
  "n_pages_scanned": 12,
  "processing_time_s": 69.68,
  "warnings": [],
  "text_hr_context": "se with <20% fibrosis (18.18% vs 7.35%, HR=2.80, CI= 1.19-6.56, IPF and system scleros",
  "pair_description": "blue_2(p3) vs black_2(p11)",
  "pair_rank": 9,
  "pair_quality_score": 121.0,
  "pair_orientation": "inverse",
  "certification_status": "UNCERTIFIED",
  "pipeline_version": "1.4",
  "timestamp": "2026-02-17T20:11:57.954100+00:00"
}