{
  "pdf_path": "PMC10140742.pdf",
  "pdf_name": "PMC10140742.pdf",
  "hr": 0.429,
  "ci_lower": 0.291,
  "ci_upper": 0.634,
  "p_value": null,
  "hr_method": "text_hr_match",
  "ipd_arm1": {
    "arm_label": "treatment",
    "arm_index": 1,
    "n_patients": 54,
    "n_events": 43,
    "n_censored": 11,
    "n_records": 54
  },
  "ipd_arm2": {
    "arm_label": "control",
    "arm_index": 0,
    "n_patients": 76,
    "n_events": 66,
    "n_censored": 10,
    "n_records": 76
  },
  "total_ipd_records": 130,
  "curve1_times": [
    0.2356164383561644,
    0.236986301369863,
    0.23835616438356164,
    0.23972602739726026,
    0.2410958904109589,
    0.24246575342465754,
    0.24383561643835616,
    0.2452054794520548,
    0.2465753424657534,
    0.24794520547945206
  ],
  "curve1_times_length": 599,
  "curve1_survivals": [
    0.9214326978625073,
    0.9347198151357596,
    0.9341421143847487,
    0.9185441941074524,
    0.7487001733102253,
    0.6868861929520509,
    0.6874638937030618,
    0.6764875794338532,
    0.707683419988446,
    0.7099942229924898
  ],
  "curve1_survivals_length": 599,
  "curve2_times": [
    0.12205466540999058,
    0.12252591894439209,
    0.12299717247879359,
    0.1234684260131951,
    0.1239396795475966,
    0.12441093308199812,
    0.12488218661639962,
    0.12535344015080113,
    0.12582469368520263,
    0.12629594721960416
  ],
  "curve2_times_length": 477,
  "curve2_survivals": [
    0.917981072555205,
    0.9187697160883281,
    0.9187697160883281,
    0.9195583596214512,
    0.9195583596214512,
    0.9195583596214512,
    0.9203470031545742,
    0.9203470031545742,
    0.9211356466876972,
    0.9211356466876972
  ],
  "curve2_survivals_length": 477,
  "confidence": 0.85,
  "orientation_method": "text_hr_match",
  "text_hr": 0.41,
  "n_curves_found": 5,
  "n_pages_scanned": 7,
  "processing_time_s": 82.47,
  "warnings": [],
  "certification_status": "UNCERTIFIED",
  "pipeline_version": "1.4",
  "timestamp": "2026-02-15T14:00:23.931223+00:00"
}