{
  "pdf_path": "PMC10741667.pdf",
  "pdf_name": "PMC10741667.pdf",
  "hr": 0.754,
  "ci_lower": 0.528,
  "ci_upper": 1.078,
  "p_value": null,
  "hr_method": "text_hr_match",
  "ipd_arm1": {
    "arm_label": "treatment",
    "arm_index": 1,
    "n_patients": 100,
    "n_events": 89,
    "n_censored": 11,
    "n_records": 100
  },
  "ipd_arm2": {
    "arm_label": "control",
    "arm_index": 0,
    "n_patients": 65,
    "n_events": 54,
    "n_censored": 11,
    "n_records": 65
  },
  "total_ipd_records": 165,
  "curve1_times": [
    0.0,
    0.0,
    0.0,
    0.031032885595182955,
    0.031496062992125984,
    0.03195924038906901,
    0.03242241778601204,
    0.03288559518295507,
    0.0333487725798981,
    0.03381194997684113
  ],
  "curve1_times_length": 1714,
  "curve1_survivals": [
    0.9068702290076336,
    0.9068702290076336,
    0.9068702290076336,
    0.9007633587786259,
    0.9015267175572519,
    0.9015267175572519,
    0.9015267175572519,
    0.9007633587786259,
    0.9083969465648855,
    0.9137404580152672
  ],
  "curve1_survivals_length": 1714,
  "curve2_times": [
    0.0,
    0.0,
    0.0,
    0.031032885595182955,
    0.031496062992125984,
    0.03195924038906901,
    0.03242241778601204,
    0.03288559518295507,
    0.0333487725798981,
    0.03381194997684113
  ],
  "curve2_times_length": 1714,
  "curve2_survivals": [
    0.8676470588235294,
    0.8676470588235294,
    0.8676470588235294,
    0.8602941176470589,
    0.8612132352941176,
    0.8612132352941176,
    0.8612132352941176,
    0.8602941176470589,
    0.8694852941176471,
    0.8759191176470589
  ],
  "curve2_survivals_length": 1714,
  "confidence": 0.9,
  "orientation_method": "text_hr_match",
  "text_hr": 0.73,
  "n_curves_found": 21,
  "n_pages_scanned": 12,
  "processing_time_s": 529.06,
  "warnings": [],
  "certification_status": "UNCERTIFIED",
  "pipeline_version": "1.4",
  "timestamp": "2026-02-15T15:26:28.799323+00:00"
}