{
  "pdf_path": "PMC11758124.pdf",
  "pdf_name": "PMC11758124.pdf",
  "hr": 0.828,
  "ci_lower": 0.533,
  "ci_upper": 1.284,
  "p_value": null,
  "hr_method": "text_hr_match",
  "ipd_arm1": {
    "arm_label": "treatment",
    "arm_index": 1,
    "n_patients": 48,
    "n_events": 33,
    "n_censored": 15,
    "n_records": 48
  },
  "ipd_arm2": {
    "arm_label": "control",
    "arm_index": 0,
    "n_patients": 60,
    "n_events": 48,
    "n_censored": 12,
    "n_records": 60
  },
  "total_ipd_records": 108,
  "curve1_times": [
    0.01170643854119766,
    0.012156686177397569,
    0.012606933813597478,
    0.013057181449797388,
    0.0135074290859973,
    0.013957676722197209,
    0.014407924358397118,
    0.014858171994597028,
    0.01530841963079694,
    0.01575866726699685
  ],
  "curve1_times_length": 1706,
  "curve1_survivals": [
    0.7216599190283401,
    0.7196356275303644,
    0.7186234817813766,
    0.7186234817813766,
    0.8663967611336032,
    0.6811740890688259,
    0.6791497975708503,
    0.6781376518218624,
    0.6781376518218624,
    0.6771255060728745
  ],
  "curve1_survivals_length": 1706,
  "curve2_times": [
    0.01170643854119766,
    0.012156686177397569,
    0.012606933813597478,
    0.013057181449797388,
    0.0135074290859973,
    0.013957676722197209,
    0.014407924358397118,
    0.014858171994597028,
    0.01530841963079694,
    0.01575866726699685
  ],
  "curve2_times_length": 2027,
  "curve2_survivals": [
    0.8795546558704453,
    0.8755060728744939,
    0.8755060728744939,
    0.8755060728744939,
    0.7135627530364372,
    0.701417004048583,
    0.6993927125506073,
    0.6983805668016194,
    0.6983805668016194,
    0.6973684210526316
  ],
  "curve2_survivals_length": 2027,
  "confidence": 0.9,
  "orientation_method": "text_hr_match",
  "text_hr": 0.82,
  "n_curves_found": 10,
  "n_pages_scanned": 8,
  "processing_time_s": 147.12,
  "warnings": [],
  "certification_status": "UNCERTIFIED",
  "pipeline_version": "1.4",
  "timestamp": "2026-02-17T08:20:20.141485+00:00"
}