{
  "pdf_path": "PMC11205390.pdf",
  "pdf_name": "PMC11205390.pdf",
  "hr": 0.741,
  "ci_lower": 0.537,
  "ci_upper": 1.021,
  "p_value": null,
  "hr_method": "text_hr_match",
  "ipd_arm1": {
    "arm_label": "treatment",
    "arm_index": 1,
    "n_patients": 90,
    "n_events": 77,
    "n_censored": 13,
    "n_records": 90
  },
  "ipd_arm2": {
    "arm_label": "control",
    "arm_index": 0,
    "n_patients": 85,
    "n_events": 74,
    "n_censored": 11,
    "n_records": 85
  },
  "total_ipd_records": 175,
  "curve1_times": [
    0.0,
    0.0,
    0.0,
    0.0,
    0.0,
    0.0,
    0.04029643353404354,
    0.04075961093098657,
    0.041222788327929596,
    0.041685965724872626
  ],
  "curve1_times_length": 1692,
  "curve1_survivals": [
    0.8213367609254498,
    0.8213367609254498,
    0.8213367609254498,
    0.8174807197943444,
    0.8174807197943444,
    0.8174807197943444,
    0.7969151670951157,
    0.7994858611825193,
    0.7994858611825193,
    0.7994858611825193
  ],
  "curve1_survivals_length": 1692,
  "curve2_times": [
    0.0,
    0.0,
    0.0,
    0.0,
    0.0,
    0.0,
    0.04029643353404354,
    0.04075961093098657,
    0.041222788327929596,
    0.041685965724872626
  ],
  "curve2_times_length": 1628,
  "curve2_survivals": [
    0.8021978021978022,
    0.8021978021978022,
    0.8021978021978022,
    0.7980769230769231,
    0.7980769230769231,
    0.7980769230769231,
    0.7760989010989011,
    0.7788461538461539,
    0.7788461538461539,
    0.7788461538461539
  ],
  "curve2_survivals_length": 1628,
  "confidence": 0.95,
  "orientation_method": "text_hr_match",
  "text_hr": 0.82,
  "n_curves_found": 8,
  "n_pages_scanned": 12,
  "processing_time_s": 78.02,
  "warnings": [],
  "certification_status": "UNCERTIFIED",
  "pipeline_version": "1.4",
  "timestamp": "2026-02-17T09:41:54.389908+00:00"
}