{
  "pdf_path": "PMC10613141.pdf",
  "pdf_name": "PMC10613141.pdf",
  "hr": 1.093,
  "ci_lower": 0.765,
  "ci_upper": 1.563,
  "p_value": null,
  "hr_method": "text_hr_match",
  "ipd_arm1": {
    "arm_label": "treatment",
    "arm_index": 1,
    "n_patients": 52,
    "n_events": 41,
    "n_censored": 11,
    "n_records": 52
  },
  "ipd_arm2": {
    "arm_label": "control",
    "arm_index": 0,
    "n_patients": 85,
    "n_events": 75,
    "n_censored": 10,
    "n_records": 85
  },
  "total_ipd_records": 137,
  "curve1_times": [
    0.2889016018306636,
    0.2894736842105263,
    0.290045766590389,
    0.2906178489702517,
    0.2911899313501144,
    0.2917620137299771,
    0.2923340961098398,
    0.2929061784897025,
    0.29347826086956524,
    0.2940503432494279
  ],
  "curve1_times_length": 226,
  "curve1_survivals": [
    0.7606516290726817,
    0.7606516290726817,
    0.7606516290726817,
    0.7606516290726817,
    0.7606516290726817,
    0.7606516290726817,
    0.7606516290726817,
    0.7606516290726817,
    0.7606516290726817,
    0.7606516290726817
  ],
  "curve1_survivals_length": 226,
  "curve2_times": [
    0.0,
    0.0,
    0.0,
    0.0,
    0.0,
    0.0,
    0.0,
    0.0,
    0.0,
    0.0
  ],
  "curve2_times_length": 539,
  "curve2_survivals": [
    0.7667238421955402,
    0.7667238421955402,
    0.7667238421955402,
    0.8722126929674099,
    0.8490566037735849,
    0.8490566037735849,
    0.7667238421955402,
    0.7667238421955402,
    0.9056603773584906,
    0.9056603773584906
  ],
  "curve2_survivals_length": 539,
  "confidence": 0.9,
  "orientation_method": "text_hr_match",
  "text_hr": 1.21,
  "n_curves_found": 9,
  "n_pages_scanned": 11,
  "processing_time_s": 161.1,
  "warnings": [],
  "certification_status": "UNCERTIFIED",
  "pipeline_version": "1.4",
  "timestamp": "2026-02-17T08:23:01.298421+00:00"
}