{
  "pdf_path": "PMC10923855.pdf",
  "pdf_name": "PMC10923855.pdf",
  "hr": 0.53,
  "ci_lower": 0.37,
  "ci_upper": 0.792,
  "p_value": null,
  "hr_method": "text_hr_snap",
  "ipd_arm1": {
    "arm_label": "treatment",
    "arm_index": 1,
    "n_patients": 116,
    "n_events": 116,
    "n_censored": 0,
    "n_records": 116
  },
  "ipd_arm2": {
    "arm_label": "control",
    "arm_index": 0,
    "n_patients": 84,
    "n_events": 56,
    "n_censored": 28,
    "n_records": 84
  },
  "total_ipd_records": 200,
  "curve1_times": [
    0.40641158221303,
    0.4074457083764219,
    0.40847983453981385,
    0.4095139607032058,
    0.4105480868665977,
    0.41158221302998965,
    0.4126163391933816,
    0.4136504653567735,
    0.41468459152016546,
    0.4157187176835574
  ],
  "curve1_times_length": 369,
  "curve1_survivals": [
    0.8681592039800995,
    0.8681592039800995,
    0.8681592039800995,
    0.8681592039800995,
    0.8681592039800995,
    0.8681592039800995,
    0.8681592039800995,
    0.8681592039800995,
    0.8681592039800995,
    0.8681592039800995
  ],
  "curve1_survivals_length": 369,
  "curve2_times": [
    0.12563323201621074,
    0.12613981762917933,
    0.12664640324214793,
    0.12715298885511653,
    0.1276595744680851,
    0.1281661600810537,
    0.1286727456940223,
    0.12917933130699089,
    0.12968591691995948,
    0.13019250253292808
  ],
  "curve2_times_length": 1023,
  "curve2_survivals": [
    0.9854662898667743,
    0.9854662898667743,
    0.9838514331853048,
    0.9826402906742027,
    0.9814291481631006,
    0.979814291481631,
    0.9786031489705289,
    0.9761808639483246,
    0.974566007266855,
    0.8607186112232539
  ],
  "curve2_survivals_length": 1023,
  "confidence": 0.98,
  "orientation_method": "text_hr_snap",
  "text_hr": 0.53,
  "n_curves_found": 25,
  "n_pages_scanned": 12,
  "processing_time_s": 52.85,
  "warnings": [],
  "text_hr_context": "anti-PD-1/PD-L1 + anti-TIGIT treatment (HR: 0.53, 95% CI: 0.32-0.91) (Fig. 3A), anti- PD-1/PD-L1 + anti-CT",
  "pair_description": "blue(p6) vs red(p7)",
  "pair_rank": 8,
  "pair_quality_score": 177.0,
  "pair_orientation": "forward",
  "certification_status": "UNCERTIFIED",
  "pipeline_version": "1.4",
  "timestamp": "2026-02-17T20:12:57.809648+00:00"
}