{
  "pdf_path": "PMC11483706.pdf",
  "pdf_name": "PMC11483706.pdf",
  "hr": 0.451,
  "ci_lower": 0.328,
  "ci_upper": 0.619,
  "p_value": null,
  "hr_method": "text_hr_match",
  "ipd_arm1": {
    "arm_label": "treatment",
    "arm_index": 1,
    "n_patients": 100,
    "n_events": 95,
    "n_censored": 5,
    "n_records": 100
  },
  "ipd_arm2": {
    "arm_label": "control",
    "arm_index": 0,
    "n_patients": 100,
    "n_events": 96,
    "n_censored": 4,
    "n_records": 100
  },
  "total_ipd_records": 200,
  "curve1_times": [
    0.0351288056206089,
    0.03629976580796253,
    0.03747072599531616,
    0.03864168618266979,
    0.03981264637002342,
    0.040983606557377046,
    0.04215456674473068,
    0.04332552693208431,
    0.04449648711943794,
    0.04566744730679157
  ],
  "curve1_times_length": 463,
  "curve1_survivals": [
    1.0,
    1.0,
    1.0,
    1.0,
    1.0,
    1.0,
    1.0,
    1.0,
    1.0,
    1.0
  ],
  "curve1_survivals_length": 463,
  "curve2_times": [
    0.0,
    0.0,
    0.0,
    0.0008278145695364238,
    0.0016556291390728477,
    0.0024834437086092716,
    0.0033112582781456954,
    0.0041390728476821195,
    0.004966887417218543,
    0.005794701986754967
  ],
  "curve2_times_length": 1164,
  "curve2_survivals": [
    1.0,
    1.0,
    1.0,
    1.0,
    1.0,
    1.0,
    1.0,
    1.0,
    1.0,
    1.0
  ],
  "curve2_survivals_length": 1164,
  "confidence": 0.8,
  "orientation_method": "text_hr_match",
  "text_hr": 0.41,
  "n_curves_found": 11,
  "n_pages_scanned": 12,
  "processing_time_s": 53.54,
  "warnings": [],
  "certification_status": "UNCERTIFIED",
  "pipeline_version": "1.4",
  "timestamp": "2026-02-17T16:38:22.522515+00:00"
}