{
  "pdf_path": "PMC11205945.pdf",
  "pdf_name": "PMC11205945.pdf",
  "hr": 0.91,
  "ci_lower": 0.573,
  "ci_upper": 1.445,
  "p_value": null,
  "hr_method": "text_hr_match",
  "ipd_arm1": {
    "arm_label": "treatment",
    "arm_index": 1,
    "n_patients": 55,
    "n_events": 35,
    "n_censored": 20,
    "n_records": 55
  },
  "ipd_arm2": {
    "arm_label": "control",
    "arm_index": 0,
    "n_patients": 53,
    "n_events": 37,
    "n_censored": 16,
    "n_records": 53
  },
  "total_ipd_records": 108,
  "curve1_times": [
    0.0,
    0.0,
    0.0,
    0.0,
    0.0,
    0.0,
    0.0,
    0.0,
    0.0,
    0.0
  ],
  "curve1_times_length": 802,
  "curve1_survivals": [
    0.8622828784119106,
    0.8610421836228288,
    0.8610421836228288,
    0.8610421836228288,
    0.8610421836228288,
    0.8610421836228288,
    0.8610421836228288,
    0.8610421836228288,
    0.8610421836228288,
    0.8610421836228288
  ],
  "curve1_survivals_length": 802,
  "curve2_times": [
    0.0,
    0.0,
    0.0,
    0.0,
    0.0,
    0.0,
    0.0,
    0.0,
    0.0,
    0.0
  ],
  "curve2_times_length": 798,
  "curve2_survivals": [
    0.8610421836228288,
    0.8598014888337469,
    0.8598014888337469,
    0.8610421836228288,
    0.8598014888337469,
    0.8598014888337469,
    0.8598014888337469,
    0.8598014888337469,
    0.8610421836228288,
    0.8598014888337469
  ],
  "curve2_survivals_length": 798,
  "confidence": 0.9,
  "orientation_method": "text_hr_match",
  "text_hr": 0.87,
  "n_curves_found": 16,
  "n_pages_scanned": 12,
  "processing_time_s": 171.48,
  "warnings": [],
  "certification_status": "UNCERTIFIED",
  "pipeline_version": "1.4",
  "timestamp": "2026-02-16T23:14:08.198953+00:00"
}