{
  "pdf_path": "PMC11296275.pdf",
  "pdf_name": "PMC11296275.pdf",
  "hr": 0.299,
  "ci_lower": 0.207,
  "ci_upper": 0.433,
  "p_value": null,
  "hr_method": "text_hr_match",
  "ipd_arm1": {
    "arm_label": "treatment",
    "arm_index": 1,
    "n_patients": 97,
    "n_events": 86,
    "n_censored": 11,
    "n_records": 97
  },
  "ipd_arm2": {
    "arm_label": "control",
    "arm_index": 0,
    "n_patients": 85,
    "n_events": 74,
    "n_censored": 11,
    "n_records": 85
  },
  "total_ipd_records": 182,
  "curve1_times": [
    0.0027535566773749425,
    0.0032124827902707664,
    0.0036714089031665903,
    0.004130335016062414,
    0.004589261128958238,
    0.005048187241854061,
    0.005507113354749885,
    0.005966039467645709,
    0.008719596145020651,
    0.009178522257916476
  ],
  "curve1_times_length": 976,
  "curve1_survivals": [
    1.0,
    1.0,
    1.0,
    1.0,
    1.0,
    1.0,
    1.0,
    1.0,
    1.0,
    1.0
  ],
  "curve1_survivals_length": 976,
  "curve2_times": [
    0.09935004642525534,
    0.10027855153203342,
    0.10120705663881151,
    0.1021355617455896,
    0.10306406685236769,
    0.10399257195914577,
    0.10492107706592387,
    0.10584958217270195,
    0.10677808727948004,
    0.10770659238625813
  ],
  "curve2_times_length": 949,
  "curve2_survivals": [
    0.9570783132530121,
    0.2262801204819277,
    0.5941265060240963,
    0.2330572289156626,
    0.23343373493975905,
    0.2338102409638554,
    0.2338102409638554,
    0.23268072289156627,
    0.9631024096385542,
    0.9551957831325302
  ],
  "curve2_survivals_length": 949,
  "confidence": 0.9,
  "orientation_method": "text_hr_match",
  "text_hr": 0.27,
  "n_curves_found": 9,
  "n_pages_scanned": 11,
  "processing_time_s": 138.27,
  "warnings": [
    "Extreme HR=0.299: manual review recommended"
  ],
  "certification_status": "UNCERTIFIED",
  "pipeline_version": "1.4",
  "timestamp": "2026-02-16T22:58:41.195585+00:00"
}