{
  "pdf_path": "PMC11508213.pdf",
  "pdf_name": "PMC11508213.pdf",
  "hr": 0.516,
  "ci_lower": 0.373,
  "ci_upper": 0.715,
  "p_value": null,
  "hr_method": "text_hr_match",
  "ipd_arm1": {
    "arm_label": "treatment",
    "arm_index": 1,
    "n_patients": 41,
    "n_events": 30,
    "n_censored": 11,
    "n_records": 41
  },
  "ipd_arm2": {
    "arm_label": "control",
    "arm_index": 0,
    "n_patients": 79,
    "n_events": 68,
    "n_censored": 11,
    "n_records": 79
  },
  "total_ipd_records": 120,
  "curve1_times": [
    0.0075528700906344415,
    0.008308157099697885,
    0.00906344410876133,
    0.009818731117824773,
    0.010574018126888218,
    0.011329305135951661,
    0.012084592145015106,
    0.01283987915407855,
    0.013595166163141994,
    0.014350453172205438
  ],
  "curve1_times_length": 1378,
  "curve1_survivals": [
    0.8552631578947368,
    0.8543233082706767,
    0.8543233082706767,
    0.7208646616541353,
    0.6870300751879699,
    0.6870300751879699,
    0.6870300751879699,
    0.6870300751879699,
    0.6870300751879699,
    0.6870300751879699
  ],
  "curve1_survivals_length": 1378,
  "curve2_times": [
    0.0024110910186859553,
    0.0030138637733574444,
    0.003616636528028933,
    0.0162748643761302,
    0.016877637130801686,
    0.017480409885473176,
    0.024110910186859555,
    0.02471368294153104,
    0.02531645569620253,
    0.028933092224231464
  ],
  "curve2_times_length": 970,
  "curve2_survivals": [
    0.8898635477582846,
    0.8898635477582846,
    0.8898635477582846,
    0.878167641325536,
    0.878167641325536,
    0.878167641325536,
    0.48635477582846,
    0.48635477582846,
    0.48635477582846,
    0.6081871345029239
  ],
  "curve2_survivals_length": 970,
  "confidence": 0.9,
  "orientation_method": "text_hr_match",
  "text_hr": 0.58,
  "n_curves_found": 23,
  "n_pages_scanned": 12,
  "processing_time_s": 61.79,
  "warnings": [],
  "certification_status": "UNCERTIFIED",
  "pipeline_version": "1.4",
  "timestamp": "2026-02-17T09:44:21.409650+00:00"
}