{
  "pdf_path": "PMC10936748.pdf",
  "pdf_name": "PMC10936748.pdf",
  "hr": 0.764,
  "ci_lower": 0.535,
  "ci_upper": 1.09,
  "p_value": null,
  "hr_method": "text_hr_match",
  "ipd_arm1": {
    "arm_label": "treatment",
    "arm_index": 1,
    "n_patients": 51,
    "n_events": 41,
    "n_censored": 10,
    "n_records": 51
  },
  "ipd_arm2": {
    "arm_label": "control",
    "arm_index": 0,
    "n_patients": 100,
    "n_events": 91,
    "n_censored": 9,
    "n_records": 100
  },
  "total_ipd_records": 151,
  "curve1_times": [
    0.0,
    0.0,
    0.0,
    0.0,
    0.0,
    0.0,
    0.0,
    0.0,
    0.0,
    0.0
  ],
  "curve1_times_length": 1055,
  "curve1_survivals": [
    0.968560606060606,
    0.968560606060606,
    0.968560606060606,
    0.968560606060606,
    0.9681818181818181,
    0.9681818181818181,
    0.9681818181818181,
    0.9681818181818181,
    0.9681818181818181,
    0.7265151515151516
  ],
  "curve1_survivals_length": 1055,
  "curve2_times": [
    0.0,
    0.0,
    0.0,
    0.0,
    0.0,
    0.0,
    0.0,
    0.0,
    0.0,
    0.0
  ],
  "curve2_times_length": 2113,
  "curve2_survivals": [
    0.9897727272727272,
    0.9897727272727272,
    0.9659090909090909,
    0.4329545454545455,
    0.4329545454545455,
    0.4329545454545455,
    0.9647727272727272,
    0.9897727272727272,
    0.9897727272727272,
    0.9848484848484849
  ],
  "curve2_survivals_length": 2113,
  "confidence": 0.95,
  "orientation_method": "text_hr_match",
  "text_hr": 0.74,
  "n_curves_found": 9,
  "n_pages_scanned": 6,
  "processing_time_s": 446.86,
  "warnings": [],
  "certification_status": "UNCERTIFIED",
  "pipeline_version": "1.4",
  "timestamp": "2026-02-15T15:33:55.768674+00:00"
}