{
  "pdf_path": "PMC10872694.pdf",
  "pdf_name": "PMC10872694.pdf",
  "hr": 1.17,
  "ci_lower": 0.804,
  "ci_upper": 1.653,
  "p_value": null,
  "hr_method": "text_hr_snap",
  "ipd_arm1": {
    "arm_label": "treatment",
    "arm_index": 1,
    "n_patients": 59,
    "n_events": 49,
    "n_censored": 10,
    "n_records": 59
  },
  "ipd_arm2": {
    "arm_label": "control",
    "arm_index": 0,
    "n_patients": 55,
    "n_events": 45,
    "n_censored": 10,
    "n_records": 55
  },
  "total_ipd_records": 114,
  "curve1_times": [
    0.09366391184573003,
    0.0945821854912764,
    0.09550045913682277,
    0.09641873278236915,
    0.09733700642791551,
    0.09825528007346189,
    0.09917355371900827,
    0.10009182736455463,
    0.10101010101010101,
    0.10192837465564739
  ],
  "curve1_times_length": 1049,
  "curve1_survivals": [
    0.8972027972027972,
    0.8972027972027972,
    0.8972027972027972,
    0.8972027972027972,
    0.8972027972027972,
    0.8972027972027972,
    0.8972027972027972,
    0.8972027972027972,
    0.8972027972027972,
    0.40349650349650346
  ],
  "curve1_survivals_length": 1049,
  "curve2_times": [
    0.09366391184573003,
    0.0945821854912764,
    0.09550045913682277,
    0.09641873278236915,
    0.09733700642791551,
    0.09825528007346189,
    0.09917355371900827,
    0.10009182736455463,
    0.10101010101010101,
    0.10192837465564739
  ],
  "curve2_times_length": 1049,
  "curve2_survivals": [
    0.855944055944056,
    0.855944055944056,
    0.855944055944056,
    0.855944055944056,
    0.855944055944056,
    0.855944055944056,
    0.855944055944056,
    0.855944055944056,
    0.855944055944056,
    0.8888111888111888
  ],
  "curve2_survivals_length": 1049,
  "confidence": 0.98,
  "orientation_method": "text_hr_snap",
  "text_hr": 1.17,
  "n_curves_found": 18,
  "n_pages_scanned": 11,
  "processing_time_s": 49.63,
  "warnings": [],
  "text_hr_context": "in all-cause mortality (10.6% vs. 8.6%, HR 1.17, 95% CI: 0.51-2.71, P = 0.71). The major complications of",
  "pair_description": "blue(p4) vs blue_2(p4)",
  "pair_rank": 10,
  "pair_quality_score": 180.0,
  "pair_orientation": "inverse",
  "certification_status": "UNCERTIFIED",
  "pipeline_version": "1.4",
  "timestamp": "2026-02-17T20:06:47.459940+00:00"
}