{
  "pdf_path": "PMC10958307.pdf",
  "pdf_name": "PMC10958307.pdf",
  "hr": 1.0,
  "ci_lower": null,
  "ci_upper": null,
  "p_value": null,
  "hr_method": "text_hr_pair_fallback",
  "ipd_arm1": {
    "arm_label": "treatment",
    "arm_index": 1,
    "n_patients": 48,
    "n_events": 37,
    "n_censored": 11,
    "n_records": 48
  },
  "ipd_arm2": {
    "arm_label": "control",
    "arm_index": 0,
    "n_patients": 65,
    "n_events": 54,
    "n_censored": 11,
    "n_records": 65
  },
  "total_ipd_records": 113,
  "curve1_times": [
    0.02269569245020843,
    0.02315886984715146,
    0.023622047244094488,
    0.024085224641037517,
    0.024548402037980546,
    0.025011579434923575,
    0.025474756831866605,
    0.025937934228809634,
    0.026401111625752663,
    0.026864289022695692
  ],
  "curve1_times_length": 1772,
  "curve1_survivals": [
    0.6933471933471933,
    0.7245322245322245,
    0.6881496881496881,
    0.6912681912681913,
    0.6881496881496881,
    0.6912681912681913,
    0.6881496881496881,
    0.6881496881496881,
    0.6881496881496881,
    0.7255717255717256
  ],
  "curve1_survivals_length": 1772,
  "curve2_times": [
    0.018990273274664196,
    0.019453450671607225,
    0.019916628068550254,
    0.020379805465493284,
    0.020842982862436313,
    0.021306160259379342,
    0.02176933765632237,
    0.0222325150532654,
    0.02269569245020843,
    0.02315886984715146
  ],
  "curve2_times_length": 1877,
  "curve2_survivals": [
    0.7089397089397089,
    0.7089397089397089,
    0.7089397089397089,
    0.7089397089397089,
    0.7089397089397089,
    0.7089397089397089,
    0.7089397089397089,
    0.7089397089397089,
    0.7172557172557172,
    0.6975051975051976
  ],
  "curve2_survivals_length": 1877,
  "confidence": 0.6,
  "orientation_method": "text_hr_pair_fallback",
  "text_hr": 1.0,
  "n_curves_found": 12,
  "n_pages_scanned": 8,
  "processing_time_s": 44.33,
  "warnings": [
    "Curve HR diverged from text HR; using text HR while retaining the selected curve pair for IPD."
  ],
  "text_hr_context": "ally different for TNFi versus JAKi (csHR 1.00, 95% CI 0.92 to 1.10) (table 2). The significantly higher r",
  "pair_description": "black(p0) vs black_2(p0)",
  "pair_rank": 1,
  "pair_quality_score": 148.0,
  "pair_orientation": "inverse",
  "certification_status": "UNCERTIFIED",
  "pipeline_version": "1.4",
  "timestamp": "2026-02-17T20:05:53.855788+00:00"
}