{
  "pdf_path": "PMC10972401.pdf",
  "pdf_name": "PMC10972401.pdf",
  "hr": 0.887,
  "ci_lower": 0.615,
  "ci_upper": 1.279,
  "p_value": null,
  "hr_method": "text_hr_match",
  "ipd_arm1": {
    "arm_label": "treatment",
    "arm_index": 1,
    "n_patients": 85,
    "n_events": 71,
    "n_censored": 14,
    "n_records": 85
  },
  "ipd_arm2": {
    "arm_label": "control",
    "arm_index": 0,
    "n_patients": 66,
    "n_events": 54,
    "n_censored": 12,
    "n_records": 66
  },
  "total_ipd_records": 151,
  "curve1_times": [
    0.3992589161648912,
    0.3997220935618342,
    0.4001852709587772,
    0.4006484483557202,
    0.4011116257526633,
    0.4015748031496063,
    0.4020379805465493,
    0.40250115794349234,
    0.4029643353404354,
    0.4034275127373784
  ],
  "curve1_times_length": 215,
  "curve1_survivals": [
    0.8298647242455776,
    0.8293444328824142,
    0.8293444328824142,
    0.8272632674297606,
    0.8277835587929241,
    0.831945889698231,
    0.8303850156087409,
    0.8303850156087409,
    0.8303850156087409,
    0.8303850156087409
  ],
  "curve1_survivals_length": 215,
  "curve2_times": [
    0.6303844372394627,
    0.6308476146364057,
    0.6313107920333487,
    0.6317739694302918,
    0.6322371468272349,
    0.6327003242241779,
    0.6331635016211209,
    0.6336266790180639,
    0.6340898564150069,
    0.6345530338119499
  ],
  "curve2_times_length": 94,
  "curve2_survivals": [
    0.7621393384940183,
    0.7628430682617875,
    0.7628430682617875,
    0.7628430682617875,
    0.7628430682617875,
    0.7628430682617875,
    0.7628430682617875,
    0.7628430682617875,
    0.7628430682617875,
    0.7635467980295567
  ],
  "curve2_survivals_length": 94,
  "confidence": 0.9,
  "orientation_method": "text_hr_match",
  "text_hr": 0.91,
  "n_curves_found": 7,
  "n_pages_scanned": 12,
  "processing_time_s": 132.61,
  "warnings": [],
  "certification_status": "UNCERTIFIED",
  "pipeline_version": "1.4",
  "timestamp": "2026-02-16T23:25:29.083018+00:00"
}