{
  "pdf_path": "PMC11305801.pdf",
  "pdf_name": "PMC11305801.pdf",
  "hr": 0.822,
  "ci_lower": 0.591,
  "ci_upper": 1.143,
  "p_value": null,
  "hr_method": "text_hr_match",
  "ipd_arm1": {
    "arm_label": "treatment",
    "arm_index": 1,
    "n_patients": 98,
    "n_events": 86,
    "n_censored": 12,
    "n_records": 98
  },
  "ipd_arm2": {
    "arm_label": "control",
    "arm_index": 0,
    "n_patients": 78,
    "n_events": 68,
    "n_censored": 10,
    "n_records": 78
  },
  "total_ipd_records": 176,
  "curve1_times": [
    0.07677725118483412,
    0.07772511848341232,
    0.07867298578199051,
    0.07962085308056872,
    0.08056872037914692,
    0.08151658767772511,
    0.08246445497630332,
    0.08909952606635071,
    0.09004739336492891,
    0.0909952606635071
  ],
  "curve1_times_length": 957,
  "curve1_survivals": [
    1.0,
    1.0,
    1.0,
    1.0,
    0.2151515151515152,
    0.2151515151515152,
    0.2151515151515152,
    0.7518939393939394,
    0.7518939393939394,
    0.7518939393939394
  ],
  "curve1_survivals_length": 957,
  "curve2_times": [
    0.06261859582542695,
    0.0635673624288425,
    0.06451612903225806,
    0.06546489563567362,
    0.06641366223908918,
    0.06736242884250475,
    0.0683111954459203,
    0.06925996204933586,
    0.07020872865275142,
    0.07115749525616698
  ],
  "curve2_times_length": 1040,
  "curve2_survivals": [
    0.7833333333333333,
    0.5234848484848484,
    0.49204545454545456,
    0.5231060606060607,
    0.5545454545454546,
    0.5564393939393939,
    0.6943181818181818,
    0.5738636363636364,
    0.5946969696969697,
    0.593939393939394
  ],
  "curve2_survivals_length": 1040,
  "confidence": 0.75,
  "orientation_method": "text_hr_match",
  "text_hr": 0.71,
  "n_curves_found": 8,
  "n_pages_scanned": 10,
  "processing_time_s": 379.69,
  "warnings": [],
  "certification_status": "UNCERTIFIED",
  "pipeline_version": "1.4",
  "timestamp": "2026-02-15T15:49:02.605952+00:00"
}