{
  "pdf_path": "PMC11311698.pdf",
  "pdf_name": "PMC11311698.pdf",
  "hr": 0.15,
  "ci_lower": null,
  "ci_upper": null,
  "p_value": null,
  "hr_method": "text_hr_pair_fallback",
  "ipd_arm1": {
    "arm_label": "treatment",
    "arm_index": 1,
    "n_patients": 41,
    "n_events": 29,
    "n_censored": 12,
    "n_records": 41
  },
  "ipd_arm2": {
    "arm_label": "control",
    "arm_index": 0,
    "n_patients": 95,
    "n_events": 83,
    "n_censored": 12,
    "n_records": 95
  },
  "total_ipd_records": 136,
  "curve1_times": [
    0.09402501157943492,
    0.09448818897637795,
    0.09495136637332098,
    0.16952292728114868,
    0.16998610467809172,
    0.17044928207503474,
    0.17415470125057897,
    0.174617878647522,
    0.17508105604446503,
    0.1778601204261232
  ],
  "curve1_times_length": 221,
  "curve1_survivals": [
    0.3786127167630058,
    0.3786127167630058,
    0.3786127167630058,
    0.5144508670520231,
    0.5144508670520231,
    0.5144508670520231,
    0.5115606936416185,
    0.5115606936416185,
    0.5115606936416185,
    0.5115606936416185
  ],
  "curve1_survivals_length": 221,
  "curve2_times": [
    0.06944444444444445,
    0.07051282051282051,
    0.07158119658119658,
    0.09935897435897435,
    0.10042735042735043,
    0.1014957264957265,
    0.11538461538461539,
    0.11645299145299146,
    0.11752136752136752,
    0.11858974358974358
  ],
  "curve2_times_length": 619,
  "curve2_survivals": [
    0.8722772277227723,
    0.8722772277227723,
    0.8722772277227723,
    0.3782178217821782,
    0.3782178217821782,
    0.3782178217821782,
    0.19306930693069302,
    0.37524752475247525,
    0.37524752475247525,
    0.3782178217821782
  ],
  "curve2_survivals_length": 619,
  "confidence": 0.6,
  "orientation_method": "text_hr_pair_fallback",
  "text_hr": 0.15,
  "n_curves_found": 5,
  "n_pages_scanned": 12,
  "processing_time_s": 88.31,
  "warnings": [
    "Text HR match weak: extracted 0.304 vs text 0.15 (log-err=0.706)",
    "Curve HR diverged from text HR; using text HR while retaining the selected curve pair for IPD.",
    "Extreme HR=0.150: manual review recommended"
  ],
  "certification_status": "UNCERTIFIED",
  "pipeline_version": "1.4",
  "timestamp": "2026-02-17T16:36:02.515967+00:00"
}