{
  "pdf_path": "PMC10062393.pdf",
  "pdf_name": "PMC10062393.pdf",
  "hr": 1.11,
  "ci_lower": 0.618,
  "ci_upper": 1.863,
  "p_value": null,
  "hr_method": "text_hr_snap",
  "ipd_arm1": {
    "arm_label": "treatment",
    "arm_index": 1,
    "n_patients": 35,
    "n_events": 24,
    "n_censored": 11,
    "n_records": 35
  },
  "ipd_arm2": {
    "arm_label": "control",
    "arm_index": 0,
    "n_patients": 65,
    "n_events": 54,
    "n_censored": 11,
    "n_records": 65
  },
  "total_ipd_records": 100,
  "curve1_times": [
    0.0,
    0.0,
    0.0,
    0.0,
    0.0,
    0.0,
    0.0,
    0.0,
    0.0,
    0.0
  ],
  "curve1_times_length": 708,
  "curve1_survivals": [
    0.4412878787878788,
    0.4412878787878788,
    0.4412878787878788,
    0.4412878787878788,
    0.4412878787878788,
    0.4412878787878788,
    0.4412878787878788,
    0.4412878787878788,
    0.4412878787878788,
    0.4412878787878788
  ],
  "curve1_survivals_length": 708,
  "curve2_times": [
    0.0,
    0.0,
    0.0,
    0.0,
    0.0,
    0.0,
    0.0,
    0.0,
    0.0,
    0.0
  ],
  "curve2_times_length": 719,
  "curve2_survivals": [
    0.5786090005844535,
    0.5786090005844535,
    0.5786090005844535,
    0.5786090005844535,
    0.5786090005844535,
    0.5786090005844535,
    0.5786090005844535,
    0.5786090005844535,
    0.5786090005844535,
    0.5786090005844535
  ],
  "curve2_survivals_length": 719,
  "confidence": 0.85,
  "orientation_method": "text_hr_snap",
  "text_hr": 1.11,
  "n_curves_found": 4,
  "n_pages_scanned": 12,
  "processing_time_s": 46.6,
  "warnings": [],
  "text_hr_context": "for nivolumab and 44.3 wk for placebo (hazard ratio [HR]: 1.11, 95% confidence interval [CI], 0.89-1.3",
  "pair_description": "blue(p0) vs blue(p9)",
  "pair_rank": 5,
  "pair_quality_score": 81.0,
  "pair_orientation": "inverse",
  "certification_status": "UNCERTIFIED",
  "pipeline_version": "1.4",
  "timestamp": "2026-02-17T20:09:19.989689+00:00"
}