{
  "pdf_path": "PMC12209358.pdf",
  "pdf_name": "PMC12209358.pdf",
  "hr": 0.86,
  "ci_lower": 0.626,
  "ci_upper": 1.18,
  "p_value": null,
  "hr_method": "text_hr_match",
  "ipd_arm1": {
    "arm_label": "treatment",
    "arm_index": 1,
    "n_patients": 28,
    "n_events": 16,
    "n_censored": 12,
    "n_records": 28
  },
  "ipd_arm2": {
    "arm_label": "control",
    "arm_index": 0,
    "n_patients": 10,
    "n_events": 0,
    "n_censored": 10,
    "n_records": 10
  },
  "total_ipd_records": 38,
  "curve1_times": [
    0.0,
    0.0,
    0.0,
    0.0,
    0.0,
    0.0,
    0.0,
    0.0,
    0.0,
    0.0
  ],
  "curve1_times_length": 570,
  "curve1_survivals": [
    1.0,
    1.0,
    0.8600357355568791,
    0.8606313281715307,
    0.8618225134008338,
    0.8624181060154854,
    0.8600357355568791,
    0.8582489577129244,
    1.0,
    1.0
  ],
  "curve1_survivals_length": 570,
  "curve2_times": [
    0.4375838926174497,
    0.4389261744966443,
    0.44026845637583895,
    0.5100671140939598,
    0.5114093959731544,
    0.512751677852349,
    0.5543624161073826,
    0.5557046979865772,
    0.5570469798657718,
    0.5637583892617449
  ],
  "curve2_times_length": 15,
  "curve2_survivals": [
    1.0,
    1.0,
    1.0,
    1.0,
    1.0,
    1.0,
    1.0,
    1.0,
    1.0,
    0.0
  ],
  "curve2_survivals_length": 15,
  "confidence": 0.95,
  "orientation_method": "text_hr_match",
  "text_hr": 0.95,
  "n_curves_found": 19,
  "n_pages_scanned": 10,
  "processing_time_s": 51.39,
  "warnings": [],
  "certification_status": "UNCERTIFIED",
  "pipeline_version": "1.4",
  "timestamp": "2026-02-17T09:51:21.033413+00:00"
}