{
  "pdf_path": "PMC12027513.pdf",
  "pdf_name": "PMC12027513.pdf",
  "hr": 0.656,
  "ci_lower": 0.48,
  "ci_upper": 0.896,
  "p_value": null,
  "hr_method": "text_hr_match",
  "ipd_arm1": {
    "arm_label": "treatment",
    "arm_index": 1,
    "n_patients": 87,
    "n_events": 76,
    "n_censored": 11,
    "n_records": 87
  },
  "ipd_arm2": {
    "arm_label": "control",
    "arm_index": 0,
    "n_patients": 100,
    "n_events": 95,
    "n_censored": 5,
    "n_records": 100
  },
  "total_ipd_records": 187,
  "curve1_times": [
    0.5266222961730449,
    0.5274542429284526,
    0.5282861896838602,
    0.5291181364392679,
    0.5299500831946755,
    0.5307820299500832,
    0.5316139767054908,
    0.5324459234608985,
    0.5332778702163061,
    0.5341098169717138
  ],
  "curve1_times_length": 293,
  "curve1_survivals": [
    0.8807339449541285,
    0.8792048929663608,
    0.8807339449541285,
    0.8807339449541285,
    0.8700305810397554,
    0.8547400611620795,
    0.12385321100917435,
    0.12691131498470953,
    0.1299694189602446,
    0.13608562691131498
  ],
  "curve1_survivals_length": 293,
  "curve2_times": [
    0.2663270032422418,
    0.2667901806391848,
    0.2672533580361278,
    0.2677165354330709,
    0.2681797128300139,
    0.2686428902269569,
    0.26910606762389994,
    0.269569245020843,
    0.270032422417786,
    0.27049559981472904
  ],
  "curve2_times_length": 349,
  "curve2_survivals": [
    1.0,
    1.0,
    1.0,
    1.0,
    1.0,
    1.0,
    1.0,
    1.0,
    1.0,
    1.0
  ],
  "curve2_survivals_length": 349,
  "confidence": 0.9,
  "orientation_method": "text_hr_match",
  "text_hr": 0.62,
  "n_curves_found": 12,
  "n_pages_scanned": 12,
  "processing_time_s": 59.52,
  "warnings": [],
  "certification_status": "UNCERTIFIED",
  "pipeline_version": "1.4",
  "timestamp": "2026-02-17T09:48:46.341868+00:00"
}