{
  "pdf_path": "PMC11686335.pdf",
  "pdf_name": "PMC11686335.pdf",
  "hr": 0.73,
  "ci_lower": 0.486,
  "ci_upper": 1.097,
  "p_value": null,
  "hr_method": "text_hr_match",
  "ipd_arm1": {
    "arm_label": "treatment",
    "arm_index": 1,
    "n_patients": 77,
    "n_events": 65,
    "n_censored": 12,
    "n_records": 77
  },
  "ipd_arm2": {
    "arm_label": "control",
    "arm_index": 0,
    "n_patients": 76,
    "n_events": 45,
    "n_censored": 31,
    "n_records": 76
  },
  "total_ipd_records": 153,
  "curve1_times": [
    0.2654006484483557,
    0.2658638258452988,
    0.2663270032422418,
    0.2667901806391848,
    0.2672533580361278,
    0.2797591477535896,
    0.28022232515053264,
    0.2806855025474757,
    0.2811486799444187,
    0.28161185734136174
  ],
  "curve1_times_length": 607,
  "curve1_survivals": [
    0.8567748583204534,
    0.8562596599690881,
    0.8562596599690881,
    0.8562596599690881,
    0.8562596599690881,
    0.8062854198866564,
    0.8062854198866564,
    0.8062854198866564,
    0.8062854198866564,
    0.8062854198866564
  ],
  "curve1_survivals_length": 607,
  "curve2_times": [
    0.2566002779064382,
    0.2570634553033812,
    0.2575266327003242,
    0.25798981009726724,
    0.2584529874942103,
    0.2589161648911533,
    0.25937934228809634,
    0.25984251968503935,
    0.2603056970819824,
    0.26076887447892544
  ],
  "curve2_times_length": 1361,
  "curve2_survivals": [
    0.8511076764554353,
    0.8511076764554353,
    0.8511076764554353,
    0.8511076764554353,
    0.8511076764554353,
    0.8511076764554353,
    0.8511076764554353,
    0.8511076764554353,
    0.8505924781040701,
    0.8511076764554353
  ],
  "curve2_survivals_length": 1361,
  "confidence": 0.75,
  "orientation_method": "text_hr_match",
  "text_hr": 0.63,
  "n_curves_found": 23,
  "n_pages_scanned": 12,
  "processing_time_s": 157.75,
  "warnings": [],
  "certification_status": "UNCERTIFIED",
  "pipeline_version": "1.4",
  "timestamp": "2026-02-17T08:40:52.476776+00:00"
}