{
  "pdf_path": "PMC11103724.pdf",
  "pdf_name": "PMC11103724.pdf",
  "hr": 0.345,
  "ci_lower": 0.248,
  "ci_upper": 0.479,
  "p_value": null,
  "hr_method": "text_hr_match",
  "ipd_arm1": {
    "arm_label": "treatment",
    "arm_index": 1,
    "n_patients": 10,
    "n_events": 0,
    "n_censored": 10,
    "n_records": 10
  },
  "ipd_arm2": {
    "arm_label": "control",
    "arm_index": 0,
    "n_patients": 76,
    "n_events": 66,
    "n_censored": 10,
    "n_records": 76
  },
  "total_ipd_records": 86,
  "curve1_times": [
    0.0,
    0.0,
    0.0,
    0.0,
    0.0,
    0.0,
    0.0,
    0.0,
    0.0,
    0.0
  ],
  "curve1_times_length": 221,
  "curve1_survivals": [
    1.0,
    1.0,
    1.0,
    1.0,
    1.0,
    1.0,
    1.0,
    1.0,
    1.0,
    1.0
  ],
  "curve1_survivals_length": 221,
  "curve2_times": [
    0.10472659870250231,
    0.1056533827618165,
    0.10658016682113068,
    0.10750695088044486,
    0.10843373493975904,
    0.10936051899907322,
    0.1195551436515292,
    0.12048192771084337,
    0.12140871177015755,
    0.12233549582947173
  ],
  "curve2_times_length": 182,
  "curve2_survivals": [
    0.9722123263270396,
    0.9722123263270396,
    0.9722123263270396,
    0.9722123263270396,
    0.9722123263270396,
    0.9722123263270396,
    0.3135019593872461,
    0.3135019593872461,
    0.3135019593872461,
    0.3135019593872461
  ],
  "curve2_survivals_length": 182,
  "confidence": 0.9,
  "orientation_method": "text_hr_match",
  "text_hr": 0.33,
  "n_curves_found": 21,
  "n_pages_scanned": 11,
  "processing_time_s": 183.57,
  "warnings": [],
  "certification_status": "UNCERTIFIED",
  "pipeline_version": "1.4",
  "timestamp": "2026-02-16T23:07:04.301939+00:00"
}