{
  "pdf_path": "PMC10810919.pdf",
  "pdf_name": "PMC10810919.pdf",
  "hr": 0.811,
  "ci_lower": 0.578,
  "ci_upper": 1.138,
  "p_value": null,
  "hr_method": "text_hr_match",
  "ipd_arm1": {
    "arm_label": "treatment",
    "arm_index": 1,
    "n_patients": 79,
    "n_events": 69,
    "n_censored": 10,
    "n_records": 79
  },
  "ipd_arm2": {
    "arm_label": "control",
    "arm_index": 0,
    "n_patients": 83,
    "n_events": 71,
    "n_censored": 12,
    "n_records": 83
  },
  "total_ipd_records": 162,
  "curve1_times": [
    0.12048192771084337,
    0.12140871177015755,
    0.12233549582947173,
    0.12326227988878591,
    0.12418906394810009,
    0.12511584800741427,
    0.12604263206672844,
    0.12696941612604262,
    0.1278962001853568,
    0.12882298424467098
  ],
  "curve1_times_length": 135,
  "curve1_survivals": [
    0.969294920394238,
    0.969294920394238,
    0.969294920394238,
    0.969294920394238,
    0.9738438210765732,
    0.9738438210765732,
    0.976497346474602,
    0.976497346474602,
    0.9495830174374527,
    0.9492039423805914
  ],
  "curve1_survivals_length": 135,
  "curve2_times": [
    0.1195551436515292,
    0.12048192771084337,
    0.12140871177015755,
    0.12233549582947173,
    0.12326227988878591,
    0.12418906394810009,
    0.12511584800741427,
    0.12604263206672844,
    0.12696941612604262,
    0.1278962001853568
  ],
  "curve2_times_length": 478,
  "curve2_survivals": [
    0.9988627748294162,
    0.969294920394238,
    0.969294920394238,
    0.969294920394238,
    0.969294920394238,
    0.9738438210765732,
    0.9738438210765732,
    0.5121304018195603,
    0.5121304018195603,
    0.5128885519332829
  ],
  "curve2_survivals_length": 478,
  "confidence": 1.0,
  "orientation_method": "text_hr_match",
  "text_hr": 0.8,
  "n_curves_found": 8,
  "n_pages_scanned": 7,
  "processing_time_s": 126.57,
  "warnings": [],
  "certification_status": "UNCERTIFIED",
  "pipeline_version": "1.4",
  "timestamp": "2026-02-15T13:52:04.413503+00:00"
}