{
  "pdf_path": "PMC10405997.pdf",
  "pdf_name": "PMC10405997.pdf",
  "hr": 0.531,
  "ci_lower": 0.342,
  "ci_upper": 0.825,
  "p_value": null,
  "hr_method": "text_hr_match",
  "ipd_arm1": {
    "arm_label": "treatment",
    "arm_index": 1,
    "n_patients": 78,
    "n_events": 66,
    "n_censored": 12,
    "n_records": 78
  },
  "ipd_arm2": {
    "arm_label": "control",
    "arm_index": 0,
    "n_patients": 51,
    "n_events": 40,
    "n_censored": 11,
    "n_records": 51
  },
  "total_ipd_records": 129,
  "curve1_times": [
    0.1995475113122172,
    0.2,
    0.20045248868778281,
    0.20090497737556562,
    0.20135746606334842,
    0.20180995475113123,
    0.20226244343891403,
    0.20271493212669683,
    0.20316742081447964,
    0.20361990950226244
  ],
  "curve1_times_length": 213,
  "curve1_survivals": [
    0.7120862201693611,
    0.7120862201693611,
    0.7128560431100847,
    0.7128560431100847,
    0.7128560431100847,
    0.7120862201693611,
    0.7105465742879138,
    0.7090069284064665,
    0.7090069284064665,
    0.7090069284064665
  ],
  "curve1_survivals_length": 213,
  "curve2_times": [
    0.07970342910101946,
    0.08063021316033364,
    0.08155699721964782,
    0.082483781278962,
    0.08341056533827618,
    0.08433734939759036,
    0.08526413345690455,
    0.08619091751621873,
    0.0871177015755329,
    0.08804448563484708
  ],
  "curve2_times_length": 1044,
  "curve2_survivals": [
    0.4733576642335766,
    0.4726277372262774,
    0.4919708029197081,
    0.5872262773722627,
    0.5901459854014599,
    0.5872262773722627,
    0.4565693430656934,
    0.612043795620438,
    0.4558394160583942,
    0.481021897810219
  ],
  "curve2_survivals_length": 1044,
  "confidence": 0.9,
  "orientation_method": "text_hr_match",
  "text_hr": 0.52,
  "n_curves_found": 19,
  "n_pages_scanned": 12,
  "processing_time_s": 374.24,
  "warnings": [],
  "certification_status": "UNCERTIFIED",
  "pipeline_version": "1.4",
  "timestamp": "2026-02-15T15:13:19.044634+00:00"
}