{
  "pdf_path": "PMC10810805.pdf",
  "pdf_name": "PMC10810805.pdf",
  "hr": 0.78,
  "ci_lower": 0.756,
  "ci_upper": 0.866,
  "p_value": null,
  "hr_method": "text_hr_snap",
  "ipd_arm1": {
    "arm_label": "treatment",
    "arm_index": 1,
    "n_patients": 2251,
    "n_events": 1445,
    "n_censored": 806,
    "n_records": 2251
  },
  "ipd_arm2": {
    "arm_label": "control",
    "arm_index": 0,
    "n_patients": 2238,
    "n_events": 1435,
    "n_censored": 803,
    "n_records": 2238
  },
  "total_ipd_records": 4489,
  "curve1_times": [
    0.0,
    0.009817671809256662,
    0.011220196353436185,
    0.015427769985974754,
    0.016830294530154277,
    0.0182328190743338,
    0.019635343618513323,
    0.02244039270687237,
    0.029453015427769985,
    0.030855539971949508
  ],
  "curve1_times_length": 444,
  "curve1_survivals": [
    0.48355263157894735,
    1.0,
    1.0,
    1.0,
    0.7450657894736843,
    0.7450657894736843,
    1.0,
    0.8914473684210527,
    0.743421052631579,
    0.4605263157894737
  ],
  "curve1_survivals_length": 444,
  "curve2_times": [
    0.0,
    0.0,
    0.0,
    0.0,
    0.0,
    0.0,
    0.0,
    0.0,
    0.0,
    0.0
  ],
  "curve2_times_length": 640,
  "curve2_survivals": [
    0.4950657894736842,
    0.4950657894736842,
    0.4950657894736842,
    0.4950657894736842,
    0.4950657894736842,
    0.4950657894736842,
    0.4950657894736842,
    0.4950657894736842,
    0.4950657894736842,
    0.4950657894736842
  ],
  "curve2_survivals_length": 640,
  "confidence": 1.0,
  "orientation_method": "text_hr_snap",
  "text_hr": 0.78,
  "n_curves_found": 7,
  "n_pages_scanned": 9,
  "processing_time_s": 39.27,
  "warnings": [],
  "text_hr_context": "nificantly reduced the risk of stroke (hazard ratio [HR], 0.78; 95% confidence interval [CI], 0.64-0.9",
  "pair_description": "black(p4) vs black_2(p4)",
  "pair_rank": 2,
  "pair_quality_score": 158.0,
  "pair_orientation": "inverse",
  "certification_status": "UNCERTIFIED",
  "pipeline_version": "1.4",
  "timestamp": "2026-02-17T20:05:05.345990+00:00"
}