{
  "pdf_path": "PMC11292321.pdf",
  "pdf_name": "PMC11292321.pdf",
  "hr": 0.807,
  "ci_lower": 0.306,
  "ci_upper": 2.128,
  "p_value": null,
  "hr_method": "text_hr_match",
  "ipd_arm1": {
    "arm_label": "treatment",
    "arm_index": 1,
    "n_patients": 68,
    "n_events": 31,
    "n_censored": 37,
    "n_records": 68
  },
  "ipd_arm2": {
    "arm_label": "control",
    "arm_index": 0,
    "n_patients": 84,
    "n_events": 74,
    "n_censored": 10,
    "n_records": 84
  },
  "total_ipd_records": 152,
  "curve1_times": [
    0.3271202236719478,
    0.32805219012115566,
    0.32898415657036345,
    0.3299161230195713,
    0.33084808946877914,
    0.3317800559179869,
    0.33271202236719477,
    0.3336439888164026,
    0.33457595526561046,
    0.33550792171481825
  ],
  "curve1_times_length": 783,
  "curve1_survivals": [
    1.0,
    1.0,
    1.0,
    1.0,
    1.0,
    1.0,
    1.0,
    1.0,
    1.0,
    1.0
  ],
  "curve1_survivals_length": 783,
  "curve2_times": [
    0.0,
    0.0,
    0.0,
    0.0,
    0.0,
    0.0,
    0.0,
    0.0,
    0.0,
    0.0
  ],
  "curve2_times_length": 1754,
  "curve2_survivals": [
    0.9751499571550986,
    0.9751499571550986,
    0.9751499571550986,
    0.07540702656383891,
    0.7540702656383891,
    0.7497857754927164,
    0.7532133676092545,
    0.7532133676092545,
    0.7574978577549272,
    0.7652099400171379
  ],
  "curve2_survivals_length": 1754,
  "confidence": 0.95,
  "orientation_method": "text_hr_match",
  "text_hr": 0.78,
  "n_curves_found": 9,
  "n_pages_scanned": 12,
  "processing_time_s": 170.83,
  "warnings": [],
  "certification_status": "UNCERTIFIED",
  "pipeline_version": "1.4",
  "timestamp": "2026-02-16T23:19:53.966827+00:00"
}