{
  "pdf_path": "PMC11250169.pdf",
  "pdf_name": "PMC11250169.pdf",
  "hr": 1.01,
  "ci_lower": null,
  "ci_upper": null,
  "p_value": null,
  "hr_method": "text_hr_pair_fallback",
  "ipd_arm1": {
    "arm_label": "treatment",
    "arm_index": 1,
    "n_patients": 89,
    "n_events": 79,
    "n_censored": 10,
    "n_records": 89
  },
  "ipd_arm2": {
    "arm_label": "control",
    "arm_index": 0,
    "n_patients": 36,
    "n_events": 26,
    "n_censored": 10,
    "n_records": 36
  },
  "total_ipd_records": 125,
  "curve1_times": [
    0.22649374710514128,
    0.2269569245020843,
    0.22742010189902734,
    0.22788327929597035,
    0.2283464566929134,
    0.2288096340898564,
    0.22927281148679945,
    0.2301991662806855,
    0.23066234367762853,
    0.23112552107457157
  ],
  "curve1_times_length": 1534,
  "curve1_survivals": [
    0.8006472491909385,
    0.8621359223300971,
    0.8621359223300971,
    1.0,
    1.0,
    1.0,
    0.003883495145631022,
    0.8964401294498382,
    0.8951456310679612,
    0.8951456310679612
  ],
  "curve1_survivals_length": 1534,
  "curve2_times": [
    0.0,
    0.0,
    0.0,
    0.0,
    0.0,
    0.0,
    0.0,
    0.0,
    0.0,
    0.0
  ],
  "curve2_times_length": 518,
  "curve2_survivals": [
    0.42666666666666664,
    0.42666666666666664,
    0.3466666666666667,
    0.5386666666666666,
    0.5413333333333333,
    0.544,
    0.5466666666666666,
    0.544,
    0.5573333333333333,
    0.5626666666666666
  ],
  "curve2_survivals_length": 518,
  "confidence": 0.6,
  "orientation_method": "text_hr_pair_fallback",
  "text_hr": 1.01,
  "n_curves_found": 3,
  "n_pages_scanned": 12,
  "processing_time_s": 37.64,
  "warnings": [
    "Curve HR diverged from text HR; using text HR while retaining the selected curve pair for IPD."
  ],
  "text_hr_context": ".0) versus 7.0 months (95% CI 6.7-7.2); hazard ratio 1.01 (95% CI 0.79-1.3), p=0.91) with more adverse events asso",
  "pair_description": "black_2(p2) vs black(p8)",
  "pair_rank": 3,
  "pair_quality_score": 75.0,
  "pair_orientation": "inverse",
  "certification_status": "UNCERTIFIED",
  "pipeline_version": "1.4",
  "timestamp": "2026-02-17T20:10:44.251384+00:00"
}