{
  "pdf_path": "PMC12107056.pdf",
  "pdf_name": "PMC12107056.pdf",
  "hr": 1.161,
  "ci_lower": 0.819,
  "ci_upper": 1.648,
  "p_value": null,
  "hr_method": "text_hr_match",
  "ipd_arm1": {
    "arm_label": "treatment",
    "arm_index": 1,
    "n_patients": 97,
    "n_events": 83,
    "n_censored": 14,
    "n_records": 97
  },
  "ipd_arm2": {
    "arm_label": "control",
    "arm_index": 0,
    "n_patients": 88,
    "n_events": 76,
    "n_censored": 12,
    "n_records": 88
  },
  "total_ipd_records": 185,
  "curve1_times": [
    0.0,
    0.0,
    0.0,
    0.0,
    0.0,
    0.0,
    0.0,
    0.0,
    0.0,
    0.0
  ],
  "curve1_times_length": 327,
  "curve1_survivals": [
    0.872133425990271,
    0.872133425990271,
    0.872133425990271,
    0.8728283530229326,
    0.8700486448922863,
    0.8693537178596247,
    0.8693537178596247,
    0.8686587908269632,
    0.8686587908269632,
    0.8679638637943016
  ],
  "curve1_survivals_length": 327,
  "curve2_times": [
    0.1046831955922865,
    0.10560146923783287,
    0.10651974288337925,
    0.10743801652892562,
    0.10835629017447199,
    0.10927456382001836,
    0.11019283746556474,
    0.1111111111111111,
    0.11202938475665748,
    0.11294765840220386
  ],
  "curve2_times_length": 484,
  "curve2_survivals": [
    0.8658489842851668,
    0.8662322729014948,
    0.8662322729014948,
    0.8662322729014948,
    0.8658489842851668,
    0.8658489842851668,
    0.8658489842851668,
    0.8658489842851668,
    0.8658489842851668,
    0.8658489842851668
  ],
  "curve2_survivals_length": 484,
  "confidence": 0.9,
  "orientation_method": "text_hr_match",
  "text_hr": 1.17,
  "n_curves_found": 9,
  "n_pages_scanned": 8,
  "processing_time_s": 51.42,
  "warnings": [],
  "certification_status": "UNCERTIFIED",
  "pipeline_version": "1.4",
  "timestamp": "2026-02-17T09:50:23.584277+00:00"
}