{
  "pdf_path": "PMC10062319.pdf",
  "pdf_name": "PMC10062319.pdf",
  "hr": 0.695,
  "ci_lower": 0.491,
  "ci_upper": 0.983,
  "p_value": null,
  "hr_method": "text_hr_match",
  "ipd_arm1": {
    "arm_label": "treatment",
    "arm_index": 1,
    "n_patients": 98,
    "n_events": 87,
    "n_censored": 11,
    "n_records": 98
  },
  "ipd_arm2": {
    "arm_label": "control",
    "arm_index": 0,
    "n_patients": 76,
    "n_events": 63,
    "n_censored": 13,
    "n_records": 76
  },
  "total_ipd_records": 174,
  "curve1_times": [
    0.0,
    0.0,
    0.0,
    0.0,
    0.0,
    0.0,
    0.0,
    0.0,
    0.0,
    0.0
  ],
  "curve1_times_length": 890,
  "curve1_survivals": [
    0.8969771745835904,
    0.6070326958667489,
    0.8957433682911783,
    0.8957433682911783,
    0.8957433682911783,
    0.8988278840222085,
    0.8975940777297964,
    0.8994447871684146,
    0.9012954966070327,
    0.6125848241826033
  ],
  "curve1_survivals_length": 890,
  "curve2_times": [
    0.0,
    0.0,
    0.0,
    0.0,
    0.0,
    0.0,
    0.0,
    0.0,
    0.0,
    0.0
  ],
  "curve2_times_length": 1861,
  "curve2_survivals": [
    0.9925434962717481,
    0.9950289975144988,
    0.9966859983429992,
    0.9975144987572494,
    0.9983429991714996,
    0.9983429991714996,
    1.0,
    0.9991714995857498,
    0.9983429991714996,
    0.9991714995857498
  ],
  "curve2_survivals_length": 1861,
  "confidence": 0.9,
  "orientation_method": "text_hr_match",
  "text_hr": 0.65,
  "n_curves_found": 13,
  "n_pages_scanned": 10,
  "processing_time_s": 263.47,
  "warnings": [],
  "certification_status": "UNCERTIFIED",
  "pipeline_version": "1.4",
  "timestamp": "2026-02-15T14:14:06.820319+00:00"
}