{
  "pdf_path": "PMC10713185.pdf",
  "pdf_name": "PMC10713185.pdf",
  "hr": 0.693,
  "ci_lower": 0.475,
  "ci_upper": 1.012,
  "p_value": null,
  "hr_method": "text_hr_match",
  "ipd_arm1": {
    "arm_label": "treatment",
    "arm_index": 1,
    "n_patients": 50,
    "n_events": 40,
    "n_censored": 10,
    "n_records": 50
  },
  "ipd_arm2": {
    "arm_label": "control",
    "arm_index": 0,
    "n_patients": 89,
    "n_events": 76,
    "n_censored": 13,
    "n_records": 89
  },
  "total_ipd_records": 139,
  "curve1_times": [
    0.0,
    0.0,
    0.0,
    0.0,
    0.0,
    0.0,
    0.0,
    0.0,
    0.0,
    0.0
  ],
  "curve1_times_length": 2111,
  "curve1_survivals": [
    0.8334184977005621,
    0.8334184977005621,
    0.8334184977005621,
    0.575370464997445,
    0.575370464997445,
    0.575370464997445,
    0.575370464997445,
    0.575370464997445,
    0.575370464997445,
    0.575370464997445
  ],
  "curve1_survivals_length": 2111,
  "curve2_times": [
    0.0,
    0.0,
    0.0,
    0.0,
    0.0,
    0.0,
    0.0,
    0.0,
    0.0,
    0.0
  ],
  "curve2_times_length": 2077,
  "curve2_survivals": [
    0.8209219858156028,
    0.6737588652482269,
    0.675531914893617,
    0.5186170212765957,
    0.4955673758865248,
    0.45833333333333337,
    0.5824468085106382,
    0.7659574468085106,
    0.7668439716312057,
    0.8120567375886525
  ],
  "curve2_survivals_length": 2077,
  "confidence": 0.9,
  "orientation_method": "text_hr_match",
  "text_hr": 0.7,
  "n_curves_found": 17,
  "n_pages_scanned": 12,
  "processing_time_s": 2082.02,
  "warnings": [],
  "certification_status": "UNCERTIFIED",
  "pipeline_version": "1.4",
  "timestamp": "2026-02-15T17:26:40.062705+00:00"
}