{
  "pdf_path": "PMC12013682.pdf",
  "pdf_name": "PMC12013682.pdf",
  "hr": 0.787,
  "ci_lower": 0.559,
  "ci_upper": 1.108,
  "p_value": null,
  "hr_method": "text_hr_match",
  "ipd_arm1": {
    "arm_label": "treatment",
    "arm_index": 1,
    "n_patients": 92,
    "n_events": 80,
    "n_censored": 12,
    "n_records": 92
  },
  "ipd_arm2": {
    "arm_label": "control",
    "arm_index": 0,
    "n_patients": 79,
    "n_events": 68,
    "n_censored": 11,
    "n_records": 79
  },
  "total_ipd_records": 171,
  "curve1_times": [
    0.015384615384615385,
    0.016194331983805668,
    0.01700404858299595,
    0.017813765182186234,
    0.01862348178137652,
    0.019433198380566803,
    0.020242914979757085,
    0.021052631578947368,
    0.02186234817813765,
    0.022672064777327937
  ],
  "curve1_times_length": 765,
  "curve1_survivals": [
    0.9671361502347418,
    0.971830985915493,
    0.974960876369327,
    0.9765258215962441,
    1.0,
    1.0,
    1.0,
    1.0,
    1.0,
    1.0
  ],
  "curve1_survivals_length": 765,
  "curve2_times": [
    0.18387096774193548,
    0.18548387096774194,
    0.1870967741935484,
    0.19516129032258064,
    0.1967741935483871,
    0.19838709677419356,
    0.2,
    0.20161290322580644,
    0.2032258064516129,
    0.20483870967741935
  ],
  "curve2_times_length": 265,
  "curve2_survivals": [
    0.7057220708446866,
    0.7057220708446866,
    0.7057220708446866,
    0.027247956403269713,
    0.40599455040871935,
    0.41144414168937327,
    0.4168937329700273,
    0.7029972752043596,
    0.40599455040871935,
    0.40599455040871935
  ],
  "curve2_survivals_length": 265,
  "confidence": 0.85,
  "orientation_method": "text_hr_match",
  "text_hr": 0.79,
  "n_curves_found": 4,
  "n_pages_scanned": 12,
  "processing_time_s": 77.74,
  "warnings": [],
  "certification_status": "UNCERTIFIED",
  "pipeline_version": "1.4",
  "timestamp": "2026-02-17T09:47:34.780261+00:00"
}