{
  "pdf_path": "PMC10052578.pdf",
  "pdf_name": "PMC10052578.pdf",
  "hr": 0.91,
  "ci_lower": 0.686,
  "ci_upper": 1.242,
  "p_value": null,
  "hr_method": "text_hr_snap",
  "ipd_arm1": {
    "arm_label": "treatment",
    "arm_index": 1,
    "n_patients": 96,
    "n_events": 84,
    "n_censored": 12,
    "n_records": 96
  },
  "ipd_arm2": {
    "arm_label": "control",
    "arm_index": 0,
    "n_patients": 100,
    "n_events": 93,
    "n_censored": 7,
    "n_records": 100
  },
  "total_ipd_records": 196,
  "curve1_times": [
    0.0,
    0.0,
    0.0,
    0.0008278145695364238,
    0.0016556291390728477,
    0.0024834437086092716,
    0.0033112582781456954,
    0.0041390728476821195,
    0.004966887417218543,
    0.005794701986754967
  ],
  "curve1_times_length": 1163,
  "curve1_survivals": [
    1.0,
    1.0,
    1.0,
    1.0,
    1.0,
    1.0,
    1.0,
    1.0,
    1.0,
    1.0
  ],
  "curve1_survivals_length": 1163,
  "curve2_times": [
    0.0,
    0.0,
    0.0,
    0.0008278145695364238,
    0.0016556291390728477,
    0.0024834437086092716,
    0.0033112582781456954,
    0.0041390728476821195,
    0.004966887417218543,
    0.005794701986754967
  ],
  "curve2_times_length": 1167,
  "curve2_survivals": [
    1.0,
    1.0,
    1.0,
    1.0,
    1.0,
    1.0,
    1.0,
    1.0,
    1.0,
    1.0
  ],
  "curve2_survivals_length": 1167,
  "confidence": 0.98,
  "orientation_method": "text_hr_snap",
  "text_hr": 0.91,
  "n_curves_found": 7,
  "n_pages_scanned": 12,
  "processing_time_s": 42.76,
  "warnings": [],
  "text_hr_context": "ms: A 5-year-OS rate of 71% versus 72% (HR, 0.91; 95% CI, 0.70-1.18) and a 5-year-PFS rate of 61% versus 6",
  "pair_description": "black(p1) vs black(p3)",
  "pair_rank": 7,
  "pair_quality_score": 158.0,
  "pair_orientation": "forward",
  "certification_status": "UNCERTIFIED",
  "pipeline_version": "1.4",
  "timestamp": "2026-02-17T20:03:27.949181+00:00"
}