{
  "pdf_path": "PMC11325898.pdf",
  "pdf_name": "PMC11325898.pdf",
  "hr": 1.04,
  "ci_lower": 0.715,
  "ci_upper": 1.513,
  "p_value": null,
  "hr_method": "text_hr_match",
  "ipd_arm1": {
    "arm_label": "treatment",
    "arm_index": 1,
    "n_patients": 87,
    "n_events": 77,
    "n_censored": 10,
    "n_records": 87
  },
  "ipd_arm2": {
    "arm_label": "control",
    "arm_index": 0,
    "n_patients": 81,
    "n_events": 70,
    "n_censored": 11,
    "n_records": 81
  },
  "total_ipd_records": 168,
  "curve1_times": [
    0.006963788300835654,
    0.007428040854224698,
    0.007892293407613741,
    0.008356545961002786,
    0.008820798514391829,
    0.009285051067780872,
    0.009749303621169917,
    0.01021355617455896,
    0.011142061281337047,
    0.01160631383472609
  ],
  "curve1_times_length": 2033,
  "curve1_survivals": [
    0.7880701754385965,
    0.872280701754386,
    0.9424561403508772,
    0.9452631578947368,
    0.9663157894736842,
    1.0,
    1.0,
    1.0,
    1.0,
    1.0
  ],
  "curve1_survivals_length": 2033,
  "curve2_times": [
    0.06261859582542695,
    0.0635673624288425,
    0.06451612903225806,
    0.06546489563567362,
    0.06641366223908918,
    0.06736242884250475,
    0.0683111954459203,
    0.06925996204933586,
    0.07020872865275142,
    0.07115749525616698
  ],
  "curve2_times_length": 1018,
  "curve2_survivals": [
    0.7152451309603761,
    0.3310946944257891,
    0.39758226997985224,
    0.45533915379449297,
    0.39959704499664206,
    0.5137676292813969,
    0.648757555406313,
    0.6924110141034251,
    0.5171255876427132,
    0.36534586971121563
  ],
  "curve2_survivals_length": 1018,
  "confidence": 0.9,
  "orientation_method": "text_hr_match",
  "text_hr": 1.1,
  "n_curves_found": 9,
  "n_pages_scanned": 8,
  "processing_time_s": 159.17,
  "warnings": [],
  "certification_status": "UNCERTIFIED",
  "pipeline_version": "1.4",
  "timestamp": "2026-02-15T16:39:33.267171+00:00"
}