{
  "pdf_path": "PMC11395793.pdf",
  "pdf_name": "PMC11395793.pdf",
  "hr": 0.305,
  "ci_lower": 0.208,
  "ci_upper": 0.447,
  "p_value": null,
  "hr_method": "text_hr_match",
  "ipd_arm1": {
    "arm_label": "treatment",
    "arm_index": 1,
    "n_patients": 40,
    "n_events": 30,
    "n_censored": 10,
    "n_records": 40
  },
  "ipd_arm2": {
    "arm_label": "control",
    "arm_index": 0,
    "n_patients": 95,
    "n_events": 85,
    "n_censored": 10,
    "n_records": 95
  },
  "total_ipd_records": 135,
  "curve1_times": [
    0.3125,
    0.31313131313131315,
    0.31376262626262624,
    0.3143939393939394,
    0.31502525252525254,
    0.31565656565656564,
    0.3162878787878788,
    0.31691919191919193,
    0.317550505050505,
    0.3181818181818182
  ],
  "curve1_times_length": 94,
  "curve1_survivals": [
    0.5347705146036161,
    0.5347705146036161,
    0.5347705146036161,
    0.5347705146036161,
    0.5347705146036161,
    0.5347705146036161,
    0.5347705146036161,
    0.5347705146036161,
    0.5347705146036161,
    0.5347705146036161
  ],
  "curve1_survivals_length": 94,
  "curve2_times": [
    0.0,
    0.0,
    0.0,
    0.0,
    0.0,
    0.0,
    0.014821676702176934,
    0.015284854099119963,
    0.015748031496062992,
    0.029180176007410838
  ],
  "curve2_times_length": 1709,
  "curve2_survivals": [
    0.8971698113207547,
    0.8971698113207547,
    0.8971698113207547,
    0.8858490566037736,
    0.8858490566037736,
    0.8858490566037736,
    0.8896226415094339,
    0.8896226415094339,
    0.8896226415094339,
    0.8962264150943396
  ],
  "curve2_survivals_length": 1709,
  "confidence": 0.82,
  "orientation_method": "text_hr_match",
  "text_hr": 0.29,
  "n_curves_found": 10,
  "n_pages_scanned": 12,
  "processing_time_s": 153.24,
  "warnings": [],
  "certification_status": "UNCERTIFIED",
  "pipeline_version": "1.4",
  "timestamp": "2026-02-17T16:40:02.223514+00:00"
}