{
  "pdf_path": "PMC12024468.pdf",
  "pdf_name": "PMC12024468.pdf",
  "hr": 0.543,
  "ci_lower": 0.057,
  "ci_upper": 5.222,
  "p_value": null,
  "hr_method": "text_hr_match",
  "ipd_arm1": {
    "arm_label": "treatment",
    "arm_index": 1,
    "n_patients": 82,
    "n_events": 70,
    "n_censored": 12,
    "n_records": 82
  },
  "ipd_arm2": {
    "arm_label": "control",
    "arm_index": 0,
    "n_patients": 80,
    "n_events": 69,
    "n_censored": 11,
    "n_records": 80
  },
  "total_ipd_records": 162,
  "curve1_times": [
    0.9439655172413793,
    0.9454022988505747,
    0.9468390804597702,
    0.9482758620689655,
    0.9497126436781609,
    0.9511494252873564,
    0.9525862068965517,
    0.9597701149425287,
    0.9612068965517241,
    0.9626436781609196
  ],
  "curve1_times_length": 69,
  "curve1_survivals": [
    0.9459459459459459,
    0.9464975179260894,
    0.9437396580253723,
    0.9431880860452289,
    0.9431880860452289,
    0.9431880860452289,
    0.9431880860452289,
    0.9437396580253723,
    0.9431880860452289,
    0.9431880860452289
  ],
  "curve1_survivals_length": 69,
  "curve2_times": [
    0.9396551724137931,
    0.9410919540229885,
    0.9425287356321839,
    0.9439655172413793,
    0.9454022988505747,
    0.9468390804597702,
    0.9482758620689655,
    0.9497126436781609,
    0.9511494252873564,
    0.9525862068965517
  ],
  "curve2_times_length": 77,
  "curve2_survivals": [
    0.9685603971318257,
    0.9685603971318257,
    0.9685603971318257,
    0.9685603971318257,
    0.9685603971318257,
    0.9685603971318257,
    0.9685603971318257,
    0.9685603971318257,
    0.9674572531715389,
    0.9680088251516823
  ],
  "curve2_survivals_length": 77,
  "confidence": 0.9,
  "orientation_method": "text_hr_match",
  "text_hr": 0.53,
  "n_curves_found": 19,
  "n_pages_scanned": 12,
  "processing_time_s": 83.58,
  "warnings": [],
  "certification_status": "UNCERTIFIED",
  "pipeline_version": "1.4",
  "timestamp": "2026-02-17T09:32:44.314176+00:00"
}