{
  "pdf_path": "PMC12059390.pdf",
  "pdf_name": "PMC12059390.pdf",
  "hr": 0.849,
  "ci_lower": 0.555,
  "ci_upper": 1.299,
  "p_value": null,
  "hr_method": "text_hr_match",
  "ipd_arm1": {
    "arm_label": "treatment",
    "arm_index": 1,
    "n_patients": 59,
    "n_events": 45,
    "n_censored": 14,
    "n_records": 59
  },
  "ipd_arm2": {
    "arm_label": "control",
    "arm_index": 0,
    "n_patients": 57,
    "n_events": 44,
    "n_censored": 13,
    "n_records": 57
  },
  "total_ipd_records": 116,
  "curve1_times": [
    0.20518758684576194,
    0.20565076424270495,
    0.206113941639648,
    0.206577119036591,
    0.2093561834182492,
    0.20981936081519223,
    0.21028253821213524,
    0.2107457156090783,
    0.21213524779990736,
    0.2125984251968504
  ],
  "curve1_times_length": 1320,
  "curve1_survivals": [
    0.8760217983651226,
    0.8760217983651226,
    0.8760217983651226,
    0.8760217983651226,
    0.8719346049046321,
    0.8719346049046321,
    0.8719346049046321,
    0.8719346049046321,
    0.8801089918256131,
    0.8801089918256131
  ],
  "curve1_survivals_length": 1320,
  "curve2_times": [
    0.0732159406858202,
    0.07414272474513438,
    0.07506950880444857,
    0.07599629286376275,
    0.08526413345690455,
    0.08619091751621873,
    0.0871177015755329,
    0.08804448563484708,
    0.08897126969416126,
    0.08989805375347544
  ],
  "curve2_times_length": 142,
  "curve2_survivals": [
    0.5248590466427473,
    0.5248590466427473,
    0.5248590466427473,
    0.5248590466427473,
    0.5233213736545361,
    0.5233213736545361,
    0.5233213736545361,
    0.5228088159917991,
    0.5228088159917991,
    0.5228088159917991
  ],
  "curve2_survivals_length": 142,
  "confidence": 0.85,
  "orientation_method": "text_hr_match",
  "text_hr": 0.87,
  "n_curves_found": 5,
  "n_pages_scanned": 5,
  "processing_time_s": 35.37,
  "warnings": [],
  "certification_status": "UNCERTIFIED",
  "pipeline_version": "1.4",
  "timestamp": "2026-02-17T09:49:27.099818+00:00"
}