{
  "pdf_path": "schmidt-et-al-laser-balloon-or-wide-area-circumferential-irrigated-radiofrequency-ablation-for-persistent-atrial.pdf",
  "pdf_name": "schmidt-et-al-laser-balloon-or-wide-area-circumferential-irrigated-radiofrequency-ablation-for-persistent-atrial.pdf",
  "hr": 0.931,
  "ci_lower": 0.594,
  "ci_upper": 1.456,
  "p_value": null,
  "hr_method": "derived_hr_match",
  "ipd_arm1": {
    "arm_label": "treatment",
    "arm_index": 1,
    "n_patients": 42,
    "n_events": 30,
    "n_censored": 12,
    "n_records": 42
  },
  "ipd_arm2": {
    "arm_label": "control",
    "arm_index": 0,
    "n_patients": 108,
    "n_events": 104,
    "n_censored": 4,
    "n_records": 108
  },
  "total_ipd_records": 150,
  "curve1_times": [
    0.0,
    0.0,
    0.0,
    0.0,
    0.0,
    0.0,
    0.0,
    0.0,
    0.0,
    0.0
  ],
  "curve1_times_length": 820,
  "curve1_survivals": [
    0.9545454545454546,
    0.9512987012987013,
    0.9577922077922078,
    0.948051948051948,
    0.9448051948051948,
    0.9188311688311688,
    0.9058441558441559,
    0.8831168831168831,
    0.8766233766233766,
    0.8733766233766234
  ],
  "curve1_survivals_length": 820,
  "curve2_times": [
    0.03225806451612903,
    0.033235581622678395,
    0.03421309872922776,
    0.03519061583577713,
    0.03616813294232649,
    0.03714565004887586,
    0.03812316715542522,
    0.039100684261974585,
    0.04007820136852395,
    0.04105571847507331
  ],
  "curve2_times_length": 780,
  "curve2_survivals": [
    1.0,
    1.0,
    1.0,
    1.0,
    1.0,
    1.0,
    1.0,
    1.0,
    1.0,
    1.0
  ],
  "curve2_survivals_length": 780,
  "confidence": 0.98,
  "orientation_method": "derived_hr_match",
  "text_hr": 0.926,
  "n_curves_found": 16,
  "n_pages_scanned": 10,
  "processing_time_s": 38.72,
  "warnings": [],
  "certification_status": "UNCERTIFIED",
  "pipeline_version": "1.4",
  "timestamp": "2026-02-17T13:05:08.180740+00:00"
}