{
  "pdf_path": "ehae331.pdf",
  "pdf_name": "ehae331.pdf",
  "hr": 1.0,
  "ci_lower": null,
  "ci_upper": null,
  "p_value": null,
  "hr_method": "text_hr_pair_fallback",
  "ipd_arm1": {
    "arm_label": "treatment",
    "arm_index": 1,
    "n_patients": 87,
    "n_events": 76,
    "n_censored": 11,
    "n_records": 87
  },
  "ipd_arm2": {
    "arm_label": "control",
    "arm_index": 0,
    "n_patients": 100,
    "n_events": 88,
    "n_censored": 12,
    "n_records": 100
  },
  "total_ipd_records": 187,
  "curve1_times": [
    0.0019704433497536944,
    0.002955665024630542,
    0.003940886699507389,
    0.0049261083743842365,
    0.005911330049261084,
    0.006896551724137931,
    0.007881773399014778,
    0.008866995073891626,
    0.009852216748768473,
    0.01083743842364532
  ],
  "curve1_times_length": 151,
  "curve1_survivals": [
    0.8087044534412955,
    0.8087044534412955,
    0.8087044534412955,
    0.8087044534412955,
    0.8087044534412955,
    0.8087044534412955,
    0.8087044534412955,
    0.8087044534412955,
    0.8087044534412955,
    0.8087044534412955
  ],
  "curve1_survivals_length": 151,
  "curve2_times": [
    0.0,
    0.0,
    0.0,
    0.0,
    0.0,
    0.0,
    0.0,
    0.0009852216748768472,
    0.0019704433497536944,
    0.002955665024630542
  ],
  "curve2_times_length": 240,
  "curve2_survivals": [
    0.9554655870445344,
    0.9554655870445344,
    0.9554655870445344,
    0.9554655870445344,
    0.9554655870445344,
    0.9554655870445344,
    0.9554655870445344,
    0.9554655870445344,
    0.9534412955465587,
    0.9524291497975709
  ],
  "curve2_survivals_length": 240,
  "confidence": 0.6,
  "orientation_method": "text_hr_pair_fallback",
  "text_hr": 1.0,
  "n_curves_found": 14,
  "n_pages_scanned": 11,
  "processing_time_s": 44.86,
  "warnings": [
    "Text HR match weak: extracted 1.428 vs text 1.0 (log-err=0.356)",
    "Curve HR diverged from text HR; using text HR while retaining the selected curve pair for IPD."
  ],
  "text_hr_context": "and 8.3% in patients with tricuspid AS (HR 1.0; 95% CI, 0.5-2.3) and 14.3% and 3.9% in patients with bi",
  "pair_description": "blue(p7) vs blue_2(p7)",
  "pair_rank": 7,
  "pair_quality_score": 160.0,
  "pair_orientation": "inverse",
  "certification_status": "UNCERTIFIED",
  "verification_level": "consistent",
  "verification_checks_passed": [
    "RANGE_PLAUSIBLE",
    "CI_ORDERED",
    "CI_CONTAINS_POINT",
    "LOG_SYMMETRY",
    "TEXT_HR_CONSISTENCY"
  ],
  "verification_checks_failed": [],
  "verification_hash": "d03c5b285236704d",
  "pipeline_version": "1.4",
  "timestamp": "2026-02-24T11:06:22.961883+00:00"
}