{
  "pdf_path": "jama_toff_2022_oi_220042_1652453123.78354.pdf",
  "pdf_name": "jama_toff_2022_oi_220042_1652453123.78354.pdf",
  "hr": 2.05,
  "ci_lower": 1.438,
  "ci_upper": 2.712,
  "p_value": null,
  "hr_method": "text_hr_snap",
  "ipd_arm1": {
    "arm_label": "treatment",
    "arm_index": 1,
    "n_patients": 100,
    "n_events": 91,
    "n_censored": 9,
    "n_records": 100
  },
  "ipd_arm2": {
    "arm_label": "control",
    "arm_index": 0,
    "n_patients": 100,
    "n_events": 97,
    "n_censored": 3,
    "n_records": 100
  },
  "total_ipd_records": 200,
  "curve1_times": [
    0.04506534474988734,
    0.04551599819738621,
    0.04596665164488508,
    0.04686795853988283,
    0.0473186119873817,
    0.047769265434880574,
    0.04821991888237945,
    0.04867057232987832,
    0.049121225777377195,
    0.04957187922487607
  ],
  "curve1_times_length": 926,
  "curve1_survivals": [
    0.9391965255157437,
    0.9391965255157437,
    0.9391965255157437,
    0.7687296416938111,
    0.7665580890336591,
    0.7665580890336591,
    0.7665580890336591,
    0.7665580890336591,
    0.7665580890336591,
    0.7665580890336591
  ],
  "curve1_survivals_length": 926,
  "curve2_times": [
    0.04506534474988734,
    0.04551599819738621,
    0.04596665164488508,
    0.04686795853988283,
    0.0473186119873817,
    0.047769265434880574,
    0.04821991888237945,
    0.04867057232987832,
    0.049121225777377195,
    0.05227579990986931
  ],
  "curve2_times_length": 321,
  "curve2_survivals": [
    1.0,
    1.0,
    1.0,
    0.9067258883248731,
    0.9067258883248731,
    0.9067258883248731,
    0.9067258883248731,
    0.9067258883248731,
    0.9067258883248731,
    0.881979695431472
  ],
  "curve2_survivals_length": 321,
  "confidence": 0.98,
  "orientation_method": "text_hr_snap",
  "text_hr": 2.05,
  "n_curves_found": 8,
  "n_pages_scanned": 12,
  "processing_time_s": 68.26,
  "warnings": [],
  "text_hr_context": "r implantation (14.2% vs 7.3%; adjusted HR, 2.05 [95% CI, 1.43 to 2.94]), and mild (38.3",
  "pair_description": "black_2(p3) vs black(p5)",
  "pair_rank": 8,
  "pair_quality_score": 142.0,
  "pair_orientation": "inverse",
  "certification_status": "UNCERTIFIED",
  "verification_level": "consistent",
  "verification_checks_passed": [
    "RANGE_PLAUSIBLE",
    "CI_ORDERED",
    "CI_CONTAINS_POINT",
    "LOG_SYMMETRY",
    "TEXT_HR_CONSISTENCY"
  ],
  "verification_checks_failed": [],
  "verification_hash": "760af50b3e13a298",
  "pipeline_version": "1.4",
  "timestamp": "2026-02-24T11:07:39.622864+00:00"
}