{
  "pdf_path": "C:\\Users\\user\\Downloads\\Ablation\\Cardiovasc electrophysiol - 2015 - HUNTER - Point\u2010by\u2010Point Radiofrequency Ablation Versus the Cryoballoon or a Novel.pdf",
  "pdf_name": "Cardiovasc electrophysiol - 2015 - HUNTER - Point\u2010by\u2010Point Radiofrequency Ablation Versus the Cryoballoon or a Novel.pdf",
  "hr": 0.583,
  "ci_lower": 0.416,
  "ci_upper": 0.816,
  "p_value": null,
  "hr_method": "derived_hr_match",
  "ipd_arm1": {
    "arm_label": "treatment",
    "arm_index": 1,
    "n_patients": 80,
    "n_events": 67,
    "n_censored": 13,
    "n_records": 80
  },
  "ipd_arm2": {
    "arm_label": "control",
    "arm_index": 0,
    "n_patients": 94,
    "n_events": 82,
    "n_censored": 12,
    "n_records": 94
  },
  "total_ipd_records": 174,
  "curve1_times": [
    0.22385356946959506,
    0.22460495765927552,
    0.22535634584895595,
    0.22610773403863638,
    0.2268591222283168,
    0.22761051041799724,
    0.22836189860767767,
    0.22911328679735812,
    0.22986467498703855,
    0.23061606317671898
  ],
  "curve1_times_length": 995,
  "curve1_survivals": [
    0.8648645335294839,
    0.4514159617506436,
    0.40820154468554615,
    0.3983940174083609,
    0.5203751379183523,
    0.5209881083731764,
    0.5231335049650607,
    0.5951575334068897,
    0.3603898492092681,
    0.3603898492092681
  ],
  "curve1_survivals_length": 995,
  "curve2_times": [
    0.04683882385741474,
    0.04724288548489416,
    0.047646947112373585,
    0.0549200564070032,
    0.05532411803448262,
    0.055728179661962036,
    0.05613224128944146,
    0.05653630291692088,
    0.05694036454440031,
    0.06178910407415339
  ],
  "curve2_times_length": 1145,
  "curve2_survivals": [
    0.891507024265645,
    0.891507024265645,
    0.891507024265645,
    0.8923052362707535,
    0.8923052362707535,
    0.8946998722860792,
    0.8923052362707535,
    0.8962962962962964,
    0.8899106002554279,
    0.891507024265645
  ],
  "curve2_survivals_length": 1145,
  "confidence": 0.6,
  "orientation_method": "derived_hr_match",
  "text_hr": 0.525,
  "n_curves_found": 13,
  "n_pages_scanned": 8,
  "processing_time_s": 114.55,
  "warnings": [],
  "certification_status": "UNCERTIFIED",
  "pipeline_version": "1.0",
  "timestamp": "2026-02-09T18:06:37.251417+00:00"
}