{
  "pdf_path": "C:\\Users\\user\\Downloads\\Ablation\\circ_circulationaha-2019-042622_supp1.pdf",
  "pdf_name": "circ_circulationaha-2019-042622_supp1.pdf",
  "hr": 1.023,
  "ci_lower": 0.763,
  "ci_upper": 1.373,
  "p_value": null,
  "hr_method": "closest_to_1",
  "ipd_arm1": {
    "arm_label": "treatment",
    "arm_index": 1,
    "n_patients": 100,
    "n_events": 89,
    "n_censored": 11,
    "n_records": 100
  },
  "ipd_arm2": {
    "arm_label": "control",
    "arm_index": 0,
    "n_patients": 100,
    "n_events": 89,
    "n_censored": 11,
    "n_records": 100
  },
  "total_ipd_records": 200,
  "curve1_times": [
    0.05364671999609487,
    0.05425689652016328,
    0.05486707304423169,
    0.05547724956830011,
    0.061579014808984235,
    0.062189191333052646,
    0.06279936785712106,
    0.06340954438118948,
    0.06401972090525788,
    0.0646298974293263
  ],
  "curve1_times_length": 215,
  "curve1_survivals": [
    0.9700481459582735,
    0.9700481459582735,
    0.9700481459582735,
    0.9700481459582735,
    0.9692034800236506,
    0.9687811470563392,
    0.9687811470563392,
    0.9683588140890278,
    0.9679364811217164,
    0.9679364811217164
  ],
  "curve1_survivals_length": 215,
  "curve2_times": [
    0.0,
    0.00056136240214294,
    0.005442774594690243,
    0.0060529511187586565,
    0.006663127642827069,
    0.007273304166895482,
    0.007883480690963895,
    0.009714010263169134,
    0.010324186787237549,
    0.010934363311305961
  ],
  "curve2_times_length": 660,
  "curve2_survivals": [
    0.973426809696765,
    0.973426809696765,
    0.9755384745333221,
    0.9755384745333221,
    0.9755384745333221,
    0.9742714756313878,
    0.9755384745333221,
    0.9768054734352564,
    0.9768054734352564,
    0.9768054734352564
  ],
  "curve2_survivals_length": 660,
  "confidence": 0.6,
  "orientation_method": "closest_to_1",
  "text_hr": null,
  "n_curves_found": 9,
  "n_pages_scanned": 9,
  "processing_time_s": 159.19,
  "warnings": [
    "No text HR found; orientation resolved by closest-to-1.0 prior (less reliable for extreme HRs)"
  ],
  "certification_status": "UNCERTIFIED",
  "pipeline_version": "1.0",
  "timestamp": "2026-02-09T18:13:37.622494+00:00"
}