{
  "pdf_path": "C:\\Users\\user\\Downloads\\Ablation\\euaf066.pdf",
  "pdf_name": "euaf066.pdf",
  "hr": 1.495,
  "ci_lower": 1.04,
  "ci_upper": 2.149,
  "p_value": null,
  "hr_method": "derived_hr_match",
  "ipd_arm1": {
    "arm_label": "treatment",
    "arm_index": 1,
    "n_patients": 84,
    "n_events": 74,
    "n_censored": 10,
    "n_records": 84
  },
  "ipd_arm2": {
    "arm_label": "control",
    "arm_index": 0,
    "n_patients": 62,
    "n_events": 52,
    "n_censored": 10,
    "n_records": 62
  },
  "total_ipd_records": 146,
  "curve1_times": [
    0.12616970851963152,
    0.12698412698412695,
    0.12779854544862237,
    0.12861296391311783,
    0.12942738237761325,
    0.13024180084210868,
    0.1310562193066041,
    0.13187063777109953,
    0.13268505623559496,
    0.13349947470009038
  ],
  "curve1_times_length": 396,
  "curve1_survivals": [
    0.857366482504604,
    0.8596685082872928,
    0.8619705340699816,
    0.8631215469613259,
    0.8642725598526704,
    0.8654235727440147,
    0.8677255985267035,
    0.8677255985267035,
    0.8688766114180478,
    0.8700276243093923
  ],
  "curve1_survivals_length": 396,
  "curve2_times": [
    0.16129470312412628,
    0.16209350811186463,
    0.16289231309960298,
    0.16369111808734133,
    0.16448992307507965,
    0.165288728062818,
    0.16608753305055635,
    0.1668863380382947,
    0.16768514302603302,
    0.16848394801377137
  ],
  "curve2_times_length": 988,
  "curve2_survivals": [
    0.8948183082411271,
    0.8948183082411271,
    0.8948183082411271,
    0.8948183082411271,
    0.8948183082411271,
    0.8948183082411271,
    0.8948183082411271,
    0.8948183082411271,
    0.8948183082411271,
    0.9090271479533225
  ],
  "curve2_survivals_length": 988,
  "confidence": 0.6,
  "orientation_method": "derived_hr_match",
  "text_hr": 1.476,
  "n_curves_found": 16,
  "n_pages_scanned": 8,
  "processing_time_s": 365.04,
  "warnings": [],
  "certification_status": "UNCERTIFIED",
  "pipeline_version": "1.0",
  "timestamp": "2026-02-09T18:23:48.917623+00:00"
}