{
  "pdf_path": "C:\\Users\\user\\Downloads\\Ablation\\eut104.pdf",
  "pdf_name": "eut104.pdf",
  "hr": 0.951,
  "ci_lower": 0.689,
  "ci_upper": 1.312,
  "p_value": null,
  "hr_method": "closest_to_1",
  "ipd_arm1": {
    "arm_label": "treatment",
    "arm_index": 1,
    "n_patients": 89,
    "n_events": 79,
    "n_censored": 10,
    "n_records": 89
  },
  "ipd_arm2": {
    "arm_label": "control",
    "arm_index": 0,
    "n_patients": 82,
    "n_events": 71,
    "n_censored": 11,
    "n_records": 82
  },
  "total_ipd_records": 171,
  "curve1_times": [
    0.16328360838197728,
    0.16408433223634164,
    0.16488505609070597,
    0.1656857799450703,
    0.16648650379943467,
    0.167287227653799,
    0.16808795150816336,
    0.1688886753625277,
    0.16968939921689205,
    0.17049012307125638
  ],
  "curve1_times_length": 199,
  "curve1_survivals": [
    0.9459699453551913,
    0.9459699453551913,
    0.9459699453551913,
    0.9459699453551913,
    0.9459699453551913,
    0.9459699453551913,
    0.9459699453551913,
    0.9459699453551913,
    0.9459699453551913,
    0.9459699453551913
  ],
  "curve1_survivals_length": 199,
  "curve2_times": [
    0.16328360838197728,
    0.16408433223634164,
    0.16488505609070597,
    0.1656857799450703,
    0.16648650379943467,
    0.167287227653799,
    0.16808795150816336,
    0.1688886753625277,
    0.16968939921689205,
    0.17049012307125638
  ],
  "curve2_times_length": 259,
  "curve2_survivals": [
    0.9459699453551913,
    0.9459699453551913,
    0.9459699453551913,
    0.9459699453551913,
    0.9459699453551913,
    0.9459699453551913,
    0.9459699453551913,
    0.9459699453551913,
    0.9459699453551913,
    0.9459699453551913
  ],
  "curve2_survivals_length": 259,
  "confidence": 0.6,
  "orientation_method": "closest_to_1",
  "text_hr": null,
  "n_curves_found": 17,
  "n_pages_scanned": 7,
  "processing_time_s": 178.72,
  "warnings": [
    "No text HR found; orientation resolved by closest-to-1.0 prior (less reliable for extreme HRs)"
  ],
  "certification_status": "UNCERTIFIED",
  "pipeline_version": "1.0",
  "timestamp": "2026-02-09T18:30:57.254973+00:00"
}