{
  "pdf_path": "euu064.pdf",
  "pdf_name": "euu064.pdf",
  "hr": 0.991,
  "ci_lower": 0.641,
  "ci_upper": 1.531,
  "p_value": null,
  "hr_method": "derived_hr_match",
  "ipd_arm1": {
    "arm_label": "treatment",
    "arm_index": 1,
    "n_patients": 37,
    "n_events": 27,
    "n_censored": 10,
    "n_records": 37
  },
  "ipd_arm2": {
    "arm_label": "control",
    "arm_index": 0,
    "n_patients": 100,
    "n_events": 91,
    "n_censored": 9,
    "n_records": 100
  },
  "total_ipd_records": 137,
  "curve1_times": [
    0.0765639589169001,
    0.07749766573295985,
    0.0784313725490196,
    0.07936507936507936,
    0.08029878618113913,
    0.08123249299719888,
    0.08216619981325864,
    0.08309990662931839,
    0.08403361344537816,
    0.08496732026143791
  ],
  "curve1_times_length": 1050,
  "curve1_survivals": [
    0.911062906724512,
    0.911062906724512,
    0.911062906724512,
    0.911062906724512,
    0.911062906724512,
    0.911062906724512,
    0.911062906724512,
    0.911062906724512,
    0.911062906724512,
    0.911062906724512
  ],
  "curve1_survivals_length": 1050,
  "curve2_times": [
    0.08029878618113913,
    0.08123249299719888,
    0.08216619981325864,
    0.08309990662931839,
    0.08403361344537816,
    0.08496732026143791,
    0.08590102707749767,
    0.08683473389355742,
    0.08776844070961717,
    0.08870214752567694
  ],
  "curve2_times_length": 534,
  "curve2_survivals": [
    0.972885032537961,
    0.972885032537961,
    0.9739696312364425,
    0.9750542299349241,
    0.9761388286334056,
    0.9761388286334056,
    0.9663774403470716,
    0.9674620390455532,
    0.9674620390455532,
    0.9674620390455532
  ],
  "curve2_survivals_length": 534,
  "confidence": 0.6,
  "orientation_method": "derived_hr_match",
  "text_hr": 0.881,
  "n_curves_found": 13,
  "n_pages_scanned": 9,
  "processing_time_s": 151.05,
  "warnings": [],
  "certification_status": "UNCERTIFIED",
  "pipeline_version": "1.0",
  "timestamp": "2026-02-14T17:22:14.185139+00:00"
}