{
  "pdf_path": "C:\\Users\\user\\Downloads\\Ablation\\pak-et-al-cryoballoon-versus-high-power-short-duration-radiofrequency-ablation-for-pulmonary-vein-isolation-in-patients.pdf",
  "pdf_name": "pak-et-al-cryoballoon-versus-high-power-short-duration-radiofrequency-ablation-for-pulmonary-vein-isolation-in-patients.pdf",
  "hr": 0.897,
  "ci_lower": 0.636,
  "ci_upper": 1.266,
  "p_value": null,
  "hr_method": "derived_hr_match",
  "ipd_arm1": {
    "arm_label": "treatment",
    "arm_index": 1,
    "n_patients": 75,
    "n_events": 63,
    "n_censored": 12,
    "n_records": 75
  },
  "ipd_arm2": {
    "arm_label": "control",
    "arm_index": 0,
    "n_patients": 77,
    "n_events": 67,
    "n_censored": 10,
    "n_records": 77
  },
  "total_ipd_records": 152,
  "curve1_times": [
    0.0674217600234171,
    0.06823485409026969,
    0.0690479481571223,
    0.06986104222397489,
    0.07067413629082749,
    0.07148723035768008,
    0.07230032442453267,
    0.07311341849138527,
    0.07392651255823786,
    0.07473960662509045
  ],
  "curve1_times_length": 886,
  "curve1_survivals": [
    0.9629242819843342,
    0.9629242819843342,
    0.9629242819843342,
    0.9669411528419362,
    0.9689495882707371,
    0.9689495882707371,
    0.9207471379795139,
    0.9609158465555332,
    0.9609158465555332,
    0.9568989756979314
  ],
  "curve1_survivals_length": 886,
  "curve2_times": [
    0.0674217600234171,
    0.06823485409026969,
    0.0690479481571223,
    0.06986104222397489,
    0.07067413629082749,
    0.07148723035768008,
    0.07230032442453267,
    0.07311341849138527,
    0.07392651255823786,
    0.07473960662509045
  ],
  "curve2_times_length": 1042,
  "curve2_survivals": [
    0.9097007431211086,
    0.9097007431211086,
    0.9097007431211086,
    0.9197429202651135,
    0.945852580839526,
    0.945852580839526,
    0.9709580236995381,
    0.918738702550713,
    0.918738702550713,
    0.8655151636874875
  ],
  "curve2_survivals_length": 1042,
  "confidence": 0.7,
  "orientation_method": "derived_hr_match",
  "text_hr": 0.954,
  "n_curves_found": 21,
  "n_pages_scanned": 11,
  "processing_time_s": 159.33,
  "warnings": [],
  "certification_status": "UNCERTIFIED",
  "pipeline_version": "1.0",
  "timestamp": "2026-02-09T18:44:50.765274+00:00"
}