{
  "pdf_path": "C:\\Users\\user\\Downloads\\Ablation\\reddy-et-al-pulsed-field-vs-conventional-thermal-ablation-for-paroxysmal-atrial-fibrillation.pdf",
  "pdf_name": "reddy-et-al-pulsed-field-vs-conventional-thermal-ablation-for-paroxysmal-atrial-fibrillation.pdf",
  "hr": 1.0,
  "ci_lower": 0.642,
  "ci_upper": 1.557,
  "p_value": null,
  "hr_method": "derived_hr_match",
  "ipd_arm1": {
    "arm_label": "treatment",
    "arm_index": 1,
    "n_patients": 51,
    "n_events": 40,
    "n_censored": 11,
    "n_records": 51
  },
  "ipd_arm2": {
    "arm_label": "control",
    "arm_index": 0,
    "n_patients": 51,
    "n_events": 40,
    "n_censored": 11,
    "n_records": 51
  },
  "total_ipd_records": 102,
  "curve1_times": [
    0.2624987216481528,
    0.26291543396507505,
    0.26333214628199725,
    0.26374885859891944,
    0.2641655709158417,
    0.2645822832327639,
    0.2649989955496861,
    0.26541570786660834,
    0.26583242018353054,
    0.2662491325004528
  ],
  "curve1_times_length": 459,
  "curve1_survivals": [
    0.8136250217533508,
    0.8136250217533508,
    0.8136250217533508,
    0.8136250217533508,
    0.8136250217533508,
    0.8136250217533508,
    0.8136250217533508,
    0.8136250217533508,
    0.8136250217533508,
    0.8136250217533508
  ],
  "curve1_survivals_length": 459,
  "curve2_times": [
    0.2624987216481528,
    0.26291543396507505,
    0.26333214628199725,
    0.26374885859891944,
    0.2641655709158417,
    0.2645822832327639,
    0.2649989955496861,
    0.26541570786660834,
    0.26583242018353054,
    0.2662491325004528
  ],
  "curve2_times_length": 435,
  "curve2_survivals": [
    0.8036043228853122,
    0.8036043228853122,
    0.8036043228853122,
    0.8036043228853122,
    0.8036043228853122,
    0.8036043228853122,
    0.8036043228853122,
    0.8036043228853122,
    0.8036043228853122,
    0.8036043228853122
  ],
  "curve2_survivals_length": 435,
  "confidence": 0.65,
  "orientation_method": "derived_hr_match",
  "text_hr": 0.918,
  "n_curves_found": 19,
  "n_pages_scanned": 12,
  "processing_time_s": 124.74,
  "warnings": [],
  "certification_status": "UNCERTIFIED",
  "pipeline_version": "1.0",
  "timestamp": "2026-02-09T18:49:39.790215+00:00"
}