{
  "pdf_path": "s12872-017-0566-6.pdf",
  "pdf_name": "s12872-017-0566-6.pdf",
  "hr": 1.134,
  "ci_lower": 0.75,
  "ci_upper": 1.713,
  "p_value": null,
  "hr_method": "derived_hr_match",
  "ipd_arm1": {
    "arm_label": "treatment",
    "arm_index": 1,
    "n_patients": 46,
    "n_events": 35,
    "n_censored": 11,
    "n_records": 46
  },
  "ipd_arm2": {
    "arm_label": "control",
    "arm_index": 0,
    "n_patients": 100,
    "n_events": 95,
    "n_censored": 5,
    "n_records": 100
  },
  "total_ipd_records": 146,
  "curve1_times": [
    0.0,
    0.0,
    0.0,
    0.0,
    0.0,
    0.0,
    0.0,
    0.0,
    0.0,
    0.0
  ],
  "curve1_times_length": 972,
  "curve1_survivals": [
    0.44086429112964365,
    0.4977255496588324,
    0.5496588324488249,
    0.5348749052312358,
    0.533737680060652,
    0.42039423805913567,
    0.33169067475360126,
    0.4984836997725549,
    0.4988627748294162,
    0.4988627748294162
  ],
  "curve1_survivals_length": 972,
  "curve2_times": [
    0.2977346278317152,
    0.29854368932038833,
    0.2993527508090615,
    0.3284789644012945,
    0.32928802588996764,
    0.3300970873786408,
    0.33414239482200647,
    0.33495145631067963,
    0.33576051779935273,
    0.3551779935275081
  ],
  "curve2_times_length": 120,
  "curve2_survivals": [
    1.0,
    1.0,
    1.0,
    0.9866220735785953,
    0.9866220735785953,
    0.9866220735785953,
    0.9866220735785953,
    0.9866220735785953,
    0.9866220735785953,
    0.8561872909698997
  ],
  "curve2_survivals_length": 120,
  "confidence": 0.65,
  "orientation_method": "derived_hr_match",
  "text_hr": 1.056,
  "n_curves_found": 2,
  "n_pages_scanned": 8,
  "processing_time_s": 47.8,
  "warnings": [],
  "certification_status": "UNCERTIFIED",
  "pipeline_version": "1.0",
  "timestamp": "2026-02-14T17:27:54.226071+00:00"
}