{
  "pdf_path": "C:\\Users\\user\\Downloads\\Ablation\\s12872-017-0566-6.pdf",
  "pdf_name": "s12872-017-0566-6.pdf",
  "hr": 1.056,
  "ci_lower": null,
  "ci_upper": null,
  "p_value": null,
  "hr_method": "derived_hr_fallback",
  "ipd_arm1": {
    "arm_label": "treatment",
    "arm_index": 1,
    "n_patients": 82,
    "n_events": 72,
    "n_censored": 10,
    "n_records": 82
  },
  "ipd_arm2": {
    "arm_label": "control",
    "arm_index": 0,
    "n_patients": 89,
    "n_events": 78,
    "n_censored": 11,
    "n_records": 89
  },
  "total_ipd_records": 171,
  "curve1_times": [
    0.01825519237676689,
    0.01895948220611746,
    0.019663772035468034,
    0.02036806186481861,
    0.023185221182220907,
    0.023889511011571482,
    0.024593800840922057,
    0.02529809067027263,
    0.026002380499623202,
    0.026706670328973777
  ],
  "curve1_times_length": 304,
  "curve1_survivals": [
    0.7812638580931264,
    0.7313747228381375,
    0.7313747228381375,
    0.14101995565410197,
    0.7840354767184036,
    0.7840354767184036,
    0.7840354767184036,
    0.7701773835920177,
    0.7701773835920177,
    0.7701773835920177
  ],
  "curve1_survivals_length": 304,
  "curve2_times": [
    0.3387070647312782,
    0.33941135456062876,
    0.3401156443899793,
    0.3654700782466,
    0.36617436807595055,
    0.3668786579053011,
    0.370400107052054,
    0.37110439688140456,
    0.3718086867107552,
    0.38871164261516894
  ],
  "curve2_times_length": 120,
  "curve2_survivals": [
    0.9329747175901022,
    0.9329747175901022,
    0.9329747175901022,
    0.9195266272189349,
    0.9195266272189349,
    0.9195266272189349,
    0.9222162452931684,
    0.9222162452931684,
    0.9222162452931684,
    0.809252286175363
  ],
  "curve2_survivals_length": 120,
  "confidence": 0.65,
  "orientation_method": "derived_hr_fallback",
  "text_hr": 1.056,
  "n_curves_found": 2,
  "n_pages_scanned": 8,
  "processing_time_s": 61.26,
  "warnings": [
    "Text HR match weak: extracted 2.909 vs text 1.056 (log-err=1.013)",
    "Used derived HR from event rates (curve extraction failed: 2.909 vs derived 1.056)"
  ],
  "certification_status": "UNCERTIFIED",
  "pipeline_version": "1.0",
  "timestamp": "2026-02-09T18:50:41.080023+00:00"
}