{
  "pdf_path": "C:\\Users\\user\\Downloads\\Ablation\\schmidt-et-al-laser-balloon-or-wide-area-circumferential-irrigated-radiofrequency-ablation-for-persistent-atrial.pdf",
  "pdf_name": "schmidt-et-al-laser-balloon-or-wide-area-circumferential-irrigated-radiofrequency-ablation-for-persistent-atrial.pdf",
  "hr": 0.948,
  "ci_lower": 0.686,
  "ci_upper": 1.311,
  "p_value": null,
  "hr_method": "derived_hr_match",
  "ipd_arm1": {
    "arm_label": "treatment",
    "arm_index": 1,
    "n_patients": 95,
    "n_events": 70,
    "n_censored": 25,
    "n_records": 95
  },
  "ipd_arm2": {
    "arm_label": "control",
    "arm_index": 0,
    "n_patients": 97,
    "n_events": 78,
    "n_censored": 19,
    "n_records": 97
  },
  "total_ipd_records": 192,
  "curve1_times": [
    0.12344364844577088,
    0.12429551940546084,
    0.1251473903651508,
    0.12599926132484077,
    0.14303668051863996,
    0.1438885514783299,
    0.14474042243801988,
    0.16262971259150902,
    0.163481583551199,
    0.16433345451088893
  ],
  "curve1_times_length": 800,
  "curve1_survivals": [
    0.9454258046462722,
    0.9454258046462722,
    0.9454258046462722,
    0.9454258046462722,
    0.9454258046462722,
    0.9454258046462722,
    0.9454258046462722,
    0.941221321182965,
    0.941221321182965,
    0.941221321182965
  ],
  "curve1_survivals_length": 800,
  "curve2_times": [
    0.10725810021166163,
    0.1081099711713516,
    0.10896184213104156,
    0.10981371309073153,
    0.11066558405042148,
    0.11151745501011144,
    0.1123693259698014,
    0.11322119692949137,
    0.11407306788918133,
    0.11492493884887128
  ],
  "curve2_times_length": 780,
  "curve2_survivals": [
    0.9454258046462722,
    0.9454258046462722,
    0.9454258046462722,
    0.9454258046462722,
    0.9454258046462722,
    0.9454258046462722,
    0.9454258046462722,
    0.9454258046462722,
    0.9454258046462722,
    0.9454258046462722
  ],
  "curve2_survivals_length": 780,
  "confidence": 0.7,
  "orientation_method": "derived_hr_match",
  "text_hr": 0.926,
  "n_curves_found": 14,
  "n_pages_scanned": 10,
  "processing_time_s": 120.32,
  "warnings": [],
  "certification_status": "UNCERTIFIED",
  "pipeline_version": "1.0",
  "timestamp": "2026-02-09T18:52:41.476708+00:00"
}