{
  "pdf_path": "C:\\Users\\user\\Downloads\\Ablation\\Supplemental Table 6.pdf",
  "pdf_name": "Supplemental Table 6.pdf",
  "hr": 0.926,
  "ci_lower": 0.669,
  "ci_upper": 1.283,
  "p_value": null,
  "hr_method": "closest_to_1",
  "ipd_arm1": {
    "arm_label": "treatment",
    "arm_index": 1,
    "n_patients": 82,
    "n_events": 69,
    "n_censored": 13,
    "n_records": 82
  },
  "ipd_arm2": {
    "arm_label": "control",
    "arm_index": 0,
    "n_patients": 91,
    "n_events": 77,
    "n_censored": 14,
    "n_records": 91
  },
  "total_ipd_records": 173,
  "curve1_times": [
    0.0835036646169898,
    0.08378873789507593,
    0.08407381117316207,
    0.0843588844512482,
    0.08464395772933433,
    0.08492903100742047,
    0.0852141042855066,
    0.08549917756359272,
    0.08578425084167886,
    0.08606932411976499
  ],
  "curve1_times_length": 2084,
  "curve1_survivals": [
    0.8536960378474276,
    0.8529568302779421,
    0.6785038438793614,
    0.6755470136014193,
    0.6104967474866944,
    0.6053222945002958,
    0.6038438793613248,
    0.6045830869308102,
    0.3162921348314608,
    0.25863394441159093
  ],
  "curve1_survivals_length": 2084,
  "curve2_times": [
    0.04359340568493131,
    0.04387847896301744,
    0.044163552241103576,
    0.044448625519189704,
    0.04473369879727584,
    0.04501877207536197,
    0.0453038453534481,
    0.045588918631534234,
    0.04587399190962037,
    0.046159065187706495
  ],
  "curve2_times_length": 2499,
  "curve2_survivals": [
    0.8457882603298458,
    0.8457882603298458,
    0.8457882603298458,
    0.8457882603298458,
    0.8457882603298458,
    0.8440148962582018,
    0.8431282142223799,
    0.842241532186558,
    0.842241532186558,
    0.841354850150736
  ],
  "curve2_survivals_length": 2499,
  "confidence": 0.6,
  "orientation_method": "closest_to_1",
  "text_hr": null,
  "n_curves_found": 3,
  "n_pages_scanned": 2,
  "processing_time_s": 22.32,
  "warnings": [
    "No text HR found; orientation resolved by closest-to-1.0 prior (less reliable for extreme HRs)"
  ],
  "certification_status": "UNCERTIFIED",
  "pipeline_version": "1.0",
  "timestamp": "2026-02-09T18:58:55.682666+00:00"
}