{
  "pdf_path": "1-s2.0-S2666501824001533-main.pdf",
  "pdf_name": "1-s2.0-S2666501824001533-main.pdf",
  "hr": 1.0,
  "ci_lower": 0.104,
  "ci_upper": 9.614,
  "p_value": null,
  "hr_method": "closest_to_1",
  "ipd_arm1": {
    "arm_label": "treatment",
    "arm_index": 1,
    "n_patients": 13,
    "n_events": 3,
    "n_censored": 10,
    "n_records": 13
  },
  "ipd_arm2": {
    "arm_label": "control",
    "arm_index": 0,
    "n_patients": 10,
    "n_events": 0,
    "n_censored": 10,
    "n_records": 10
  },
  "total_ipd_records": 23,
  "curve1_times": [
    0.0,
    0.0,
    0.0,
    0.0,
    0.0,
    0.0,
    0.0,
    0.0,
    0.0,
    0.0
  ],
  "curve1_times_length": 986,
  "curve1_survivals": [
    1.0,
    0.967032967032967,
    0.6802197802197802,
    0.6230769230769231,
    0.567032967032967,
    0.1901098901098901,
    0.1901098901098901,
    0.1901098901098901,
    0.1901098901098901,
    0.1901098901098901
  ],
  "curve1_survivals_length": 986,
  "curve2_times": [
    0.0,
    0.0,
    0.0,
    0.0,
    0.0,
    0.0,
    0.0,
    0.0,
    0.0,
    0.0
  ],
  "curve2_times_length": 986,
  "curve2_survivals": [
    1.0,
    0.945054945054945,
    0.6582417582417582,
    0.6010989010989011,
    0.5450549450549451,
    0.1901098901098901,
    0.1901098901098901,
    0.1901098901098901,
    0.1901098901098901,
    0.1901098901098901
  ],
  "curve2_survivals_length": 986,
  "confidence": 0.78,
  "orientation_method": "closest_to_1",
  "text_hr": null,
  "n_curves_found": 8,
  "n_pages_scanned": 8,
  "processing_time_s": 93.0,
  "warnings": [
    "No text HR found; orientation resolved by closest-to-1.0 prior (less reliable for extreme HRs)"
  ],
  "text_hr_context": "",
  "pair_description": "black(p1) vs black_2(p1)",
  "pair_rank": 1,
  "pair_quality_score": 208.0,
  "pair_orientation": "forward",
  "certification_status": "UNCERTIFIED",
  "verification_level": "consistent",
  "verification_checks_passed": [
    "RANGE_PLAUSIBLE",
    "CI_ORDERED",
    "CI_CONTAINS_POINT",
    "LOG_SYMMETRY"
  ],
  "verification_checks_failed": [],
  "verification_hash": "ab3cf87bd8be7d35",
  "pipeline_version": "1.4",
  "timestamp": "2026-02-23T20:42:35.275096+00:00"
}