{
  "pdf_path": "40001_2025_Article_2911.pdf",
  "pdf_name": "40001_2025_Article_2911.pdf",
  "hr": 8.8,
  "ci_lower": null,
  "ci_upper": null,
  "p_value": null,
  "hr_method": "text_hr_pair_fallback",
  "ipd_arm1": {
    "arm_label": "treatment",
    "arm_index": 1,
    "n_patients": 100,
    "n_events": 94,
    "n_censored": 6,
    "n_records": 100
  },
  "ipd_arm2": {
    "arm_label": "control",
    "arm_index": 0,
    "n_patients": 65,
    "n_events": 55,
    "n_censored": 10,
    "n_records": 65
  },
  "total_ipd_records": 165,
  "curve1_times": [
    0.0,
    0.0,
    0.0,
    0.0,
    0.0,
    0.0,
    0.0,
    0.0,
    0.0,
    0.0
  ],
  "curve1_times_length": 362,
  "curve1_survivals": [
    0.9696969696969697,
    0.9696969696969697,
    0.9696969696969697,
    0.9696969696969697,
    0.9696969696969697,
    0.9696969696969697,
    0.4895104895104895,
    0.4895104895104895,
    0.4895104895104895,
    0.4895104895104895
  ],
  "curve1_survivals_length": 362,
  "curve2_times": [
    0.5176886792452831,
    0.5182783018867925,
    0.5188679245283019,
    0.5194575471698113,
    0.5200471698113207,
    0.777122641509434,
    0.7777122641509434,
    0.7783018867924528,
    0.7788915094339622,
    0.7794811320754716
  ],
  "curve2_times_length": 106,
  "curve2_survivals": [
    0.977859778597786,
    0.9760147601476015,
    0.9760147601476015,
    0.9760147601476015,
    0.9760147601476015,
    0.4206642066420664,
    0.4206642066420664,
    0.4206642066420664,
    0.4206642066420664,
    0.4206642066420664
  ],
  "curve2_survivals_length": 106,
  "confidence": 0.6,
  "orientation_method": "text_hr_pair_fallback",
  "text_hr": 8.8,
  "n_curves_found": 14,
  "n_pages_scanned": 11,
  "processing_time_s": 113.48,
  "warnings": [
    "Curve HR diverged from text HR; using text HR while retaining the selected curve pair for IPD.",
    "Extreme HR=8.800: manual review recommended"
  ],
  "text_hr_context": "tegies (29.3% vs. 3.0% over 12 months, HR 8.8, 95% CI 4.2- 18.4, P < 0.001). In subgroup analyses strat",
  "pair_description": "black(p5) vs blue(p6)",
  "pair_rank": 8,
  "pair_quality_score": 168.0,
  "pair_orientation": "forward",
  "certification_status": "UNCERTIFIED",
  "verification_level": "consistent",
  "verification_checks_passed": [
    "RANGE_PLAUSIBLE",
    "CI_ORDERED",
    "CI_CONTAINS_POINT",
    "LOG_SYMMETRY",
    "TEXT_HR_CONSISTENCY"
  ],
  "verification_checks_failed": [],
  "verification_hash": "fd470f88f26311d1",
  "pipeline_version": "1.4",
  "timestamp": "2026-02-23T20:44:50.922438+00:00"
}