{
  "pdf_path": "Cardiovasc electrophysiol - 2015 - HUNTER - Point\u2010by\u2010Point Radiofrequency Ablation Versus the Cryoballoon or a Novel.pdf",
  "pdf_name": "Cardiovasc electrophysiol - 2015 - HUNTER - Point\u2010by\u2010Point Radiofrequency Ablation Versus the Cryoballoon or a Novel.pdf",
  "hr": 0.503,
  "ci_lower": 0.367,
  "ci_upper": 0.689,
  "p_value": null,
  "hr_method": "derived_hr_match",
  "ipd_arm1": {
    "arm_label": "treatment",
    "arm_index": 1,
    "n_patients": 93,
    "n_events": 83,
    "n_censored": 10,
    "n_records": 93
  },
  "ipd_arm2": {
    "arm_label": "control",
    "arm_index": 0,
    "n_patients": 100,
    "n_events": 94,
    "n_censored": 6,
    "n_records": 100
  },
  "total_ipd_records": 193,
  "curve1_times": [
    0.0,
    0.0,
    0.0,
    0.0,
    0.0,
    0.0,
    0.0,
    0.00392156862745098,
    0.00784313725490196,
    0.011764705882352941
  ],
  "curve1_times_length": 138,
  "curve1_survivals": [
    0.8457627118644068,
    0.8457627118644068,
    0.8457627118644068,
    0.8457627118644068,
    0.8457627118644068,
    0.8457627118644068,
    0.8457627118644068,
    0.8457627118644068,
    0.8457627118644068,
    0.8457627118644068
  ],
  "curve1_survivals_length": 138,
  "curve2_times": [
    0.0,
    0.0,
    0.0,
    0.0,
    0.0,
    0.0,
    0.0,
    0.0,
    0.0,
    0.0
  ],
  "curve2_times_length": 1145,
  "curve2_survivals": [
    0.9641076769690927,
    0.9641076769690927,
    0.9641076769690927,
    0.9641076769690927,
    0.9641076769690927,
    0.9641076769690927,
    0.9641076769690927,
    0.9641076769690927,
    0.9621136590229312,
    0.9621136590229312
  ],
  "curve2_survivals_length": 1145,
  "confidence": 0.91,
  "orientation_method": "derived_hr_match",
  "text_hr": 0.525,
  "n_curves_found": 6,
  "n_pages_scanned": 8,
  "processing_time_s": 84.91,
  "warnings": [],
  "text_hr_context": "[DERIVED from 68.0% vs 48.0%] ocal ablation to isolate PVs. Freedom from AF was 68% with RFCA and 48% with CRYO (P = 0.05). However",
  "pair_description": "blue(p4) vs black(p5)",
  "pair_rank": 3,
  "pair_quality_score": 133.0,
  "pair_orientation": "forward",
  "certification_status": "UNCERTIFIED",
  "verification_level": "consistent",
  "verification_checks_passed": [
    "RANGE_PLAUSIBLE",
    "CI_ORDERED",
    "CI_CONTAINS_POINT",
    "LOG_SYMMETRY",
    "TEXT_HR_CONSISTENCY"
  ],
  "verification_checks_failed": [],
  "verification_hash": "6edff67058dc8b24",
  "pipeline_version": "1.4",
  "timestamp": "2026-02-23T20:11:20.162167+00:00"
}