{
  "pdf_path": "circ_circulationaha-2019-042622_supp1.pdf",
  "pdf_name": "circ_circulationaha-2019-042622_supp1.pdf",
  "hr": 1.008,
  "ci_lower": 0.717,
  "ci_upper": 1.415,
  "p_value": null,
  "hr_method": "closest_to_1",
  "ipd_arm1": {
    "arm_label": "treatment",
    "arm_index": 1,
    "n_patients": 101,
    "n_events": 96,
    "n_censored": 5,
    "n_records": 101
  },
  "ipd_arm2": {
    "arm_label": "control",
    "arm_index": 0,
    "n_patients": 68,
    "n_events": 57,
    "n_censored": 11,
    "n_records": 68
  },
  "total_ipd_records": 169,
  "curve1_times": [
    0.00946372239747634,
    0.009914375844975214,
    0.010365029292474088,
    0.010815682739972961,
    0.011266336187471835,
    0.011716989634970707,
    0.01216764308246958,
    0.012618296529968454,
    0.013068949977467327,
    0.013519603424966201
  ],
  "curve1_times_length": 2079,
  "curve1_survivals": [
    1.0,
    0.6868583162217659,
    0.5693018480492813,
    0.5693018480492813,
    0.5693018480492813,
    0.5693018480492813,
    0.5693018480492813,
    0.5693018480492813,
    0.5693018480492813,
    0.5693018480492813
  ],
  "curve1_survivals_length": 2079,
  "curve2_times": [
    0.00946372239747634,
    0.009914375844975214,
    0.010365029292474088,
    0.010815682739972961,
    0.011266336187471835,
    0.011716989634970707,
    0.01216764308246958,
    0.012618296529968454,
    0.013068949977467327,
    0.013519603424966201
  ],
  "curve2_times_length": 2097,
  "curve2_survivals": [
    0.5983827493261455,
    0.5983827493261455,
    0.4285714285714286,
    0.2560646900269542,
    0.2560646900269542,
    0.2560646900269542,
    0.2560646900269542,
    0.2560646900269542,
    0.2560646900269542,
    0.2560646900269542
  ],
  "curve2_survivals_length": 2097,
  "confidence": 0.59,
  "orientation_method": "closest_to_1",
  "text_hr": null,
  "n_curves_found": 5,
  "n_pages_scanned": 9,
  "processing_time_s": 66.57,
  "warnings": [
    "No text HR found; orientation resolved by closest-to-1.0 prior (less reliable for extreme HRs)"
  ],
  "text_hr_context": "",
  "pair_description": "black(p2) vs black(p4)",
  "pair_rank": 8,
  "pair_quality_score": 115.0,
  "pair_orientation": "forward",
  "certification_status": "UNCERTIFIED",
  "verification_level": "consistent",
  "verification_checks_passed": [
    "RANGE_PLAUSIBLE",
    "CI_ORDERED",
    "CI_CONTAINS_POINT",
    "LOG_SYMMETRY"
  ],
  "verification_checks_failed": [],
  "verification_hash": "1c28b51fe4e34dca",
  "pipeline_version": "1.4",
  "timestamp": "2026-02-23T20:49:50.921324+00:00"
}