{
  "pdf_path": "ehaf451.pdf",
  "pdf_name": "ehaf451.pdf",
  "hr": 0.99,
  "ci_lower": 0.407,
  "ci_upper": 2.458,
  "p_value": null,
  "hr_method": "text_hr_snap",
  "ipd_arm1": {
    "arm_label": "treatment",
    "arm_index": 1,
    "n_patients": 54,
    "n_events": 12,
    "n_censored": 42,
    "n_records": 54
  },
  "ipd_arm2": {
    "arm_label": "control",
    "arm_index": 0,
    "n_patients": 54,
    "n_events": 16,
    "n_censored": 38,
    "n_records": 54
  },
  "total_ipd_records": 108,
  "curve1_times": [
    0.0,
    0.0,
    0.0,
    0.0,
    0.0,
    0.0,
    0.0,
    0.0,
    0.0,
    0.0
  ],
  "curve1_times_length": 1430,
  "curve1_survivals": [
    1.0,
    1.0,
    1.0,
    1.0,
    1.0,
    1.0,
    1.0,
    1.0,
    1.0,
    1.0
  ],
  "curve1_survivals_length": 1430,
  "curve2_times": [
    0.22280570142535633,
    0.22355588897224307,
    0.2243060765191298,
    0.2250562640660165,
    0.22580645161290322,
    0.22655663915978994,
    0.22730682670667668,
    0.2280570142535634,
    0.2288072018004501,
    0.22955738934733683
  ],
  "curve2_times_length": 930,
  "curve2_survivals": [
    0.9776785714285714,
    0.9776785714285714,
    0.96875,
    0.96875,
    0.9665178571428571,
    0.9642857142857143,
    0.9620535714285714,
    0.953125,
    0.9508928571428571,
    0.9486607142857143
  ],
  "curve2_survivals_length": 930,
  "confidence": 0.98,
  "orientation_method": "text_hr_snap",
  "text_hr": 0.99,
  "n_curves_found": 20,
  "n_pages_scanned": 12,
  "processing_time_s": 84.89,
  "warnings": [],
  "text_hr_context": "rvival (%) Days since catheter ablation Hazard ratio 0.99 (95% CI 0.69-1.43) P = 0.96 by log-rank test Cryoballoon",
  "pair_description": "red(p7) vs blue(p7)",
  "pair_rank": 4,
  "pair_quality_score": 220.0,
  "pair_orientation": "forward",
  "certification_status": "UNCERTIFIED",
  "verification_level": "consistent",
  "verification_checks_passed": [
    "RANGE_PLAUSIBLE",
    "CI_ORDERED",
    "CI_CONTAINS_POINT",
    "LOG_SYMMETRY",
    "TEXT_HR_CONSISTENCY"
  ],
  "verification_checks_failed": [],
  "verification_hash": "821747c725ca340b",
  "pipeline_version": "1.4",
  "timestamp": "2026-02-23T20:52:01.911406+00:00"
}