{
  "pdf_path": "euaf066.pdf",
  "pdf_name": "euaf066.pdf",
  "hr": 1.476,
  "ci_lower": null,
  "ci_upper": null,
  "p_value": null,
  "hr_method": "derived_hr_fallback",
  "ipd_arm1": {
    "arm_label": "treatment",
    "arm_index": 1,
    "n_patients": 75,
    "n_events": 64,
    "n_censored": 11,
    "n_records": 75
  },
  "ipd_arm2": {
    "arm_label": "control",
    "arm_index": 0,
    "n_patients": 75,
    "n_events": 63,
    "n_censored": 12,
    "n_records": 75
  },
  "total_ipd_records": 150,
  "curve1_times": [
    0.07483629560336763,
    0.07577174929840973,
    0.07670720299345182,
    0.07764265668849392,
    0.07857811038353602,
    0.07951356407857811,
    0.08044901777362021,
    0.0813844714686623,
    0.0823199251637044,
    0.0832553788587465
  ],
  "curve1_times_length": 1000,
  "curve1_survivals": [
    0.6629098360655737,
    0.6629098360655737,
    0.6629098360655737,
    0.6629098360655737,
    0.6629098360655737,
    0.6629098360655737,
    0.6629098360655737,
    0.6629098360655737,
    0.6629098360655737,
    0.6629098360655737
  ],
  "curve1_survivals_length": 1000,
  "curve2_times": [
    0.07483629560336763,
    0.07577174929840973,
    0.07670720299345182,
    0.07764265668849392,
    0.07857811038353602,
    0.07951356407857811,
    0.08044901777362021,
    0.0813844714686623,
    0.0823199251637044,
    0.0832553788587465
  ],
  "curve2_times_length": 1004,
  "curve2_survivals": [
    0.6629098360655737,
    0.6629098360655737,
    0.6629098360655737,
    0.6629098360655737,
    0.6629098360655737,
    0.6629098360655737,
    0.6629098360655737,
    0.6629098360655737,
    0.6629098360655737,
    0.6629098360655737
  ],
  "curve2_survivals_length": 1004,
  "confidence": 0.75,
  "orientation_method": "derived_hr_fallback",
  "text_hr": 1.476,
  "n_curves_found": 10,
  "n_pages_scanned": 8,
  "processing_time_s": 142.6,
  "warnings": [
    "Used derived HR from event rates (curve extraction failed: 1.342 vs derived 1.476)"
  ],
  "text_hr_context": "[DERIVED from 73.8% vs 81.4%] 7.6% (95 CI: -20.1; 4.9) 365d event-free survival vHPSD 73.8% vs. CBA 81.4% 70W/ 7s Favours CBA Favours v",
  "pair_description": "blue(p5) vs blue_2(p5)",
  "pair_rank": 10,
  "pair_quality_score": 140.0,
  "pair_orientation": "inverse",
  "certification_status": "UNCERTIFIED",
  "verification_level": "consistent",
  "verification_checks_passed": [
    "RANGE_PLAUSIBLE",
    "CI_ORDERED",
    "CI_CONTAINS_POINT",
    "LOG_SYMMETRY",
    "TEXT_HR_CONSISTENCY"
  ],
  "verification_checks_failed": [],
  "verification_hash": "942f2b4e4b05391b",
  "pipeline_version": "1.4",
  "timestamp": "2026-02-23T20:54:40.984738+00:00"
}