{
  "pdf_path": "eus084.pdf",
  "pdf_name": "eus084.pdf",
  "hr": 1.232,
  "ci_lower": 0.913,
  "ci_upper": 1.664,
  "p_value": null,
  "hr_method": "closest_to_1",
  "ipd_arm1": {
    "arm_label": "treatment",
    "arm_index": 1,
    "n_patients": 100,
    "n_events": 90,
    "n_censored": 10,
    "n_records": 100
  },
  "ipd_arm2": {
    "arm_label": "control",
    "arm_index": 0,
    "n_patients": 94,
    "n_events": 83,
    "n_censored": 11,
    "n_records": 94
  },
  "total_ipd_records": 194,
  "curve1_times": [
    0.0,
    0.0,
    0.0,
    0.0,
    0.003242241778601204,
    0.0041685965724872626,
    0.004631773969430292,
    0.005094951366373321,
    0.00555812876331635,
    0.006021306160259379
  ],
  "curve1_times_length": 916,
  "curve1_survivals": [
    0.9349195241427571,
    0.8530440867739678,
    0.8523442967109867,
    0.7907627711686493,
    0.7907627711686493,
    0.3701889433170049,
    0.3701889433170049,
    0.3701889433170049,
    0.3701889433170049,
    0.3701889433170049
  ],
  "curve1_survivals_length": 916,
  "curve2_times": [
    0.0,
    0.0,
    0.0,
    0.0,
    0.0,
    0.0,
    0.0,
    0.0,
    0.0,
    0.0
  ],
  "curve2_times_length": 1569,
  "curve2_survivals": [
    0.8530440867739678,
    0.8530440867739678,
    0.8530440867739678,
    0.8530440867739678,
    0.8530440867739678,
    0.8530440867739678,
    0.8530440867739678,
    0.8530440867739678,
    0.8530440867739678,
    0.8530440867739678
  ],
  "curve2_survivals_length": 1569,
  "confidence": 0.68,
  "orientation_method": "closest_to_1",
  "text_hr": null,
  "n_curves_found": 14,
  "n_pages_scanned": 9,
  "processing_time_s": 61.95,
  "warnings": [
    "No text HR found; orientation resolved by closest-to-1.0 prior (less reliable for extreme HRs)"
  ],
  "text_hr_context": "",
  "pair_description": "black(p5) vs black_2(p5)",
  "pair_rank": 4,
  "pair_quality_score": 158.0,
  "pair_orientation": "inverse",
  "certification_status": "UNCERTIFIED",
  "verification_level": "consistent",
  "verification_checks_passed": [
    "RANGE_PLAUSIBLE",
    "CI_ORDERED",
    "CI_CONTAINS_POINT",
    "LOG_SYMMETRY"
  ],
  "verification_checks_failed": [],
  "verification_hash": "085512e763c132d5",
  "pipeline_version": "1.4",
  "timestamp": "2026-02-23T20:56:04.716084+00:00"
}