{
  "pdf_path": "eut104.pdf",
  "pdf_name": "eut104.pdf",
  "hr": 1.001,
  "ci_lower": 0.554,
  "ci_upper": 1.808,
  "p_value": null,
  "hr_method": "closest_to_1",
  "ipd_arm1": {
    "arm_label": "treatment",
    "arm_index": 1,
    "n_patients": 33,
    "n_events": 21,
    "n_censored": 12,
    "n_records": 33
  },
  "ipd_arm2": {
    "arm_label": "control",
    "arm_index": 0,
    "n_patients": 33,
    "n_events": 23,
    "n_censored": 10,
    "n_records": 33
  },
  "total_ipd_records": 66,
  "curve1_times": [
    0.5,
    0.5016501650165016,
    0.5033003300330033,
    0.504950495049505,
    0.5066006600660066,
    0.5082508250825083,
    0.5099009900990099,
    0.5115511551155115,
    0.5132013201320133,
    0.5148514851485149
  ],
  "curve1_times_length": 53,
  "curve1_survivals": [
    0.9501246882793017,
    0.9501246882793017,
    0.9476309226932669,
    0.9476309226932669,
    0.9476309226932669,
    0.9476309226932669,
    0.9476309226932669,
    0.9476309226932669,
    0.9476309226932669,
    0.9476309226932669
  ],
  "curve1_survivals_length": 53,
  "curve2_times": [
    0.5165016501650165,
    0.5181518151815182,
    0.5198019801980198,
    0.5214521452145214,
    0.7706270627062707,
    0.7722772277227723,
    0.7739273927392739,
    0.8927392739273927,
    0.8943894389438944,
    0.8960396039603961
  ],
  "curve2_times_length": 10,
  "curve2_survivals": [
    0.9576059850374065,
    0.9576059850374065,
    0.9576059850374065,
    0.9576059850374065,
    0.7980049875311721,
    0.7980049875311721,
    0.7980049875311721,
    0.7256857855361596,
    0.7256857855361596,
    0.7256857855361596
  ],
  "curve2_survivals_length": 10,
  "confidence": 0.73,
  "orientation_method": "closest_to_1",
  "text_hr": null,
  "n_curves_found": 16,
  "n_pages_scanned": 7,
  "processing_time_s": 57.37,
  "warnings": [
    "No text HR found; orientation resolved by closest-to-1.0 prior (less reliable for extreme HRs)"
  ],
  "text_hr_context": "",
  "pair_description": "orange(p6) vs yellow(p6)",
  "pair_rank": 2,
  "pair_quality_score": 180.0,
  "pair_orientation": "forward",
  "certification_status": "UNCERTIFIED",
  "verification_level": "consistent",
  "verification_checks_passed": [
    "RANGE_PLAUSIBLE",
    "CI_ORDERED",
    "CI_CONTAINS_POINT",
    "LOG_SYMMETRY"
  ],
  "verification_checks_failed": [],
  "verification_hash": "6f4b010857fbb95e",
  "pipeline_version": "1.4",
  "timestamp": "2026-02-23T20:57:36.247290+00:00"
}