{
  "pdf_path": "eut398.pdf",
  "pdf_name": "eut398.pdf",
  "hr": 0.721,
  "ci_lower": null,
  "ci_upper": null,
  "p_value": null,
  "hr_method": "derived_hr_fallback",
  "ipd_arm1": {
    "arm_label": "treatment",
    "arm_index": 1,
    "n_patients": 86,
    "n_events": 75,
    "n_censored": 11,
    "n_records": 86
  },
  "ipd_arm2": {
    "arm_label": "control",
    "arm_index": 0,
    "n_patients": 86,
    "n_events": 76,
    "n_censored": 10,
    "n_records": 86
  },
  "total_ipd_records": 172,
  "curve1_times": [
    0.002315886984715146,
    0.002779064381658175,
    0.003242241778601204,
    0.0041685965724872626,
    0.004631773969430292,
    0.005094951366373321,
    0.00555812876331635,
    0.006021306160259379,
    0.006484483557202408,
    0.023622047244094488
  ],
  "curve1_times_length": 551,
  "curve1_survivals": [
    0.7747625508819539,
    0.7747625508819539,
    0.7747625508819539,
    0.23948439620081408,
    0.23948439620081408,
    0.23948439620081408,
    0.23948439620081408,
    0.23948439620081408,
    0.22930800542740837,
    0.22930800542740837
  ],
  "curve1_survivals_length": 551,
  "curve2_times": [
    0.002315886984715146,
    0.002779064381658175,
    0.003242241778601204,
    0.0037054191755442334,
    0.0041685965724872626,
    0.004631773969430292,
    0.005094951366373321,
    0.00555812876331635,
    0.006021306160259379,
    0.006484483557202408
  ],
  "curve2_times_length": 1289,
  "curve2_survivals": [
    0.7747625508819539,
    0.7747625508819539,
    0.7747625508819539,
    0.2225237449118046,
    0.2225237449118046,
    0.2225237449118046,
    0.2225237449118046,
    0.12550881953867032,
    0.12550881953867032,
    0.12550881953867032
  ],
  "curve2_survivals_length": 1289,
  "confidence": 0.75,
  "orientation_method": "derived_hr_fallback",
  "text_hr": 0.721,
  "n_curves_found": 11,
  "n_pages_scanned": 6,
  "processing_time_s": 77.25,
  "warnings": [
    "Used derived HR from event rates (curve extraction failed: 0.757 vs derived 0.721)"
  ],
  "text_hr_context": "[DERIVED from 65.0% vs 55.0%] s follow-up, single-procedure success without ADT was comparable between PVAC and CPVI (65% vs. 55%, P \u00bc NS). The majority of rec",
  "pair_description": "black(p3) vs black_2(p3)",
  "pair_rank": 4,
  "pair_quality_score": 158.0,
  "pair_orientation": "inverse",
  "certification_status": "UNCERTIFIED",
  "verification_level": "consistent",
  "verification_checks_passed": [
    "RANGE_PLAUSIBLE",
    "CI_ORDERED",
    "CI_CONTAINS_POINT",
    "LOG_SYMMETRY",
    "TEXT_HR_CONSISTENCY"
  ],
  "verification_checks_failed": [],
  "verification_hash": "145796599cf0ac06",
  "pipeline_version": "1.4",
  "timestamp": "2026-02-23T20:59:34.624097+00:00"
}