{
  "pdf_path": "NEJMoa1602014.pdf",
  "pdf_name": "NEJMoa1602014.pdf",
  "hr": 0.96,
  "ci_lower": 0.616,
  "ci_upper": 1.549,
  "p_value": null,
  "hr_method": "text_hr_snap",
  "ipd_arm1": {
    "arm_label": "treatment",
    "arm_index": 1,
    "n_patients": 100,
    "n_events": 90,
    "n_censored": 10,
    "n_records": 100
  },
  "ipd_arm2": {
    "arm_label": "control",
    "arm_index": 0,
    "n_patients": 41,
    "n_events": 29,
    "n_censored": 12,
    "n_records": 41
  },
  "total_ipd_records": 141,
  "curve1_times": [
    0.014256619144602852,
    0.016293279022403257,
    0.018329938900203666,
    0.020366598778004074,
    0.04684317718940937,
    0.048879837067209775,
    0.05091649694501019,
    0.05295315682281059,
    0.054989816700611,
    0.05702647657841141
  ],
  "curve1_times_length": 489,
  "curve1_survivals": [
    1.0,
    1.0,
    1.0,
    1.0,
    1.0,
    1.0,
    1.0,
    1.0,
    0.9929742388758782,
    0.9929742388758782
  ],
  "curve1_survivals_length": 489,
  "curve2_times": [
    0.4460285132382892,
    0.4480651731160896,
    0.45010183299389,
    0.45213849287169044,
    0.45417515274949083,
    0.45621181262729127,
    0.45824847250509165,
    0.46028513238289204,
    0.46435845213849286,
    0.4663951120162933
  ],
  "curve2_times_length": 42,
  "curve2_survivals": [
    0.4456233421750663,
    0.4456233421750663,
    0.4456233421750663,
    0.4456233421750663,
    0.4456233421750663,
    0.4403183023872679,
    0.4350132625994695,
    0.4350132625994695,
    0.43236074270557034,
    0.4297082228116711
  ],
  "curve2_survivals_length": 42,
  "confidence": 0.94,
  "orientation_method": "text_hr_snap",
  "text_hr": 0.96,
  "n_curves_found": 9,
  "n_pages_scanned": 11,
  "processing_time_s": 32.78,
  "warnings": [],
  "text_hr_context": "timates, 34.6% and 35.9%, respectively; hazard ratio, 0.96; 95% confidence interval [CI], 0.76 to 1.22; P<0.001 for noninferiority). The prima",
  "pair_description": "magenta_2(p2) vs green(p2)",
  "pair_rank": 9,
  "pair_quality_score": 138.0,
  "pair_orientation": "forward",
  "certification_status": "UNCERTIFIED",
  "verification_level": "consistent",
  "verification_checks_passed": [
    "RANGE_PLAUSIBLE",
    "CI_ORDERED",
    "CI_CONTAINS_POINT",
    "LOG_SYMMETRY",
    "TEXT_HR_CONSISTENCY"
  ],
  "verification_checks_failed": [],
  "verification_hash": "7f41222bcb803cb9",
  "pipeline_version": "1.4",
  "timestamp": "2026-02-23T21:02:37.982513+00:00"
}