{
  "pdf_path": "pak-et-al-cryoballoon-versus-high-power-short-duration-radiofrequency-ablation-for-pulmonary-vein-isolation-in-patients.pdf",
  "pdf_name": "pak-et-al-cryoballoon-versus-high-power-short-duration-radiofrequency-ablation-for-pulmonary-vein-isolation-in-patients.pdf",
  "hr": 0.987,
  "ci_lower": 0.733,
  "ci_upper": 1.329,
  "p_value": null,
  "hr_method": "derived_hr_match",
  "ipd_arm1": {
    "arm_label": "treatment",
    "arm_index": 1,
    "n_patients": 98,
    "n_events": 87,
    "n_censored": 11,
    "n_records": 98
  },
  "ipd_arm2": {
    "arm_label": "control",
    "arm_index": 0,
    "n_patients": 98,
    "n_events": 87,
    "n_censored": 11,
    "n_records": 98
  },
  "total_ipd_records": 196,
  "curve1_times": [
    0.0,
    0.0,
    0.0,
    0.0,
    0.0,
    0.0,
    0.0,
    0.0,
    0.0,
    0.0
  ],
  "curve1_times_length": 664,
  "curve1_survivals": [
    0.9437706725468578,
    0.9437706725468578,
    0.08213891951488428,
    0.08213891951488428,
    0.08213891951488428,
    0.08213891951488428,
    0.08213891951488428,
    0.08213891951488428,
    0.08213891951488428,
    0.08213891951488428
  ],
  "curve1_survivals_length": 664,
  "curve2_times": [
    0.0,
    0.0,
    0.0,
    0.0,
    0.0,
    0.0,
    0.0,
    0.0,
    0.0,
    0.0
  ],
  "curve2_times_length": 317,
  "curve2_survivals": [
    0.9448732083792724,
    0.9448732083792724,
    0.9448732083792724,
    0.9443219404630651,
    0.9443219404630651,
    0.9443219404630651,
    0.9437706725468578,
    0.06945975744211685,
    0.06945975744211685,
    0.06945975744211685
  ],
  "curve2_survivals_length": 317,
  "confidence": 0.9,
  "orientation_method": "derived_hr_match",
  "text_hr": 0.954,
  "n_curves_found": 20,
  "n_pages_scanned": 11,
  "processing_time_s": 95.18,
  "warnings": [],
  "text_hr_context": "[DERIVED from 81.7% vs 80.9%] follow-up, neither the early recurrence rate within 3 months of the AFCA (18.3% versus 19.1%; P=0.855) nor the clinical re",
  "pair_description": "blue(p5) vs blue_2(p5)",
  "pair_rank": 8,
  "pair_quality_score": 180.0,
  "pair_orientation": "forward",
  "certification_status": "UNCERTIFIED",
  "verification_level": "consistent",
  "verification_checks_passed": [
    "RANGE_PLAUSIBLE",
    "CI_ORDERED",
    "CI_CONTAINS_POINT",
    "LOG_SYMMETRY",
    "TEXT_HR_CONSISTENCY"
  ],
  "verification_checks_failed": [],
  "verification_hash": "25a58354d8ff9e4b",
  "pipeline_version": "1.4",
  "timestamp": "2026-02-23T21:06:49.623610+00:00"
}