{
  "pdf_path": "qgaf049.pdf",
  "pdf_name": "qgaf049.pdf",
  "hr": 1.004,
  "ci_lower": 0.688,
  "ci_upper": 1.465,
  "p_value": null,
  "hr_method": "closest_to_1",
  "ipd_arm1": {
    "arm_label": "treatment",
    "arm_index": 1,
    "n_patients": 69,
    "n_events": 58,
    "n_censored": 11,
    "n_records": 69
  },
  "ipd_arm2": {
    "arm_label": "control",
    "arm_index": 0,
    "n_patients": 85,
    "n_events": 71,
    "n_censored": 14,
    "n_records": 85
  },
  "total_ipd_records": 154,
  "curve1_times": [
    0.0,
    0.0,
    0.0,
    0.0,
    0.0,
    0.0,
    0.0,
    0.0,
    0.0,
    0.0
  ],
  "curve1_times_length": 97,
  "curve1_survivals": [
    0.9060205580029369,
    0.9060205580029369,
    0.9060205580029369,
    0.9060205580029369,
    0.9060205580029369,
    0.9060205580029369,
    0.9060205580029369,
    0.9060205580029369,
    0.9060205580029369,
    0.9060205580029369
  ],
  "curve1_survivals_length": 97,
  "curve2_times": [
    0.0,
    0.0,
    0.0,
    0.18156553960166744,
    0.18202871699861048,
    0.1824918943955535,
    0.18295507179249654,
    0.18341824918943955,
    0.1838814265863826,
    0.1843446039833256
  ],
  "curve2_times_length": 348,
  "curve2_survivals": [
    1.0,
    1.0,
    1.0,
    0.5005165289256198,
    0.4974173553719008,
    0.4953512396694215,
    0.4953512396694215,
    0.4953512396694215,
    0.4953512396694215,
    0.4953512396694215
  ],
  "curve2_survivals_length": 348,
  "confidence": 0.68,
  "orientation_method": "closest_to_1",
  "text_hr": null,
  "n_curves_found": 25,
  "n_pages_scanned": 12,
  "processing_time_s": 99.89,
  "warnings": [
    "No text HR found; orientation resolved by closest-to-1.0 prior (less reliable for extreme HRs)"
  ],
  "text_hr_context": "",
  "pair_description": "blue(p0) vs black(p6)",
  "pair_rank": 10,
  "pair_quality_score": 140.0,
  "pair_orientation": "inverse",
  "certification_status": "UNCERTIFIED",
  "verification_level": "consistent",
  "verification_checks_passed": [
    "RANGE_PLAUSIBLE",
    "CI_ORDERED",
    "CI_CONTAINS_POINT",
    "LOG_SYMMETRY"
  ],
  "verification_checks_failed": [],
  "verification_hash": "010c45b16b2c40ba",
  "pipeline_version": "1.4",
  "timestamp": "2026-02-23T21:08:50.693734+00:00"
}