{
  "pdf_path": "reddy-et-al-pulsed-field-vs-conventional-thermal-ablation-for-paroxysmal-atrial-fibrillation.pdf",
  "pdf_name": "reddy-et-al-pulsed-field-vs-conventional-thermal-ablation-for-paroxysmal-atrial-fibrillation.pdf",
  "hr": 0.918,
  "ci_lower": null,
  "ci_upper": null,
  "p_value": null,
  "hr_method": "derived_hr_fallback",
  "ipd_arm1": {
    "arm_label": "treatment",
    "arm_index": 1,
    "n_patients": 98,
    "n_events": 87,
    "n_censored": 11,
    "n_records": 98
  },
  "ipd_arm2": {
    "arm_label": "control",
    "arm_index": 0,
    "n_patients": 99,
    "n_events": 88,
    "n_censored": 11,
    "n_records": 99
  },
  "total_ipd_records": 197,
  "curve1_times": [
    0.015804597701149427,
    0.016283524904214558,
    0.016762452107279693,
    0.017241379310344827,
    0.017720306513409962,
    0.018199233716475097,
    0.01867816091954023,
    0.019157088122605363,
    0.019636015325670497,
    0.020114942528735632
  ],
  "curve1_times_length": 285,
  "curve1_survivals": [
    0.9562015503875969,
    0.9562015503875969,
    0.9562015503875969,
    0.9562015503875969,
    0.9562015503875969,
    0.9562015503875969,
    0.9562015503875969,
    0.9562015503875969,
    0.9562015503875969,
    0.9562015503875969
  ],
  "curve1_survivals_length": 285,
  "curve2_times": [
    0.30603448275862066,
    0.3065134099616858,
    0.30699233716475094,
    0.3074712643678161,
    0.3079501915708812,
    0.30842911877394635,
    0.3089080459770115,
    0.30938697318007663,
    0.30986590038314177,
    0.3103448275862069
  ],
  "curve2_times_length": 614,
  "curve2_survivals": [
    0.9047923322683706,
    0.9047923322683706,
    0.9047923322683706,
    0.9047923322683706,
    0.9047923322683706,
    0.7750798722044728,
    0.7750798722044728,
    0.7750798722044728,
    0.7750798722044728,
    0.7750798722044728
  ],
  "curve2_survivals_length": 614,
  "confidence": 0.75,
  "orientation_method": "derived_hr_fallback",
  "text_hr": 0.918,
  "n_curves_found": 11,
  "n_pages_scanned": 12,
  "processing_time_s": 94.1,
  "warnings": [
    "Used derived HR from event rates (curve extraction failed: 0.974 vs derived 0.918)"
  ],
  "text_hr_context": "[DERIVED from 73.3% vs 71.3%] usly reported for ADVENT, the primary endpoint of treatment success, which incorporated the \u201ctraditional\u201d dichotomous endpoint of 30-second AA recurrence, was 73.3% with pentaspline PFA and 71.3% with thermal ablation (betwee",
  "pair_description": "blue(p5) vs red(p6)",
  "pair_rank": 2,
  "pair_quality_score": 158.0,
  "pair_orientation": "inverse",
  "certification_status": "UNCERTIFIED",
  "verification_level": "consistent",
  "verification_checks_passed": [
    "RANGE_PLAUSIBLE",
    "CI_ORDERED",
    "CI_CONTAINS_POINT",
    "LOG_SYMMETRY",
    "TEXT_HR_CONSISTENCY"
  ],
  "verification_checks_failed": [],
  "verification_hash": "c8f054faed1bf7b0",
  "pipeline_version": "1.4",
  "timestamp": "2026-02-23T21:10:41.704907+00:00"
}