{
  "pdf_path": "s12872-017-0566-6.pdf",
  "pdf_name": "s12872-017-0566-6.pdf",
  "hr": 1.056,
  "ci_lower": null,
  "ci_upper": null,
  "p_value": null,
  "hr_method": "derived_hr_fallback",
  "ipd_arm1": {
    "arm_label": "treatment",
    "arm_index": 1,
    "n_patients": 100,
    "n_events": 91,
    "n_censored": 9,
    "n_records": 100
  },
  "ipd_arm2": {
    "arm_label": "control",
    "arm_index": 0,
    "n_patients": 100,
    "n_events": 95,
    "n_censored": 5,
    "n_records": 100
  },
  "total_ipd_records": 200,
  "curve1_times": [
    0.018139714395986106,
    0.018525665766113468,
    0.018911617136240833,
    0.0192975685063682,
    0.01968351987649556,
    0.020069471246622925,
    0.02045542261675029,
    0.020841373986877652,
    0.021227325357005018,
    0.021613276727132383
  ],
  "curve1_times_length": 2330,
  "curve1_survivals": [
    0.9972004479283315,
    0.996080627099664,
    0.9602463605823068,
    0.896976483762598,
    0.868421052631579,
    0.868421052631579,
    0.868421052631579,
    0.8264277715565509,
    0.8258678611422172,
    0.8258678611422172
  ],
  "curve1_survivals_length": 2330,
  "curve2_times": [
    0.2977346278317152,
    0.29854368932038833,
    0.2993527508090615,
    0.3284789644012945,
    0.32928802588996764,
    0.3300970873786408,
    0.33414239482200647,
    0.33495145631067963,
    0.33576051779935273,
    0.3551779935275081
  ],
  "curve2_times_length": 120,
  "curve2_survivals": [
    1.0,
    1.0,
    1.0,
    0.9866220735785953,
    0.9866220735785953,
    0.9866220735785953,
    0.9866220735785953,
    0.9866220735785953,
    0.9866220735785953,
    0.8561872909698997
  ],
  "curve2_survivals_length": 120,
  "confidence": 0.75,
  "orientation_method": "derived_hr_fallback",
  "text_hr": 1.056,
  "n_curves_found": 3,
  "n_pages_scanned": 8,
  "processing_time_s": 77.64,
  "warnings": [
    "Text HR match weak: extracted 4.342 vs text 1.056 (log-err=1.414)",
    "Used derived HR from event rates (curve extraction failed: 4.342 vs derived 1.056)"
  ],
  "text_hr_context": "[DERIVED from 40.0% vs 42.0%] ere similar. Single-procedure success was achieved by 40% of patients in the RF group and 42% of the CB group (p < 0.001 fo",
  "pair_description": "black(p2) vs black(p3)",
  "pair_rank": 3,
  "pair_quality_score": 168.0,
  "pair_orientation": "inverse",
  "certification_status": "UNCERTIFIED",
  "verification_level": "consistent",
  "verification_checks_passed": [
    "RANGE_PLAUSIBLE",
    "CI_ORDERED",
    "CI_CONTAINS_POINT",
    "LOG_SYMMETRY",
    "TEXT_HR_CONSISTENCY"
  ],
  "verification_checks_failed": [],
  "verification_hash": "c73f158ed5e3f3da",
  "pipeline_version": "1.4",
  "timestamp": "2026-02-23T21:12:14.599800+00:00"
}