{
  "pdf_path": "Supplemental Figures.pdf",
  "pdf_name": "Supplemental Figures.pdf",
  "hr": 1.0,
  "ci_lower": 0.323,
  "ci_upper": 3.101,
  "p_value": null,
  "hr_method": "closest_to_1",
  "ipd_arm1": {
    "arm_label": "treatment",
    "arm_index": 1,
    "n_patients": 62,
    "n_events": 51,
    "n_censored": 11,
    "n_records": 62
  },
  "ipd_arm2": {
    "arm_label": "control",
    "arm_index": 0,
    "n_patients": 57,
    "n_events": 47,
    "n_censored": 10,
    "n_records": 57
  },
  "total_ipd_records": 119,
  "curve1_times": [
    0.8237547892720306,
    0.8247126436781609,
    0.8256704980842912,
    0.8266283524904214,
    0.8275862068965517,
    0.828544061302682,
    0.8295019157088123,
    0.8333333333333334,
    0.8342911877394636,
    0.8352490421455939
  ],
  "curve1_times_length": 133,
  "curve1_survivals": [
    0.5319396051103369,
    0.5121951219512195,
    0.5121951219512195,
    0.5121951219512195,
    0.5121951219512195,
    0.5121951219512195,
    0.505226480836237,
    0.505226480836237,
    0.505226480836237,
    0.505226480836237
  ],
  "curve1_survivals_length": 133,
  "curve2_times": [
    0.8237547892720306,
    0.8247126436781609,
    0.8256704980842912,
    0.8266283524904214,
    0.8275862068965517,
    0.828544061302682,
    0.8496168582375478,
    0.8505747126436781,
    0.8515325670498084,
    0.8524904214559387
  ],
  "curve2_times_length": 76,
  "curve2_survivals": [
    0.4889663182346109,
    0.4889663182346109,
    0.4889663182346109,
    0.4889663182346109,
    0.4889663182346109,
    0.4889663182346109,
    0.40418118466898956,
    0.40418118466898956,
    0.40418118466898956,
    0.40418118466898956
  ],
  "curve2_survivals_length": 76,
  "confidence": 0.64,
  "orientation_method": "closest_to_1",
  "text_hr": null,
  "n_curves_found": 17,
  "n_pages_scanned": 12,
  "processing_time_s": 208.26,
  "warnings": [
    "No text HR found; orientation resolved by closest-to-1.0 prior (less reliable for extreme HRs)"
  ],
  "text_hr_context": "",
  "pair_description": "blue(p2) vs blue_2(p2)",
  "pair_rank": 15,
  "pair_quality_score": 116.0,
  "pair_orientation": "forward",
  "certification_status": "UNCERTIFIED",
  "verification_level": "consistent",
  "verification_checks_passed": [
    "RANGE_PLAUSIBLE",
    "CI_ORDERED",
    "CI_CONTAINS_POINT",
    "LOG_SYMMETRY"
  ],
  "verification_checks_failed": [],
  "verification_hash": "6aaad3cb14e07065",
  "pipeline_version": "1.4",
  "timestamp": "2026-02-23T21:17:40.676479+00:00"
}