{
  "pdf_path": "Supplemental Tables 4 and 5.pdf",
  "pdf_name": "Supplemental Tables 4 and 5.pdf",
  "hr": 0.972,
  "ci_lower": 0.686,
  "ci_upper": 1.378,
  "p_value": null,
  "hr_method": "closest_to_1",
  "ipd_arm1": {
    "arm_label": "treatment",
    "arm_index": 1,
    "n_patients": 80,
    "n_events": 70,
    "n_censored": 10,
    "n_records": 80
  },
  "ipd_arm2": {
    "arm_label": "control",
    "arm_index": 0,
    "n_patients": 93,
    "n_events": 81,
    "n_censored": 12,
    "n_records": 93
  },
  "total_ipd_records": 173,
  "curve1_times": [
    0.2844364937388193,
    0.28622540250447226,
    0.32021466905187834,
    0.3220035778175313,
    0.32379248658318427,
    0.32558139534883723,
    0.32737030411449014,
    0.3291592128801431,
    0.3416815742397138,
    0.3434704830053667
  ],
  "curve1_times_length": 102,
  "curve1_survivals": [
    0.7165991902834008,
    0.7165991902834008,
    0.7165991902834008,
    0.7165991902834008,
    0.7165991902834008,
    0.7165991902834008,
    0.6275303643724697,
    0.6261808367071525,
    0.6261808367071525,
    0.6261808367071525
  ],
  "curve1_survivals_length": 102,
  "curve2_times": [
    0.0,
    0.0,
    0.0,
    0.0,
    0.0,
    0.0,
    0.0,
    0.0,
    0.0,
    0.0
  ],
  "curve2_times_length": 377,
  "curve2_survivals": [
    0.8475033738191633,
    0.5182186234817814,
    0.5155195681511471,
    0.5155195681511471,
    0.2887989203778677,
    0.2887989203778677,
    0.2887989203778677,
    0.2887989203778677,
    0.2887989203778677,
    0.04993252361673417
  ],
  "curve2_survivals_length": 377,
  "confidence": 0.6,
  "orientation_method": "closest_to_1",
  "text_hr": null,
  "n_curves_found": 7,
  "n_pages_scanned": 3,
  "processing_time_s": 27.96,
  "warnings": [
    "No text HR found; orientation resolved by closest-to-1.0 prior (less reliable for extreme HRs)"
  ],
  "text_hr_context": "",
  "pair_description": "black(p0) vs black_2(p0)",
  "pair_rank": 15,
  "pair_quality_score": 86.0,
  "pair_orientation": "forward",
  "certification_status": "UNCERTIFIED",
  "verification_level": "consistent",
  "verification_checks_passed": [
    "RANGE_PLAUSIBLE",
    "CI_ORDERED",
    "CI_CONTAINS_POINT",
    "LOG_SYMMETRY"
  ],
  "verification_checks_failed": [],
  "verification_hash": "2c4440c190dd603e",
  "pipeline_version": "1.4",
  "timestamp": "2026-02-23T21:21:56.885043+00:00"
}