{
  "pdf_path": "Supplemental Table 6.pdf",
  "pdf_name": "Supplemental Table 6.pdf",
  "hr": 0.878,
  "ci_lower": 0.648,
  "ci_upper": 1.189,
  "p_value": null,
  "hr_method": "closest_to_1",
  "ipd_arm1": {
    "arm_label": "treatment",
    "arm_index": 1,
    "n_patients": 97,
    "n_events": 84,
    "n_censored": 13,
    "n_records": 97
  },
  "ipd_arm2": {
    "arm_label": "control",
    "arm_index": 0,
    "n_patients": 98,
    "n_events": 85,
    "n_censored": 13,
    "n_records": 98
  },
  "total_ipd_records": 195,
  "curve1_times": [
    0.004258106780216181,
    0.004585653455617425,
    0.00491320013101867,
    0.0052407468064199145,
    0.0055682934818211596,
    0.005895840157222404,
    0.006223386832623649,
    0.006550933508024894,
    0.006878480183426138,
    0.007206026858827383
  ],
  "curve1_times_length": 2084,
  "curve1_survivals": [
    0.9168975069252078,
    0.9159741458910434,
    0.6980609418282548,
    0.6943674976915974,
    0.6131117266851338,
    0.6066481994459834,
    0.6048014773776547,
    0.6048014773776547,
    0.24561403508771928,
    0.17359187442289936
  ],
  "curve1_survivals_length": 2084,
  "curve2_times": [
    0.0,
    0.0,
    0.0,
    0.0,
    0.0,
    0.0,
    0.0,
    0.0,
    0.0,
    0.0
  ],
  "curve2_times_length": 2499,
  "curve2_survivals": [
    0.9069767441860466,
    0.9069767441860466,
    0.9069767441860466,
    0.9069767441860466,
    0.9069767441860466,
    0.9047619047619048,
    0.9036544850498339,
    0.902547065337763,
    0.902547065337763,
    0.9014396456256921
  ],
  "curve2_survivals_length": 2499,
  "confidence": 0.68,
  "orientation_method": "closest_to_1",
  "text_hr": null,
  "n_curves_found": 3,
  "n_pages_scanned": 2,
  "processing_time_s": 19.2,
  "warnings": [
    "No text HR found; orientation resolved by closest-to-1.0 prior (less reliable for extreme HRs)"
  ],
  "text_hr_context": "",
  "pair_description": "black(p0) vs black(p0)",
  "pair_rank": 2,
  "pair_quality_score": 151.0,
  "pair_orientation": "inverse",
  "certification_status": "UNCERTIFIED",
  "verification_level": "consistent",
  "verification_checks_passed": [
    "RANGE_PLAUSIBLE",
    "CI_ORDERED",
    "CI_CONTAINS_POINT",
    "LOG_SYMMETRY"
  ],
  "verification_checks_failed": [],
  "verification_hash": "4b160a5f0455c439",
  "pipeline_version": "1.4",
  "timestamp": "2026-02-23T21:20:21.034692+00:00"
}