{
  "pdf_path": "Supplemental Table 3.pdf",
  "pdf_name": "Supplemental Table 3.pdf",
  "hr": 0.597,
  "ci_lower": 0.428,
  "ci_upper": 0.833,
  "p_value": null,
  "hr_method": "closest_to_1",
  "ipd_arm1": {
    "arm_label": "treatment",
    "arm_index": 1,
    "n_patients": 91,
    "n_events": 79,
    "n_censored": 12,
    "n_records": 91
  },
  "ipd_arm2": {
    "arm_label": "control",
    "arm_index": 0,
    "n_patients": 87,
    "n_events": 76,
    "n_censored": 11,
    "n_records": 87
  },
  "total_ipd_records": 178,
  "curve1_times": [
    0.0,
    0.0,
    0.0,
    0.0,
    0.0,
    0.0,
    0.0,
    0.0,
    0.0,
    0.0
  ],
  "curve1_times_length": 1908,
  "curve1_survivals": [
    0.8213716108452951,
    0.8213716108452951,
    0.8213716108452951,
    0.8213716108452951,
    0.8213716108452951,
    0.8181818181818181,
    0.8165869218500797,
    0.8149920255183413,
    0.8149920255183413,
    0.8133971291866029
  ],
  "curve1_survivals_length": 1908,
  "curve2_times": [
    0.0,
    0.0,
    0.0,
    0.0,
    0.0,
    0.03830734966592428,
    0.03875278396436525,
    0.039198218262806235,
    0.04320712694877506,
    0.04365256124721604
  ],
  "curve2_times_length": 782,
  "curve2_survivals": [
    0.7894736842105263,
    0.7894736842105263,
    0.7894736842105263,
    0.7894736842105263,
    0.7894736842105263,
    0.4832535885167464,
    0.4832535885167464,
    0.4832535885167464,
    0.4832535885167464,
    0.4832535885167464
  ],
  "curve2_survivals_length": 782,
  "confidence": 0.73,
  "orientation_method": "closest_to_1",
  "text_hr": null,
  "n_curves_found": 2,
  "n_pages_scanned": 2,
  "processing_time_s": 21.68,
  "warnings": [
    "No text HR found; orientation resolved by closest-to-1.0 prior (less reliable for extreme HRs)"
  ],
  "text_hr_context": "",
  "pair_description": "black(p0) vs black_2(p0)",
  "pair_rank": 1,
  "pair_quality_score": 158.0,
  "pair_orientation": "forward",
  "certification_status": "UNCERTIFIED",
  "verification_level": "consistent",
  "verification_checks_passed": [
    "RANGE_PLAUSIBLE",
    "CI_ORDERED",
    "CI_CONTAINS_POINT",
    "LOG_SYMMETRY"
  ],
  "verification_checks_failed": [],
  "verification_hash": "e7bdfb9611d7eb71",
  "pipeline_version": "1.4",
  "timestamp": "2026-02-23T21:19:23.669491+00:00"
}